Year,Geography,Persons in low income,Value
2015,,,14.5
2016,,,12.9
2017,,,11.9
2018,,,11.2
2019,,,10.3
2020,,,6.4
2021,,,7.4
2015,Alberta,All persons,9.4
2016,Alberta,All persons,10.1
2017,Alberta,All persons,8.5
2018,Alberta,All persons,8.8
2019,Alberta,All persons,7.7
2020,Alberta,All persons,5.5
2021,Alberta,All persons,7.8
2015,Alberta,Females,9.9
2016,Alberta,Females,10.5
2017,Alberta,Females,9.3
2018,Alberta,Females,8.7
2019,Alberta,Females,7.7
2020,Alberta,Females,5.5
2021,Alberta,Females,8.1
2015,Alberta,"Females, 18 to 64 years",9.5
2016,Alberta,"Females, 18 to 64 years",11.6
2017,Alberta,"Females, 18 to 64 years",10.8
2018,Alberta,"Females, 18 to 64 years",9.9
2019,Alberta,"Females, 18 to 64 years",9.1
2020,Alberta,"Females, 18 to 64 years",6.5
2021,Alberta,"Females, 18 to 64 years",8.6
2015,Alberta,"Females, 65 years and over",3.2
2016,Alberta,"Females, 65 years and over",4.1
2017,Alberta,"Females, 65 years and over",3.0
2018,Alberta,"Females, 65 years and over",4.3
2019,Alberta,"Females, 65 years and over",2.7
2020,Alberta,"Females, 65 years and over",3.5
2021,Alberta,"Females, 65 years and over",6.3
2015,Alberta,"Females, under 18 years",15.0
2016,Alberta,"Females, under 18 years",10.8
2017,Alberta,"Females, under 18 years",8.4
2018,Alberta,"Females, under 18 years",8.1
2019,Alberta,"Females, under 18 years",6.7
2020,Alberta,"Females, under 18 years",4.2
2021,Alberta,"Females, under 18 years",8.1
2015,Alberta,Males,8.9
2016,Alberta,Males,9.8
2017,Alberta,Males,7.8
2018,Alberta,Males,8.9
2019,Alberta,Males,7.8
2020,Alberta,Males,5.5
2021,Alberta,Males,7.5
2015,Alberta,"Males, 18 to 64 years",9.6
2016,Alberta,"Males, 18 to 64 years",10.3
2017,Alberta,"Males, 18 to 64 years",8.8
2018,Alberta,"Males, 18 to 64 years",9.9
2019,Alberta,"Males, 18 to 64 years",8.6
2020,Alberta,"Males, 18 to 64 years",6.6
2021,Alberta,"Males, 18 to 64 years",8.1
2015,Alberta,"Males, 65 years and over",
2016,Alberta,"Males, 65 years and over",4.5
2017,Alberta,"Males, 65 years and over",2.7
2018,Alberta,"Males, 65 years and over",2.4
2019,Alberta,"Males, 65 years and over",4.5
2020,Alberta,"Males, 65 years and over",2.3
2021,Alberta,"Males, 65 years and over",5.5
2015,Alberta,"Males, under 18 years",9.8
2016,Alberta,"Males, under 18 years",10.8
2017,Alberta,"Males, under 18 years",7.2
2018,Alberta,"Males, under 18 years",9.4
2019,Alberta,"Males, under 18 years",7.1
2020,Alberta,"Males, under 18 years",4.3
2021,Alberta,"Males, under 18 years",6.9
2015,Alberta,Persons 18 to 64 years,9.5
2016,Alberta,Persons 18 to 64 years,10.9
2017,Alberta,Persons 18 to 64 years,9.8
2018,Alberta,Persons 18 to 64 years,9.9
2019,Alberta,Persons 18 to 64 years,8.9
2020,Alberta,Persons 18 to 64 years,6.5
2021,Alberta,Persons 18 to 64 years,8.3
2015,Alberta,Persons 65 years and over,3.1
2016,Alberta,Persons 65 years and over,4.3
2017,Alberta,Persons 65 years and over,2.9
2018,Alberta,Persons 65 years and over,3.4
2019,Alberta,Persons 65 years and over,3.5
2020,Alberta,Persons 65 years and over,2.9
2021,Alberta,Persons 65 years and over,5.9
2015,Alberta,Persons under 18 years,12.3
2016,Alberta,Persons under 18 years,10.8
2017,Alberta,Persons under 18 years,7.8
2018,Alberta,Persons under 18 years,8.8
2019,Alberta,Persons under 18 years,6.9
2020,Alberta,Persons under 18 years,4.2
2021,Alberta,Persons under 18 years,7.5
2015,Atlantic provinces,All persons,15.7
2016,Atlantic provinces,All persons,14.5
2017,Atlantic provinces,All persons,13.5
2018,Atlantic provinces,All persons,12.3
2019,Atlantic provinces,All persons,11.2
2020,Atlantic provinces,All persons,7.5
2021,Atlantic provinces,All persons,7.8
2015,Atlantic provinces,Females,16.3
2016,Atlantic provinces,Females,15.0
2017,Atlantic provinces,Females,14.6
2018,Atlantic provinces,Females,12.5
2019,Atlantic provinces,Females,12.4
2020,Atlantic provinces,Females,8.1
2021,Atlantic provinces,Females,8.8
2015,Atlantic provinces,"Females, 18 to 64 years",16.7
2016,Atlantic provinces,"Females, 18 to 64 years",16.3
2017,Atlantic provinces,"Females, 18 to 64 years",16.0
2018,Atlantic provinces,"Females, 18 to 64 years",13.7
2019,Atlantic provinces,"Females, 18 to 64 years",13.5
2020,Atlantic provinces,"Females, 18 to 64 years",9.5
2021,Atlantic provinces,"Females, 18 to 64 years",9.4
2015,Atlantic provinces,"Females, 65 years and over",12.4
2016,Atlantic provinces,"Females, 65 years and over",9.7
2017,Atlantic provinces,"Females, 65 years and over",8.3
2018,Atlantic provinces,"Females, 65 years and over",8.7
2019,Atlantic provinces,"Females, 65 years and over",8.8
2020,Atlantic provinces,"Females, 65 years and over",5.0
2021,Atlantic provinces,"Females, 65 years and over",7.6
2015,Atlantic provinces,"Females, under 18 years",19.3
2016,Atlantic provinces,"Females, under 18 years",16.4
2017,Atlantic provinces,"Females, under 18 years",17.5
2018,Atlantic provinces,"Females, under 18 years",12.9
2019,Atlantic provinces,"Females, under 18 years",13.2
2020,Atlantic provinces,"Females, under 18 years",7.3
2021,Atlantic provinces,"Females, under 18 years",8.3
2015,Atlantic provinces,Males,15.0
2016,Atlantic provinces,Males,14.0
2017,Atlantic provinces,Males,12.3
2018,Atlantic provinces,Males,12.1
2019,Atlantic provinces,Males,9.9
2020,Atlantic provinces,Males,6.9
2021,Atlantic provinces,Males,6.7
2015,Atlantic provinces,"Males, 18 to 64 years",15.8
2016,Atlantic provinces,"Males, 18 to 64 years",14.7
2017,Atlantic provinces,"Males, 18 to 64 years",13.4
2018,Atlantic provinces,"Males, 18 to 64 years",13.8
2019,Atlantic provinces,"Males, 18 to 64 years",10.9
2020,Atlantic provinces,"Males, 18 to 64 years",8.4
2021,Atlantic provinces,"Males, 18 to 64 years",7.3
2015,Atlantic provinces,"Males, 65 years and over",8.2
2016,Atlantic provinces,"Males, 65 years and over",7.4
2017,Atlantic provinces,"Males, 65 years and over",5.6
2018,Atlantic provinces,"Males, 65 years and over",5.2
2019,Atlantic provinces,"Males, 65 years and over",4.8
2020,Atlantic provinces,"Males, 65 years and over",3.8
2021,Atlantic provinces,"Males, 65 years and over",5.8
2015,Atlantic provinces,"Males, under 18 years",18.7
2016,Atlantic provinces,"Males, under 18 years",17.9
2017,Atlantic provinces,"Males, under 18 years",15.6
2018,Atlantic provinces,"Males, under 18 years",13.9
2019,Atlantic provinces,"Males, under 18 years",11.9
2020,Atlantic provinces,"Males, under 18 years",5.4
2021,Atlantic provinces,"Males, under 18 years",6.0
2015,Atlantic provinces,Persons 18 to 64 years,16.3
2016,Atlantic provinces,Persons 18 to 64 years,15.6
2017,Atlantic provinces,Persons 18 to 64 years,14.7
2018,Atlantic provinces,Persons 18 to 64 years,13.7
2019,Atlantic provinces,Persons 18 to 64 years,12.2
2020,Atlantic provinces,Persons 18 to 64 years,9.0
2021,Atlantic provinces,Persons 18 to 64 years,8.4
2015,Atlantic provinces,Persons 65 years and over,10.5
2016,Atlantic provinces,Persons 65 years and over,8.6
2017,Atlantic provinces,Persons 65 years and over,7.0
2018,Atlantic provinces,Persons 65 years and over,7.0
2019,Atlantic provinces,Persons 65 years and over,6.9
2020,Atlantic provinces,Persons 65 years and over,4.4
2021,Atlantic provinces,Persons 65 years and over,6.8
2015,Atlantic provinces,Persons under 18 years,19.0
2016,Atlantic provinces,Persons under 18 years,17.2
2017,Atlantic provinces,Persons under 18 years,16.5
2018,Atlantic provinces,Persons under 18 years,13.4
2019,Atlantic provinces,Persons under 18 years,12.6
2020,Atlantic provinces,Persons under 18 years,6.3
2021,Atlantic provinces,Persons under 18 years,7.1
2015,British Columbia,All persons,18.6
2016,British Columbia,All persons,16.0
2017,British Columbia,All persons,14.6
2018,British Columbia,All persons,13.3
2019,British Columbia,All persons,11.9
2020,British Columbia,All persons,7.6
2021,British Columbia,All persons,8.8
2015,British Columbia,Females,18.7
2016,British Columbia,Females,15.9
2017,British Columbia,Females,14.8
2018,British Columbia,Females,13.2
2019,British Columbia,Females,12.6
2020,British Columbia,Females,7.6
2021,British Columbia,Females,9.7
2015,British Columbia,"Females, 18 to 64 years",20.4
2016,British Columbia,"Females, 18 to 64 years",17.1
2017,British Columbia,"Females, 18 to 64 years",16.8
2018,British Columbia,"Females, 18 to 64 years",15.2
2019,British Columbia,"Females, 18 to 64 years",15.5
2020,British Columbia,"Females, 18 to 64 years",9.3
2021,British Columbia,"Females, 18 to 64 years",10.9
2015,British Columbia,"Females, 65 years and over",12.0
2016,British Columbia,"Females, 65 years and over",10.3
2017,British Columbia,"Females, 65 years and over",10.1
2018,British Columbia,"Females, 65 years and over",9.2
2019,British Columbia,"Females, 65 years and over",7.1
2020,British Columbia,"Females, 65 years and over",4.5
2021,British Columbia,"Females, 65 years and over",7.8
2015,British Columbia,"Females, under 18 years",18.8
2016,British Columbia,"Females, under 18 years",17.3
2017,British Columbia,"Females, under 18 years",12.0
2018,British Columbia,"Females, under 18 years",9.6
2019,British Columbia,"Females, under 18 years",7.6
2020,British Columbia,"Females, under 18 years",4.6
2021,British Columbia,"Females, under 18 years",7.5
2015,British Columbia,Males,18.5
2016,British Columbia,Males,16.1
2017,British Columbia,Males,14.5
2018,British Columbia,Males,13.4
2019,British Columbia,Males,11.3
2020,British Columbia,Males,7.6
2021,British Columbia,Males,7.7
2015,British Columbia,"Males, 18 to 64 years",21.2
2016,British Columbia,"Males, 18 to 64 years",17.8
2017,British Columbia,"Males, 18 to 64 years",15.8
2018,British Columbia,"Males, 18 to 64 years",15.2
2019,British Columbia,"Males, 18 to 64 years",14.0
2020,British Columbia,"Males, 18 to 64 years",9.6
2021,British Columbia,"Males, 18 to 64 years",8.1
2015,British Columbia,"Males, 65 years and over",11.3
2016,British Columbia,"Males, 65 years and over",7.9
2017,British Columbia,"Males, 65 years and over",9.1
2018,British Columbia,"Males, 65 years and over",7.7
2019,British Columbia,"Males, 65 years and over",5.7
2020,British Columbia,"Males, 65 years and over",2.9
2021,British Columbia,"Males, 65 years and over",6.1
2015,British Columbia,"Males, under 18 years",14.9
2016,British Columbia,"Males, under 18 years",17.5
2017,British Columbia,"Males, under 18 years",14.8
2018,British Columbia,"Males, under 18 years",12.6
2019,British Columbia,"Males, under 18 years",7.0
2020,British Columbia,"Males, under 18 years",5.4
2021,British Columbia,"Males, under 18 years",8.3
2015,British Columbia,Persons 18 to 64 years,20.8
2016,British Columbia,Persons 18 to 64 years,17.4
2017,British Columbia,Persons 18 to 64 years,16.3
2018,British Columbia,Persons 18 to 64 years,15.2
2019,British Columbia,Persons 18 to 64 years,14.8
2020,British Columbia,Persons 18 to 64 years,9.5
2021,British Columbia,Persons 18 to 64 years,9.5
2015,British Columbia,Persons 65 years and over,11.7
2016,British Columbia,Persons 65 years and over,9.1
2017,British Columbia,Persons 65 years and over,9.7
2018,British Columbia,Persons 65 years and over,8.5
2019,British Columbia,Persons 65 years and over,6.4
2020,British Columbia,Persons 65 years and over,3.7
2021,British Columbia,Persons 65 years and over,7.0
2015,British Columbia,Persons under 18 years,16.8
2016,British Columbia,Persons under 18 years,17.4
2017,British Columbia,Persons under 18 years,13.4
2018,British Columbia,Persons under 18 years,11.1
2019,British Columbia,Persons under 18 years,7.3
2020,British Columbia,Persons under 18 years,5.0
2021,British Columbia,Persons under 18 years,7.9
2015,"Calgary, Alberta",All persons,11.5
2016,"Calgary, Alberta",All persons,11.1
2017,"Calgary, Alberta",All persons,8.0
2018,"Calgary, Alberta",All persons,11.3
2019,"Calgary, Alberta",All persons,5.2
2020,"Calgary, Alberta",All persons,6.8
2021,"Calgary, Alberta",All persons,8.0
2015,"Calgary, Alberta",Females,11.9
2016,"Calgary, Alberta",Females,11.9
2017,"Calgary, Alberta",Females,7.9
2018,"Calgary, Alberta",Females,10.5
2019,"Calgary, Alberta",Females,5.5
2020,"Calgary, Alberta",Females,6.7
2021,"Calgary, Alberta",Females,8.3
2015,"Calgary, Alberta","Females, 18 to 64 years",11.1
2016,"Calgary, Alberta","Females, 18 to 64 years",13.1
2017,"Calgary, Alberta","Females, 18 to 64 years",8.5
2018,"Calgary, Alberta","Females, 18 to 64 years",11.9
2019,"Calgary, Alberta","Females, 18 to 64 years",6.3
2020,"Calgary, Alberta","Females, 18 to 64 years",7.8
2021,"Calgary, Alberta","Females, 18 to 64 years",8.4
2015,"Calgary, Alberta","Females, 65 years and over",
2016,"Calgary, Alberta","Females, 65 years and over",
2017,"Calgary, Alberta","Females, 65 years and over",
2018,"Calgary, Alberta","Females, 65 years and over",
2019,"Calgary, Alberta","Females, 65 years and over",
2020,"Calgary, Alberta","Females, 65 years and over",
2021,"Calgary, Alberta","Females, 65 years and over",9.1
2015,"Calgary, Alberta","Females, under 18 years",19.0
2016,"Calgary, Alberta","Females, under 18 years",12.8
2017,"Calgary, Alberta","Females, under 18 years",9.4
2018,"Calgary, Alberta","Females, under 18 years",
2019,"Calgary, Alberta","Females, under 18 years",
2020,"Calgary, Alberta","Females, under 18 years",
2021,"Calgary, Alberta","Females, under 18 years",7.6
2015,"Calgary, Alberta",Males,11.2
2016,"Calgary, Alberta",Males,10.3
2017,"Calgary, Alberta",Males,8.1
2018,"Calgary, Alberta",Males,12.1
2019,"Calgary, Alberta",Males,5.0
2020,"Calgary, Alberta",Males,6.9
2021,"Calgary, Alberta",Males,7.7
2015,"Calgary, Alberta","Males, 18 to 64 years",11.9
2016,"Calgary, Alberta","Males, 18 to 64 years",10.8
2017,"Calgary, Alberta","Males, 18 to 64 years",9.5
2018,"Calgary, Alberta","Males, 18 to 64 years",13.3
2019,"Calgary, Alberta","Males, 18 to 64 years",5.5
2020,"Calgary, Alberta","Males, 18 to 64 years",7.9
2021,"Calgary, Alberta","Males, 18 to 64 years",7.3
2015,"Calgary, Alberta","Males, 65 years and over",
2016,"Calgary, Alberta","Males, 65 years and over",
2017,"Calgary, Alberta","Males, 65 years and over",
2018,"Calgary, Alberta","Males, 65 years and over",
2019,"Calgary, Alberta","Males, 65 years and over",
2020,"Calgary, Alberta","Males, 65 years and over",
2021,"Calgary, Alberta","Males, 65 years and over",
2015,"Calgary, Alberta","Males, under 18 years",
2016,"Calgary, Alberta","Males, under 18 years",10.8
2017,"Calgary, Alberta","Males, under 18 years",6.2
2018,"Calgary, Alberta","Males, under 18 years",13.6
2019,"Calgary, Alberta","Males, under 18 years",
2020,"Calgary, Alberta","Males, under 18 years",
2021,"Calgary, Alberta","Males, under 18 years",9.9
2015,"Calgary, Alberta",Persons 18 to 64 years,11.5
2016,"Calgary, Alberta",Persons 18 to 64 years,12.0
2017,"Calgary, Alberta",Persons 18 to 64 years,9.0
2018,"Calgary, Alberta",Persons 18 to 64 years,12.6
2019,"Calgary, Alberta",Persons 18 to 64 years,5.9
2020,"Calgary, Alberta",Persons 18 to 64 years,7.8
2021,"Calgary, Alberta",Persons 18 to 64 years,7.8
2015,"Calgary, Alberta",Persons 65 years and over,
2016,"Calgary, Alberta",Persons 65 years and over,
2017,"Calgary, Alberta",Persons 65 years and over,
2018,"Calgary, Alberta",Persons 65 years and over,
2019,"Calgary, Alberta",Persons 65 years and over,
2020,"Calgary, Alberta",Persons 65 years and over,
2021,"Calgary, Alberta",Persons 65 years and over,7.7
2015,"Calgary, Alberta",Persons under 18 years,15.4
2016,"Calgary, Alberta",Persons under 18 years,11.7
2017,"Calgary, Alberta",Persons under 18 years,8.0
2018,"Calgary, Alberta",Persons under 18 years,11.8
2019,"Calgary, Alberta",Persons under 18 years,
2020,"Calgary, Alberta",Persons under 18 years,
2021,"Calgary, Alberta",Persons under 18 years,8.7
2015,Canada,Females,14.8
2016,Canada,Females,13.4
2017,Canada,Females,12.1
2018,Canada,Females,11.1
2019,Canada,Females,10.7
2020,Canada,Females,6.4
2021,Canada,Females,7.7
2015,Canada,"Females, 18 to 64 years",16.0
2016,Canada,"Females, 18 to 64 years",14.5
2017,Canada,"Females, 18 to 64 years",13.7
2018,Canada,"Females, 18 to 64 years",12.7
2019,Canada,"Females, 18 to 64 years",12.3
2020,Canada,"Females, 18 to 64 years",7.8
2021,Canada,"Females, 18 to 64 years",8.5
2015,Canada,"Females, 65 years and over",8.0
2016,Canada,"Females, 65 years and over",7.6
2017,Canada,"Females, 65 years and over",6.7
2018,Canada,"Females, 65 years and over",6.6
2019,Canada,"Females, 65 years and over",6.3
2020,Canada,"Females, 65 years and over",3.5
2021,Canada,"Females, 65 years and over",6.1
2015,Canada,"Females, under 18 years",16.6
2016,Canada,"Females, under 18 years",14.9
2017,Canada,"Females, under 18 years",12.0
2018,Canada,"Females, under 18 years",9.9
2019,Canada,"Females, under 18 years",9.4
2020,Canada,"Females, under 18 years",4.7
2021,Canada,"Females, under 18 years",6.6
2015,Canada,Males,14.1
2016,Canada,Males,12.4
2017,Canada,Males,11.7
2018,Canada,Males,11.3
2019,Canada,Males,9.9
2020,Canada,Males,6.3
2021,Canada,Males,7.0
2015,Canada,"Males, 18 to 64 years",15.4
2016,Canada,"Males, 18 to 64 years",13.6
2017,Canada,"Males, 18 to 64 years",13.2
2018,Canada,"Males, 18 to 64 years",12.8
2019,Canada,"Males, 18 to 64 years",11.3
2020,Canada,"Males, 18 to 64 years",7.8
2021,Canada,"Males, 18 to 64 years",7.9
2015,Canada,"Males, 65 years and over",6.1
2016,Canada,"Males, 65 years and over",6.4
2017,Canada,"Males, 65 years and over",5.5
2018,Canada,"Males, 65 years and over",5.3
2019,Canada,"Males, 65 years and over",5.1
2020,Canada,"Males, 65 years and over",2.7
2021,Canada,"Males, 65 years and over",4.9
2015,Canada,"Males, under 18 years",15.9
2016,Canada,"Males, under 18 years",13.0
2017,Canada,"Males, under 18 years",11.5
2018,Canada,"Males, under 18 years",11.2
2019,Canada,"Males, under 18 years",9.4
2020,Canada,"Males, under 18 years",4.7
2021,Canada,"Males, under 18 years",6.1
2015,Canada,Persons 18 to 64 years,15.7
2016,Canada,Persons 18 to 64 years,14.0
2017,Canada,Persons 18 to 64 years,13.4
2018,Canada,Persons 18 to 64 years,12.8
2019,Canada,Persons 18 to 64 years,11.8
2020,Canada,Persons 18 to 64 years,7.8
2021,Canada,Persons 18 to 64 years,8.2
2015,Canada,Persons 65 years and over,7.1
2016,Canada,Persons 65 years and over,7.1
2017,Canada,Persons 65 years and over,6.1
2018,Canada,Persons 65 years and over,6.0
2019,Canada,Persons 65 years and over,5.7
2020,Canada,Persons 65 years and over,3.1
2021,Canada,Persons 65 years and over,5.6
2015,Canada,Persons under 18 years,16.3
2016,Canada,Persons under 18 years,13.9
2017,Canada,Persons under 18 years,11.7
2018,Canada,Persons under 18 years,10.6
2019,Canada,Persons under 18 years,9.4
2020,Canada,Persons under 18 years,4.7
2021,Canada,Persons under 18 years,6.4
2015,"Edmonton, Alberta",All persons,7.6
2016,"Edmonton, Alberta",All persons,8.5
2017,"Edmonton, Alberta",All persons,9.7
2018,"Edmonton, Alberta",All persons,7.2
2019,"Edmonton, Alberta",All persons,9.8
2020,"Edmonton, Alberta",All persons,5.2
2021,"Edmonton, Alberta",All persons,7.1
2015,"Edmonton, Alberta",Females,7.9
2016,"Edmonton, Alberta",Females,8.4
2017,"Edmonton, Alberta",Females,11.2
2018,"Edmonton, Alberta",Females,8.0
2019,"Edmonton, Alberta",Females,10.0
2020,"Edmonton, Alberta",Females,5.0
2021,"Edmonton, Alberta",Females,7.1
2015,"Edmonton, Alberta","Females, 18 to 64 years",7.0
2016,"Edmonton, Alberta","Females, 18 to 64 years",9.7
2017,"Edmonton, Alberta","Females, 18 to 64 years",13.1
2018,"Edmonton, Alberta","Females, 18 to 64 years",9.4
2019,"Edmonton, Alberta","Females, 18 to 64 years",11.4
2020,"Edmonton, Alberta","Females, 18 to 64 years",5.8
2021,"Edmonton, Alberta","Females, 18 to 64 years",7.1
2015,"Edmonton, Alberta","Females, 65 years and over",
2016,"Edmonton, Alberta","Females, 65 years and over",
2017,"Edmonton, Alberta","Females, 65 years and over",
2018,"Edmonton, Alberta","Females, 65 years and over",
2019,"Edmonton, Alberta","Females, 65 years and over",
2020,"Edmonton, Alberta","Females, 65 years and over",
2021,"Edmonton, Alberta","Females, 65 years and over",5.5
2015,"Edmonton, Alberta","Females, under 18 years",
2016,"Edmonton, Alberta","Females, under 18 years",
2017,"Edmonton, Alberta","Females, under 18 years",
2018,"Edmonton, Alberta","Females, under 18 years",6.6
2019,"Edmonton, Alberta","Females, under 18 years",
2020,"Edmonton, Alberta","Females, under 18 years",
2021,"Edmonton, Alberta","Females, under 18 years",
2015,"Edmonton, Alberta",Males,7.4
2016,"Edmonton, Alberta",Males,8.6
2017,"Edmonton, Alberta",Males,8.2
2018,"Edmonton, Alberta",Males,6.5
2019,"Edmonton, Alberta",Males,9.5
2020,"Edmonton, Alberta",Males,5.3
2021,"Edmonton, Alberta",Males,7.1
2015,"Edmonton, Alberta","Males, 18 to 64 years",8.2
2016,"Edmonton, Alberta","Males, 18 to 64 years",9.6
2017,"Edmonton, Alberta","Males, 18 to 64 years",9.0
2018,"Edmonton, Alberta","Males, 18 to 64 years",7.2
2019,"Edmonton, Alberta","Males, 18 to 64 years",10.3
2020,"Edmonton, Alberta","Males, 18 to 64 years",6.3
2021,"Edmonton, Alberta","Males, 18 to 64 years",7.9
2015,"Edmonton, Alberta","Males, 65 years and over",
2016,"Edmonton, Alberta","Males, 65 years and over",
2017,"Edmonton, Alberta","Males, 65 years and over",
2018,"Edmonton, Alberta","Males, 65 years and over",
2019,"Edmonton, Alberta","Males, 65 years and over",
2020,"Edmonton, Alberta","Males, 65 years and over",
2021,"Edmonton, Alberta","Males, 65 years and over",
2015,"Edmonton, Alberta","Males, under 18 years",
2016,"Edmonton, Alberta","Males, under 18 years",
2017,"Edmonton, Alberta","Males, under 18 years",
2018,"Edmonton, Alberta","Males, under 18 years",6.3
2019,"Edmonton, Alberta","Males, under 18 years",9.8
2020,"Edmonton, Alberta","Males, under 18 years",
2021,"Edmonton, Alberta","Males, under 18 years",
2015,"Edmonton, Alberta",Persons 18 to 64 years,7.6
2016,"Edmonton, Alberta",Persons 18 to 64 years,9.7
2017,"Edmonton, Alberta",Persons 18 to 64 years,11.1
2018,"Edmonton, Alberta",Persons 18 to 64 years,8.3
2019,"Edmonton, Alberta",Persons 18 to 64 years,10.8
2020,"Edmonton, Alberta",Persons 18 to 64 years,6.0
2021,"Edmonton, Alberta",Persons 18 to 64 years,7.5
2015,"Edmonton, Alberta",Persons 65 years and over,
2016,"Edmonton, Alberta",Persons 65 years and over,
2017,"Edmonton, Alberta",Persons 65 years and over,4.4
2018,"Edmonton, Alberta",Persons 65 years and over,
2019,"Edmonton, Alberta",Persons 65 years and over,
2020,"Edmonton, Alberta",Persons 65 years and over,4.1
2021,"Edmonton, Alberta",Persons 65 years and over,5.2
2015,"Edmonton, Alberta",Persons under 18 years,10.2
2016,"Edmonton, Alberta",Persons under 18 years,8.0
2017,"Edmonton, Alberta",Persons under 18 years,8.3
2018,"Edmonton, Alberta",Persons under 18 years,6.5
2019,"Edmonton, Alberta",Persons under 18 years,
2020,"Edmonton, Alberta",Persons under 18 years,3.2
2021,"Edmonton, Alberta",Persons under 18 years,
2015,Manitoba,All persons,14.1
2016,Manitoba,All persons,12.4
2017,Manitoba,All persons,11.2
2018,Manitoba,All persons,11.1
2019,Manitoba,All persons,11.5
2020,Manitoba,All persons,6.8
2021,Manitoba,All persons,8.8
2015,Manitoba,Females,13.7
2016,Manitoba,Females,12.2
2017,Manitoba,Females,11.5
2018,Manitoba,Females,11.1
2019,Manitoba,Females,11.0
2020,Manitoba,Females,6.5
2021,Manitoba,Females,9.1
2015,Manitoba,"Females, 18 to 64 years",14.5
2016,Manitoba,"Females, 18 to 64 years",13.3
2017,Manitoba,"Females, 18 to 64 years",12.2
2018,Manitoba,"Females, 18 to 64 years",11.8
2019,Manitoba,"Females, 18 to 64 years",12.0
2020,Manitoba,"Females, 18 to 64 years",7.9
2021,Manitoba,"Females, 18 to 64 years",9.2
2015,Manitoba,"Females, 65 years and over",7.6
2016,Manitoba,"Females, 65 years and over",5.7
2017,Manitoba,"Females, 65 years and over",6.0
2018,Manitoba,"Females, 65 years and over",6.8
2019,Manitoba,"Females, 65 years and over",5.9
2020,Manitoba,"Females, 65 years and over",3.0
2021,Manitoba,"Females, 65 years and over",7.0
2015,Manitoba,"Females, under 18 years",15.7
2016,Manitoba,"Females, under 18 years",14.2
2017,Manitoba,"Females, under 18 years",13.9
2018,Manitoba,"Females, under 18 years",12.3
2019,Manitoba,"Females, under 18 years",12.0
2020,Manitoba,"Females, under 18 years",5.2
2021,Manitoba,"Females, under 18 years",10.2
2015,Manitoba,Males,14.5
2016,Manitoba,Males,12.5
2017,Manitoba,Males,10.9
2018,Manitoba,Males,11.2
2019,Manitoba,Males,12.0
2020,Manitoba,Males,7.0
2021,Manitoba,Males,8.6
2015,Manitoba,"Males, 18 to 64 years",13.8
2016,Manitoba,"Males, 18 to 64 years",12.9
2017,Manitoba,"Males, 18 to 64 years",12.1
2018,Manitoba,"Males, 18 to 64 years",11.6
2019,Manitoba,"Males, 18 to 64 years",12.5
2020,Manitoba,"Males, 18 to 64 years",8.5
2021,Manitoba,"Males, 18 to 64 years",9.7
2015,Manitoba,"Males, 65 years and over",3.8
2016,Manitoba,"Males, 65 years and over",3.9
2017,Manitoba,"Males, 65 years and over",4.7
2018,Manitoba,"Males, 65 years and over",5.2
2019,Manitoba,"Males, 65 years and over",5.3
2020,Manitoba,"Males, 65 years and over",1.4
2021,Manitoba,"Males, 65 years and over",4.4
2015,Manitoba,"Males, under 18 years",22.8
2016,Manitoba,"Males, under 18 years",16.7
2017,Manitoba,"Males, under 18 years",11.7
2018,Manitoba,"Males, under 18 years",13.8
2019,Manitoba,"Males, under 18 years",14.8
2020,Manitoba,"Males, under 18 years",6.8
2021,Manitoba,"Males, under 18 years",8.8
2015,Manitoba,Persons 18 to 64 years,14.2
2016,Manitoba,Persons 18 to 64 years,13.1
2017,Manitoba,Persons 18 to 64 years,12.1
2018,Manitoba,Persons 18 to 64 years,11.7
2019,Manitoba,Persons 18 to 64 years,12.2
2020,Manitoba,Persons 18 to 64 years,8.2
2021,Manitoba,Persons 18 to 64 years,9.5
2015,Manitoba,Persons 65 years and over,5.9
2016,Manitoba,Persons 65 years and over,4.9
2017,Manitoba,Persons 65 years and over,5.4
2018,Manitoba,Persons 65 years and over,6.1
2019,Manitoba,Persons 65 years and over,5.6
2020,Manitoba,Persons 65 years and over,2.3
2021,Manitoba,Persons 65 years and over,5.8
2015,Manitoba,Persons under 18 years,19.3
2016,Manitoba,Persons under 18 years,15.5
2017,Manitoba,Persons under 18 years,12.8
2018,Manitoba,Persons under 18 years,13.1
2019,Manitoba,Persons under 18 years,13.5
2020,Manitoba,Persons under 18 years,6.0
2021,Manitoba,Persons under 18 years,9.5
2015,"Montreal, Quebec",All persons,17.2
2016,"Montreal, Quebec",All persons,13.2
2017,"Montreal, Quebec",All persons,14.1
2018,"Montreal, Quebec",All persons,11.3
2019,"Montreal, Quebec",All persons,10.4
2020,"Montreal, Quebec",All persons,5.4
2021,"Montreal, Quebec",All persons,5.7
2015,"Montreal, Quebec",Females,17.6
2016,"Montreal, Quebec",Females,12.9
2017,"Montreal, Quebec",Females,14.0
2018,"Montreal, Quebec",Females,11.7
2019,"Montreal, Quebec",Females,9.8
2020,"Montreal, Quebec",Females,6.0
2021,"Montreal, Quebec",Females,6.2
2015,"Montreal, Quebec","Females, 18 to 64 years",19.7
2016,"Montreal, Quebec","Females, 18 to 64 years",13.3
2017,"Montreal, Quebec","Females, 18 to 64 years",14.6
2018,"Montreal, Quebec","Females, 18 to 64 years",13.6
2019,"Montreal, Quebec","Females, 18 to 64 years",11.8
2020,"Montreal, Quebec","Females, 18 to 64 years",7.5
2021,"Montreal, Quebec","Females, 18 to 64 years",6.4
2015,"Montreal, Quebec","Females, 65 years and over",7.8
2016,"Montreal, Quebec","Females, 65 years and over",9.5
2017,"Montreal, Quebec","Females, 65 years and over",10.2
2018,"Montreal, Quebec","Females, 65 years and over",8.0
2019,"Montreal, Quebec","Females, 65 years and over",7.2
2020,"Montreal, Quebec","Females, 65 years and over",3.3
2021,"Montreal, Quebec","Females, 65 years and over",7.4
2015,"Montreal, Quebec","Females, under 18 years",18.4
2016,"Montreal, Quebec","Females, under 18 years",14.7
2017,"Montreal, Quebec","Females, under 18 years",15.2
2018,"Montreal, Quebec","Females, under 18 years",8.9
2019,"Montreal, Quebec","Females, under 18 years",5.8
2020,"Montreal, Quebec","Females, under 18 years",
2021,"Montreal, Quebec","Females, under 18 years",4.4
2015,"Montreal, Quebec",Males,16.8
2016,"Montreal, Quebec",Males,13.5
2017,"Montreal, Quebec",Males,14.2
2018,"Montreal, Quebec",Males,11.0
2019,"Montreal, Quebec",Males,11.0
2020,"Montreal, Quebec",Males,4.9
2021,"Montreal, Quebec",Males,5.1
2015,"Montreal, Quebec","Males, 18 to 64 years",18.1
2016,"Montreal, Quebec","Males, 18 to 64 years",14.5
2017,"Montreal, Quebec","Males, 18 to 64 years",15.4
2018,"Montreal, Quebec","Males, 18 to 64 years",12.7
2019,"Montreal, Quebec","Males, 18 to 64 years",12.7
2020,"Montreal, Quebec","Males, 18 to 64 years",6.2
2021,"Montreal, Quebec","Males, 18 to 64 years",5.9
2015,"Montreal, Quebec","Males, 65 years and over",
2016,"Montreal, Quebec","Males, 65 years and over",10.0
2017,"Montreal, Quebec","Males, 65 years and over",8.2
2018,"Montreal, Quebec","Males, 65 years and over",5.8
2019,"Montreal, Quebec","Males, 65 years and over",
2020,"Montreal, Quebec","Males, 65 years and over",
2021,"Montreal, Quebec","Males, 65 years and over",4.7
2015,"Montreal, Quebec","Males, under 18 years",20.4
2016,"Montreal, Quebec","Males, under 18 years",12.6
2017,"Montreal, Quebec","Males, under 18 years",14.3
2018,"Montreal, Quebec","Males, under 18 years",9.1
2019,"Montreal, Quebec","Males, under 18 years",8.8
2020,"Montreal, Quebec","Males, under 18 years",
2021,"Montreal, Quebec","Males, under 18 years",
2015,"Montreal, Quebec",Persons 18 to 64 years,18.9
2016,"Montreal, Quebec",Persons 18 to 64 years,13.9
2017,"Montreal, Quebec",Persons 18 to 64 years,15.0
2018,"Montreal, Quebec",Persons 18 to 64 years,13.2
2019,"Montreal, Quebec",Persons 18 to 64 years,12.3
2020,"Montreal, Quebec",Persons 18 to 64 years,6.8
2021,"Montreal, Quebec",Persons 18 to 64 years,6.1
2015,"Montreal, Quebec",Persons 65 years and over,7.2
2016,"Montreal, Quebec",Persons 65 years and over,9.7
2017,"Montreal, Quebec",Persons 65 years and over,9.3
2018,"Montreal, Quebec",Persons 65 years and over,7.0
2019,"Montreal, Quebec",Persons 65 years and over,6.8
2020,"Montreal, Quebec",Persons 65 years and over,2.9
2021,"Montreal, Quebec",Persons 65 years and over,6.1
2015,"Montreal, Quebec",Persons under 18 years,19.3
2016,"Montreal, Quebec",Persons under 18 years,13.6
2017,"Montreal, Quebec",Persons under 18 years,14.7
2018,"Montreal, Quebec",Persons under 18 years,9.0
2019,"Montreal, Quebec",Persons under 18 years,7.4
2020,"Montreal, Quebec",Persons under 18 years,
2021,"Montreal, Quebec",Persons under 18 years,3.8
2015,New Brunswick,All persons,16.2
2016,New Brunswick,All persons,13.9
2017,New Brunswick,All persons,12.6
2018,New Brunswick,All persons,10.8
2019,New Brunswick,All persons,9.9
2020,New Brunswick,All persons,7.6
2021,New Brunswick,All persons,6.7
2015,New Brunswick,Females,16.4
2016,New Brunswick,Females,15.2
2017,New Brunswick,Females,13.5
2018,New Brunswick,Females,11.1
2019,New Brunswick,Females,11.6
2020,New Brunswick,Females,8.0
2021,New Brunswick,Females,7.6
2015,New Brunswick,"Females, 18 to 64 years",16.8
2016,New Brunswick,"Females, 18 to 64 years",16.1
2017,New Brunswick,"Females, 18 to 64 years",14.7
2018,New Brunswick,"Females, 18 to 64 years",12.3
2019,New Brunswick,"Females, 18 to 64 years",11.5
2020,New Brunswick,"Females, 18 to 64 years",9.1
2021,New Brunswick,"Females, 18 to 64 years",7.6
2015,New Brunswick,"Females, 65 years and over",13.3
2016,New Brunswick,"Females, 65 years and over",12.3
2017,New Brunswick,"Females, 65 years and over",7.7
2018,New Brunswick,"Females, 65 years and over",6.6
2019,New Brunswick,"Females, 65 years and over",8.5
2020,New Brunswick,"Females, 65 years and over",6.3
2021,New Brunswick,"Females, 65 years and over",7.1
2015,New Brunswick,"Females, under 18 years",18.3
2016,New Brunswick,"Females, under 18 years",15.7
2017,New Brunswick,"Females, under 18 years",16.2
2018,New Brunswick,"Females, under 18 years",12.4
2019,New Brunswick,"Females, under 18 years",15.9
2020,New Brunswick,"Females, under 18 years",6.3
2021,New Brunswick,"Females, under 18 years",8.1
2015,New Brunswick,Males,16.0
2016,New Brunswick,Males,12.5
2017,New Brunswick,Males,11.7
2018,New Brunswick,Males,10.5
2019,New Brunswick,Males,8.1
2020,New Brunswick,Males,7.3
2021,New Brunswick,Males,5.8
2015,New Brunswick,"Males, 18 to 64 years",16.4
2016,New Brunswick,"Males, 18 to 64 years",12.6
2017,New Brunswick,"Males, 18 to 64 years",12.8
2018,New Brunswick,"Males, 18 to 64 years",12.0
2019,New Brunswick,"Males, 18 to 64 years",9.5
2020,New Brunswick,"Males, 18 to 64 years",8.8
2021,New Brunswick,"Males, 18 to 64 years",6.4
2015,New Brunswick,"Males, 65 years and over",8.9
2016,New Brunswick,"Males, 65 years and over",7.4
2017,New Brunswick,"Males, 65 years and over",5.4
2018,New Brunswick,"Males, 65 years and over",5.0
2019,New Brunswick,"Males, 65 years and over",3.4
2020,New Brunswick,"Males, 65 years and over",3.8
2021,New Brunswick,"Males, 65 years and over",3.9
2015,New Brunswick,"Males, under 18 years",21.5
2016,New Brunswick,"Males, under 18 years",17.1
2017,New Brunswick,"Males, under 18 years",14.7
2018,New Brunswick,"Males, under 18 years",11.4
2019,New Brunswick,"Males, under 18 years",8.8
2020,New Brunswick,"Males, under 18 years",6.0
2021,New Brunswick,"Males, under 18 years",6.3
2015,New Brunswick,Persons 18 to 64 years,16.6
2016,New Brunswick,Persons 18 to 64 years,14.3
2017,New Brunswick,Persons 18 to 64 years,13.8
2018,New Brunswick,Persons 18 to 64 years,12.2
2019,New Brunswick,Persons 18 to 64 years,10.5
2020,New Brunswick,Persons 18 to 64 years,9.0
2021,New Brunswick,Persons 18 to 64 years,7.0
2015,New Brunswick,Persons 65 years and over,11.2
2016,New Brunswick,Persons 65 years and over,10.0
2017,New Brunswick,Persons 65 years and over,6.6
2018,New Brunswick,Persons 65 years and over,5.9
2019,New Brunswick,Persons 65 years and over,6.1
2020,New Brunswick,Persons 65 years and over,5.1
2021,New Brunswick,Persons 65 years and over,5.6
2015,New Brunswick,Persons under 18 years,19.9
2016,New Brunswick,Persons under 18 years,16.4
2017,New Brunswick,Persons under 18 years,15.5
2018,New Brunswick,Persons under 18 years,11.9
2019,New Brunswick,Persons under 18 years,12.4
2020,New Brunswick,Persons under 18 years,6.1
2021,New Brunswick,Persons under 18 years,7.2
2015,Newfoundland and Labrador,All persons,13.0
2016,Newfoundland and Labrador,All persons,12.2
2017,Newfoundland and Labrador,All persons,11.3
2018,Newfoundland and Labrador,All persons,11.4
2019,Newfoundland and Labrador,All persons,11.2
2020,Newfoundland and Labrador,All persons,7.0
2021,Newfoundland and Labrador,All persons,8.1
2015,Newfoundland and Labrador,Females,14.5
2016,Newfoundland and Labrador,Females,13.4
2017,Newfoundland and Labrador,Females,12.6
2018,Newfoundland and Labrador,Females,11.1
2019,Newfoundland and Labrador,Females,12.1
2020,Newfoundland and Labrador,Females,7.4
2021,Newfoundland and Labrador,Females,9.4
2015,Newfoundland and Labrador,"Females, 18 to 64 years",15.2
2016,Newfoundland and Labrador,"Females, 18 to 64 years",15.1
2017,Newfoundland and Labrador,"Females, 18 to 64 years",14.2
2018,Newfoundland and Labrador,"Females, 18 to 64 years",12.6
2019,Newfoundland and Labrador,"Females, 18 to 64 years",13.0
2020,Newfoundland and Labrador,"Females, 18 to 64 years",8.4
2021,Newfoundland and Labrador,"Females, 18 to 64 years",10.4
2015,Newfoundland and Labrador,"Females, 65 years and over",10.4
2016,Newfoundland and Labrador,"Females, 65 years and over",8.6
2017,Newfoundland and Labrador,"Females, 65 years and over",8.3
2018,Newfoundland and Labrador,"Females, 65 years and over",5.9
2019,Newfoundland and Labrador,"Females, 65 years and over",7.5
2020,Newfoundland and Labrador,"Females, 65 years and over",3.7
2021,Newfoundland and Labrador,"Females, 65 years and over",4.6
2015,Newfoundland and Labrador,"Females, under 18 years",16.5
2016,Newfoundland and Labrador,"Females, under 18 years",12.4
2017,Newfoundland and Labrador,"Females, under 18 years",12.1
2018,Newfoundland and Labrador,"Females, under 18 years",12.0
2019,Newfoundland and Labrador,"Females, under 18 years",14.8
2020,Newfoundland and Labrador,"Females, under 18 years",9.1
2021,Newfoundland and Labrador,"Females, under 18 years",12.5
2015,Newfoundland and Labrador,Males,11.5
2016,Newfoundland and Labrador,Males,11.1
2017,Newfoundland and Labrador,Males,9.9
2018,Newfoundland and Labrador,Males,11.7
2019,Newfoundland and Labrador,Males,10.3
2020,Newfoundland and Labrador,Males,6.5
2021,Newfoundland and Labrador,Males,6.8
2015,Newfoundland and Labrador,"Males, 18 to 64 years",12.1
2016,Newfoundland and Labrador,"Males, 18 to 64 years",11.5
2017,Newfoundland and Labrador,"Males, 18 to 64 years",11.0
2018,Newfoundland and Labrador,"Males, 18 to 64 years",14.8
2019,Newfoundland and Labrador,"Males, 18 to 64 years",10.8
2020,Newfoundland and Labrador,"Males, 18 to 64 years",7.7
2021,Newfoundland and Labrador,"Males, 18 to 64 years",7.3
2015,Newfoundland and Labrador,"Males, 65 years and over",6.9
2016,Newfoundland and Labrador,"Males, 65 years and over",7.4
2017,Newfoundland and Labrador,"Males, 65 years and over",5.2
2018,Newfoundland and Labrador,"Males, 65 years and over",2.7
2019,Newfoundland and Labrador,"Males, 65 years and over",4.3
2020,Newfoundland and Labrador,"Males, 65 years and over",3.0
2021,Newfoundland and Labrador,"Males, 65 years and over",4.8
2015,Newfoundland and Labrador,"Males, under 18 years",14.1
2016,Newfoundland and Labrador,"Males, under 18 years",13.5
2017,Newfoundland and Labrador,"Males, under 18 years",11.0
2018,Newfoundland and Labrador,"Males, under 18 years",10.9
2019,Newfoundland and Labrador,"Males, under 18 years",15.8
2020,Newfoundland and Labrador,"Males, under 18 years",
2021,Newfoundland and Labrador,"Males, under 18 years",7.5
2015,Newfoundland and Labrador,Persons 18 to 64 years,13.7
2016,Newfoundland and Labrador,Persons 18 to 64 years,13.3
2017,Newfoundland and Labrador,Persons 18 to 64 years,12.6
2018,Newfoundland and Labrador,Persons 18 to 64 years,13.7
2019,Newfoundland and Labrador,Persons 18 to 64 years,11.9
2020,Newfoundland and Labrador,Persons 18 to 64 years,8.1
2021,Newfoundland and Labrador,Persons 18 to 64 years,8.9
2015,Newfoundland and Labrador,Persons 65 years and over,8.8
2016,Newfoundland and Labrador,Persons 65 years and over,8.0
2017,Newfoundland and Labrador,Persons 65 years and over,6.9
2018,Newfoundland and Labrador,Persons 65 years and over,4.4
2019,Newfoundland and Labrador,Persons 65 years and over,6.0
2020,Newfoundland and Labrador,Persons 65 years and over,3.4
2021,Newfoundland and Labrador,Persons 65 years and over,4.7
2015,Newfoundland and Labrador,Persons under 18 years,15.2
2016,Newfoundland and Labrador,Persons under 18 years,13.0
2017,Newfoundland and Labrador,Persons under 18 years,11.5
2018,Newfoundland and Labrador,Persons under 18 years,11.5
2019,Newfoundland and Labrador,Persons under 18 years,15.3
2020,Newfoundland and Labrador,Persons under 18 years,7.9
2021,Newfoundland and Labrador,Persons under 18 years,9.9
2015,Nova Scotia,All persons,16.8
2016,Nova Scotia,All persons,16.4
2017,Nova Scotia,All persons,15.1
2018,Nova Scotia,All persons,13.8
2019,Nova Scotia,All persons,12.0
2020,Nova Scotia,All persons,7.7
2021,Nova Scotia,All persons,8.6
2015,Nova Scotia,Females,17.3
2016,Nova Scotia,Females,15.6
2017,Nova Scotia,Females,16.6
2018,Nova Scotia,Females,14.2
2019,Nova Scotia,Females,13.2
2020,Nova Scotia,Females,8.8
2021,Nova Scotia,Females,9.6
2015,Nova Scotia,"Females, 18 to 64 years",17.7
2016,Nova Scotia,"Females, 18 to 64 years",17.4
2017,Nova Scotia,"Females, 18 to 64 years",17.8
2018,Nova Scotia,"Females, 18 to 64 years",15.3
2019,Nova Scotia,"Females, 18 to 64 years",15.1
2020,Nova Scotia,"Females, 18 to 64 years",10.6
2021,Nova Scotia,"Females, 18 to 64 years",10.2
2015,Nova Scotia,"Females, 65 years and over",12.2
2016,Nova Scotia,"Females, 65 years and over",7.8
2017,Nova Scotia,"Females, 65 years and over",8.6
2018,Nova Scotia,"Females, 65 years and over",11.0
2019,Nova Scotia,"Females, 65 years and over",9.8
2020,Nova Scotia,"Females, 65 years and over",4.9
2021,Nova Scotia,"Females, 65 years and over",9.9
2015,Nova Scotia,"Females, under 18 years",22.0
2016,Nova Scotia,"Females, under 18 years",18.3
2017,Nova Scotia,"Females, under 18 years",21.9
2018,Nova Scotia,"Females, under 18 years",14.1
2019,Nova Scotia,"Females, under 18 years",10.5
2020,Nova Scotia,"Females, under 18 years",7.1
2021,Nova Scotia,"Females, under 18 years",7.1
2015,Nova Scotia,Males,16.2
2016,Nova Scotia,Males,17.3
2017,Nova Scotia,Males,13.6
2018,Nova Scotia,Males,13.4
2019,Nova Scotia,Males,10.7
2020,Nova Scotia,Males,6.6
2021,Nova Scotia,Males,7.5
2015,Nova Scotia,"Males, 18 to 64 years",17.5
2016,Nova Scotia,"Males, 18 to 64 years",18.8
2017,Nova Scotia,"Males, 18 to 64 years",14.9
2018,Nova Scotia,"Males, 18 to 64 years",14.5
2019,Nova Scotia,"Males, 18 to 64 years",12.1
2020,Nova Scotia,"Males, 18 to 64 years",8.3
2021,Nova Scotia,"Males, 18 to 64 years",7.9
2015,Nova Scotia,"Males, 65 years and over",8.2
2016,Nova Scotia,"Males, 65 years and over",8.1
2017,Nova Scotia,"Males, 65 years and over",5.0
2018,Nova Scotia,"Males, 65 years and over",6.3
2019,Nova Scotia,"Males, 65 years and over",6.0
2020,Nova Scotia,"Males, 65 years and over",4.0
2021,Nova Scotia,"Males, 65 years and over",8.1
2015,Nova Scotia,"Males, under 18 years",19.3
2016,Nova Scotia,"Males, under 18 years",21.4
2017,Nova Scotia,"Males, under 18 years",18.1
2018,Nova Scotia,"Males, under 18 years",17.5
2019,Nova Scotia,"Males, under 18 years",11.3
2020,Nova Scotia,"Males, under 18 years",4.1
2021,Nova Scotia,"Males, under 18 years",5.2
2015,Nova Scotia,Persons 18 to 64 years,17.6
2016,Nova Scotia,Persons 18 to 64 years,18.1
2017,Nova Scotia,Persons 18 to 64 years,16.4
2018,Nova Scotia,Persons 18 to 64 years,14.9
2019,Nova Scotia,Persons 18 to 64 years,13.6
2020,Nova Scotia,Persons 18 to 64 years,9.5
2021,Nova Scotia,Persons 18 to 64 years,9.1
2015,Nova Scotia,Persons 65 years and over,10.4
2016,Nova Scotia,Persons 65 years and over,7.9
2017,Nova Scotia,Persons 65 years and over,6.9
2018,Nova Scotia,Persons 65 years and over,8.8
2019,Nova Scotia,Persons 65 years and over,8.0
2020,Nova Scotia,Persons 65 years and over,4.5
2021,Nova Scotia,Persons 65 years and over,9.1
2015,Nova Scotia,Persons under 18 years,20.6
2016,Nova Scotia,Persons under 18 years,19.9
2017,Nova Scotia,Persons under 18 years,20.0
2018,Nova Scotia,Persons under 18 years,15.8
2019,Nova Scotia,Persons under 18 years,10.9
2020,Nova Scotia,Persons under 18 years,5.5
2021,Nova Scotia,Persons under 18 years,6.1
2015,Ontario,All persons,15.1
2016,Ontario,All persons,13.7
2017,Ontario,All persons,12.3
2018,Ontario,All persons,11.8
2019,Ontario,All persons,10.9
2020,Ontario,All persons,6.8
2021,Ontario,All persons,7.7
2015,Ontario,Females,15.4
2016,Ontario,Females,14.7
2017,Ontario,Females,12.4
2018,Ontario,Females,11.4
2019,Ontario,Females,11.7
2020,Ontario,Females,6.7
2021,Ontario,Females,7.8
2015,Ontario,"Females, 18 to 64 years",16.7
2016,Ontario,"Females, 18 to 64 years",16.0
2017,Ontario,"Females, 18 to 64 years",14.1
2018,Ontario,"Females, 18 to 64 years",13.1
2019,Ontario,"Females, 18 to 64 years",12.9
2020,Ontario,"Females, 18 to 64 years",8.0
2021,Ontario,"Females, 18 to 64 years",8.8
2015,Ontario,"Females, 65 years and over",7.2
2016,Ontario,"Females, 65 years and over",7.2
2017,Ontario,"Females, 65 years and over",5.8
2018,Ontario,"Females, 65 years and over",5.8
2019,Ontario,"Females, 65 years and over",6.8
2020,Ontario,"Females, 65 years and over",3.3
2021,Ontario,"Females, 65 years and over",5.4
2015,Ontario,"Females, under 18 years",18.2
2016,Ontario,"Females, under 18 years",17.5
2017,Ontario,"Females, under 18 years",12.7
2018,Ontario,"Females, under 18 years",11.3
2019,Ontario,"Females, under 18 years",12.1
2020,Ontario,"Females, under 18 years",5.7
2021,Ontario,"Females, under 18 years",7.0
2015,Ontario,Males,14.7
2016,Ontario,Males,12.6
2017,Ontario,Males,12.3
2018,Ontario,Males,12.2
2019,Ontario,Males,10.1
2020,Ontario,Males,6.9
2021,Ontario,Males,7.6
2015,Ontario,"Males, 18 to 64 years",16.0
2016,Ontario,"Males, 18 to 64 years",14.0
2017,Ontario,"Males, 18 to 64 years",14.1
2018,Ontario,"Males, 18 to 64 years",13.6
2019,Ontario,"Males, 18 to 64 years",11.2
2020,Ontario,"Males, 18 to 64 years",8.2
2021,Ontario,"Males, 18 to 64 years",8.6
2015,Ontario,"Males, 65 years and over",4.7
2016,Ontario,"Males, 65 years and over",6.0
2017,Ontario,"Males, 65 years and over",5.3
2018,Ontario,"Males, 65 years and over",5.6
2019,Ontario,"Males, 65 years and over",5.1
2020,Ontario,"Males, 65 years and over",3.2
2021,Ontario,"Males, 65 years and over",4.8
2015,Ontario,"Males, under 18 years",17.8
2016,Ontario,"Males, under 18 years",12.9
2017,Ontario,"Males, under 18 years",11.7
2018,Ontario,"Males, under 18 years",12.7
2019,Ontario,"Males, under 18 years",10.8
2020,Ontario,"Males, under 18 years",5.5
2021,Ontario,"Males, under 18 years",6.6
2015,Ontario,Persons 18 to 64 years,16.4
2016,Ontario,Persons 18 to 64 years,15.0
2017,Ontario,Persons 18 to 64 years,14.1
2018,Ontario,Persons 18 to 64 years,13.3
2019,Ontario,Persons 18 to 64 years,12.1
2020,Ontario,Persons 18 to 64 years,8.1
2021,Ontario,Persons 18 to 64 years,8.7
2015,Ontario,Persons 65 years and over,6.1
2016,Ontario,Persons 65 years and over,6.7
2017,Ontario,Persons 65 years and over,5.6
2018,Ontario,Persons 65 years and over,5.7
2019,Ontario,Persons 65 years and over,6.0
2020,Ontario,Persons 65 years and over,3.3
2021,Ontario,Persons 65 years and over,5.1
2015,Ontario,Persons under 18 years,18.0
2016,Ontario,Persons under 18 years,15.2
2017,Ontario,Persons under 18 years,12.2
2018,Ontario,Persons under 18 years,12.0
2019,Ontario,Persons under 18 years,11.5
2020,Ontario,Persons under 18 years,5.6
2021,Ontario,Persons under 18 years,6.8
2015,"Ontario/Quebec, Ottawa-Gatineau",All persons,13.4
2016,"Ontario/Quebec, Ottawa-Gatineau",All persons,10.7
2017,"Ontario/Quebec, Ottawa-Gatineau",All persons,10.9
2018,"Ontario/Quebec, Ottawa-Gatineau",All persons,11.4
2019,"Ontario/Quebec, Ottawa-Gatineau",All persons,8.4
2020,"Ontario/Quebec, Ottawa-Gatineau",All persons,5.5
2021,"Ontario/Quebec, Ottawa-Gatineau",All persons,6.5
2015,"Ontario/Quebec, Ottawa-Gatineau",Females,14.4
2016,"Ontario/Quebec, Ottawa-Gatineau",Females,10.7
2017,"Ontario/Quebec, Ottawa-Gatineau",Females,10.8
2018,"Ontario/Quebec, Ottawa-Gatineau",Females,10.4
2019,"Ontario/Quebec, Ottawa-Gatineau",Females,8.0
2020,"Ontario/Quebec, Ottawa-Gatineau",Females,4.8
2021,"Ontario/Quebec, Ottawa-Gatineau",Females,7.1
2015,"Ontario/Quebec, Ottawa-Gatineau","Females, 18 to 64 years",16.1
2016,"Ontario/Quebec, Ottawa-Gatineau","Females, 18 to 64 years",12.3
2017,"Ontario/Quebec, Ottawa-Gatineau","Females, 18 to 64 years",13.1
2018,"Ontario/Quebec, Ottawa-Gatineau","Females, 18 to 64 years",11.9
2019,"Ontario/Quebec, Ottawa-Gatineau","Females, 18 to 64 years",8.9
2020,"Ontario/Quebec, Ottawa-Gatineau","Females, 18 to 64 years",6.0
2021,"Ontario/Quebec, Ottawa-Gatineau","Females, 18 to 64 years",8.1
2015,"Ontario/Quebec, Ottawa-Gatineau","Females, 65 years and over",
2016,"Ontario/Quebec, Ottawa-Gatineau","Females, 65 years and over",
2017,"Ontario/Quebec, Ottawa-Gatineau","Females, 65 years and over",
2018,"Ontario/Quebec, Ottawa-Gatineau","Females, 65 years and over",5.4
2019,"Ontario/Quebec, Ottawa-Gatineau","Females, 65 years and over",6.9
2020,"Ontario/Quebec, Ottawa-Gatineau","Females, 65 years and over",
2021,"Ontario/Quebec, Ottawa-Gatineau","Females, 65 years and over",4.9
2015,"Ontario/Quebec, Ottawa-Gatineau","Females, under 18 years",14.7
2016,"Ontario/Quebec, Ottawa-Gatineau","Females, under 18 years",11.2
2017,"Ontario/Quebec, Ottawa-Gatineau","Females, under 18 years",7.1
2018,"Ontario/Quebec, Ottawa-Gatineau","Females, under 18 years",9.7
2019,"Ontario/Quebec, Ottawa-Gatineau","Females, under 18 years",
2020,"Ontario/Quebec, Ottawa-Gatineau","Females, under 18 years",
2021,"Ontario/Quebec, Ottawa-Gatineau","Females, under 18 years",
2015,"Ontario/Quebec, Ottawa-Gatineau",Males,12.3
2016,"Ontario/Quebec, Ottawa-Gatineau",Males,10.7
2017,"Ontario/Quebec, Ottawa-Gatineau",Males,11.0
2018,"Ontario/Quebec, Ottawa-Gatineau",Males,12.4
2019,"Ontario/Quebec, Ottawa-Gatineau",Males,8.8
2020,"Ontario/Quebec, Ottawa-Gatineau",Males,6.2
2021,"Ontario/Quebec, Ottawa-Gatineau",Males,6.0
2015,"Ontario/Quebec, Ottawa-Gatineau","Males, 18 to 64 years",13.9
2016,"Ontario/Quebec, Ottawa-Gatineau","Males, 18 to 64 years",12.7
2017,"Ontario/Quebec, Ottawa-Gatineau","Males, 18 to 64 years",12.1
2018,"Ontario/Quebec, Ottawa-Gatineau","Males, 18 to 64 years",14.4
2019,"Ontario/Quebec, Ottawa-Gatineau","Males, 18 to 64 years",9.6
2020,"Ontario/Quebec, Ottawa-Gatineau","Males, 18 to 64 years",8.3
2021,"Ontario/Quebec, Ottawa-Gatineau","Males, 18 to 64 years",7.6
2015,"Ontario/Quebec, Ottawa-Gatineau","Males, 65 years and over",
2016,"Ontario/Quebec, Ottawa-Gatineau","Males, 65 years and over",
2017,"Ontario/Quebec, Ottawa-Gatineau","Males, 65 years and over",
2018,"Ontario/Quebec, Ottawa-Gatineau","Males, 65 years and over",5.3
2019,"Ontario/Quebec, Ottawa-Gatineau","Males, 65 years and over",
2020,"Ontario/Quebec, Ottawa-Gatineau","Males, 65 years and over",
2021,"Ontario/Quebec, Ottawa-Gatineau","Males, 65 years and over",
2015,"Ontario/Quebec, Ottawa-Gatineau","Males, under 18 years",13.6
2016,"Ontario/Quebec, Ottawa-Gatineau","Males, under 18 years",
2017,"Ontario/Quebec, Ottawa-Gatineau","Males, under 18 years",10.7
2018,"Ontario/Quebec, Ottawa-Gatineau","Males, under 18 years",10.7
2019,"Ontario/Quebec, Ottawa-Gatineau","Males, under 18 years",8.6
2020,"Ontario/Quebec, Ottawa-Gatineau","Males, under 18 years",
2021,"Ontario/Quebec, Ottawa-Gatineau","Males, under 18 years",
2015,"Ontario/Quebec, Ottawa-Gatineau",Persons 18 to 64 years,15.0
2016,"Ontario/Quebec, Ottawa-Gatineau",Persons 18 to 64 years,12.5
2017,"Ontario/Quebec, Ottawa-Gatineau",Persons 18 to 64 years,12.6
2018,"Ontario/Quebec, Ottawa-Gatineau",Persons 18 to 64 years,13.2
2019,"Ontario/Quebec, Ottawa-Gatineau",Persons 18 to 64 years,9.3
2020,"Ontario/Quebec, Ottawa-Gatineau",Persons 18 to 64 years,7.1
2021,"Ontario/Quebec, Ottawa-Gatineau",Persons 18 to 64 years,7.9
2015,"Ontario/Quebec, Ottawa-Gatineau",Persons 65 years and over,
2016,"Ontario/Quebec, Ottawa-Gatineau",Persons 65 years and over,
2017,"Ontario/Quebec, Ottawa-Gatineau",Persons 65 years and over,5.8
2018,"Ontario/Quebec, Ottawa-Gatineau",Persons 65 years and over,5.4
2019,"Ontario/Quebec, Ottawa-Gatineau",Persons 65 years and over,6.0
2020,"Ontario/Quebec, Ottawa-Gatineau",Persons 65 years and over,3.4
2021,"Ontario/Quebec, Ottawa-Gatineau",Persons 65 years and over,3.8
2015,"Ontario/Quebec, Ottawa-Gatineau",Persons under 18 years,14.2
2016,"Ontario/Quebec, Ottawa-Gatineau",Persons under 18 years,9.6
2017,"Ontario/Quebec, Ottawa-Gatineau",Persons under 18 years,8.9
2018,"Ontario/Quebec, Ottawa-Gatineau",Persons under 18 years,10.2
2019,"Ontario/Quebec, Ottawa-Gatineau",Persons under 18 years,7.5
2020,"Ontario/Quebec, Ottawa-Gatineau",Persons under 18 years,
2021,"Ontario/Quebec, Ottawa-Gatineau",Persons under 18 years,
2015,Prairie provinces,All persons,10.8
2016,Prairie provinces,All persons,10.7
2017,Prairie provinces,All persons,9.6
2018,Prairie provinces,All persons,9.6
2019,Prairie provinces,All persons,9.1
2020,Prairie provinces,All persons,6.0
2021,Prairie provinces,All persons,8.2
2015,Prairie provinces,Females,11.3
2016,Prairie provinces,Females,11.0
2017,Prairie provinces,Females,10.2
2018,Prairie provinces,Females,9.6
2019,Prairie provinces,Females,8.9
2020,Prairie provinces,Females,5.8
2021,Prairie provinces,Females,8.5
2015,Prairie provinces,"Females, 18 to 64 years",11.1
2016,Prairie provinces,"Females, 18 to 64 years",12.1
2017,Prairie provinces,"Females, 18 to 64 years",11.4
2018,Prairie provinces,"Females, 18 to 64 years",10.6
2019,Prairie provinces,"Females, 18 to 64 years",10.2
2020,Prairie provinces,"Females, 18 to 64 years",6.9
2021,Prairie provinces,"Females, 18 to 64 years",9.0
2015,Prairie provinces,"Females, 65 years and over",5.1
2016,Prairie provinces,"Females, 65 years and over",5.1
2017,Prairie provinces,"Females, 65 years and over",4.3
2018,Prairie provinces,"Females, 65 years and over",5.2
2019,Prairie provinces,"Females, 65 years and over",3.9
2020,Prairie provinces,"Females, 65 years and over",3.3
2021,Prairie provinces,"Females, 65 years and over",6.5
2015,Prairie provinces,"Females, under 18 years",15.7
2016,Prairie provinces,"Females, under 18 years",11.9
2017,Prairie provinces,"Females, under 18 years",10.5
2018,Prairie provinces,"Females, under 18 years",9.7
2019,Prairie provinces,"Females, under 18 years",8.6
2020,Prairie provinces,"Females, under 18 years",4.6
2021,Prairie provinces,"Females, under 18 years",8.4
2015,Prairie provinces,Males,10.3
2016,Prairie provinces,Males,10.4
2017,Prairie provinces,Males,9.0
2018,Prairie provinces,Males,9.6
2019,Prairie provinces,Males,9.3
2020,Prairie provinces,Males,6.1
2021,Prairie provinces,Males,8.0
2015,Prairie provinces,"Males, 18 to 64 years",10.5
2016,Prairie provinces,"Males, 18 to 64 years",10.9
2017,Prairie provinces,"Males, 18 to 64 years",10.0
2018,Prairie provinces,"Males, 18 to 64 years",10.6
2019,Prairie provinces,"Males, 18 to 64 years",10.1
2020,Prairie provinces,"Males, 18 to 64 years",7.2
2021,Prairie provinces,"Males, 18 to 64 years",8.7
2015,Prairie provinces,"Males, 65 years and over",3.4
2016,Prairie provinces,"Males, 65 years and over",4.7
2017,Prairie provinces,"Males, 65 years and over",3.5
2018,Prairie provinces,"Males, 65 years and over",3.1
2019,Prairie provinces,"Males, 65 years and over",5.0
2020,Prairie provinces,"Males, 65 years and over",2.2
2021,Prairie provinces,"Males, 65 years and over",5.0
2015,Prairie provinces,"Males, under 18 years",13.2
2016,Prairie provinces,"Males, under 18 years",12.2
2017,Prairie provinces,"Males, under 18 years",9.3
2018,Prairie provinces,"Males, under 18 years",10.5
2019,Prairie provinces,"Males, under 18 years",9.7
2020,Prairie provinces,"Males, under 18 years",5.4
2021,Prairie provinces,"Males, under 18 years",7.8
2015,Prairie provinces,Persons 18 to 64 years,10.8
2016,Prairie provinces,Persons 18 to 64 years,11.4
2017,Prairie provinces,Persons 18 to 64 years,10.7
2018,Prairie provinces,Persons 18 to 64 years,10.6
2019,Prairie provinces,Persons 18 to 64 years,10.2
2020,Prairie provinces,Persons 18 to 64 years,7.0
2021,Prairie provinces,Persons 18 to 64 years,8.9
2015,Prairie provinces,Persons 65 years and over,4.3
2016,Prairie provinces,Persons 65 years and over,4.9
2017,Prairie provinces,Persons 65 years and over,3.9
2018,Prairie provinces,Persons 65 years and over,4.2
2019,Prairie provinces,Persons 65 years and over,4.4
2020,Prairie provinces,Persons 65 years and over,2.8
2021,Prairie provinces,Persons 65 years and over,5.8
2015,Prairie provinces,Persons under 18 years,14.4
2016,Prairie provinces,Persons under 18 years,12.0
2017,Prairie provinces,Persons under 18 years,9.9
2018,Prairie provinces,Persons under 18 years,10.1
2019,Prairie provinces,Persons under 18 years,9.2
2020,Prairie provinces,Persons under 18 years,5.0
2021,Prairie provinces,Persons under 18 years,8.1
2015,Prince Edward Island,All persons,15.7
2016,Prince Edward Island,All persons,13.9
2017,Prince Edward Island,All persons,15.4
2018,Prince Edward Island,All persons,13.4
2019,Prince Edward Island,All persons,12.3
2020,Prince Edward Island,All persons,7.6
2021,Prince Edward Island,All persons,7.4
2015,Prince Edward Island,Females,16.3
2016,Prince Edward Island,Females,15.9
2017,Prince Edward Island,Females,15.4
2018,Prince Edward Island,Females,13.4
2019,Prince Edward Island,Females,12.8
2020,Prince Edward Island,Females,7.2
2021,Prince Edward Island,Females,8.4
2015,Prince Edward Island,"Females, 18 to 64 years",15.6
2016,Prince Edward Island,"Females, 18 to 64 years",15.4
2017,Prince Edward Island,"Females, 18 to 64 years",17.3
2018,Prince Edward Island,"Females, 18 to 64 years",13.9
2019,Prince Edward Island,"Females, 18 to 64 years",14.9
2020,Prince Edward Island,"Females, 18 to 64 years",8.3
2021,Prince Edward Island,"Females, 18 to 64 years",10.3
2015,Prince Edward Island,"Females, 65 years and over",16.6
2016,Prince Edward Island,"Females, 65 years and over",12.3
2017,Prince Edward Island,"Females, 65 years and over",9.6
2018,Prince Edward Island,"Females, 65 years and over",14.2
2019,Prince Edward Island,"Females, 65 years and over",8.2
2020,Prince Edward Island,"Females, 65 years and over",3.2
2021,Prince Edward Island,"Females, 65 years and over",6.6
2015,Prince Edward Island,"Females, under 18 years",18.3
2016,Prince Edward Island,"Females, under 18 years",21.4
2017,Prince Edward Island,"Females, under 18 years",15.4
2018,Prince Edward Island,"Females, under 18 years",10.9
2019,Prince Edward Island,"Females, under 18 years",11.0
2020,Prince Edward Island,"Females, under 18 years",8.3
2021,Prince Edward Island,"Females, under 18 years",
2015,Prince Edward Island,Males,15.0
2016,Prince Edward Island,Males,11.7
2017,Prince Edward Island,Males,15.3
2018,Prince Edward Island,Males,13.4
2019,Prince Edward Island,Males,11.7
2020,Prince Edward Island,Males,7.9
2021,Prince Edward Island,Males,6.3
2015,Prince Edward Island,"Males, 18 to 64 years",16.1
2016,Prince Edward Island,"Males, 18 to 64 years",12.7
2017,Prince Edward Island,"Males, 18 to 64 years",15.0
2018,Prince Edward Island,"Males, 18 to 64 years",14.7
2019,Prince Edward Island,"Males, 18 to 64 years",11.5
2020,Prince Edward Island,"Males, 18 to 64 years",9.1
2021,Prince Edward Island,"Males, 18 to 64 years",7.3
2015,Prince Edward Island,"Males, 65 years and over",9.3
2016,Prince Edward Island,"Males, 65 years and over",
2017,Prince Edward Island,"Males, 65 years and over",12.0
2018,Prince Edward Island,"Males, 65 years and over",8.5
2019,Prince Edward Island,"Males, 65 years and over",
2020,Prince Edward Island,"Males, 65 years and over",6.0
2021,Prince Edward Island,"Males, 65 years and over",
2015,Prince Edward Island,"Males, under 18 years",16.8
2016,Prince Edward Island,"Males, under 18 years",15.6
2017,Prince Edward Island,"Males, under 18 years",19.0
2018,Prince Edward Island,"Males, under 18 years",14.1
2019,Prince Edward Island,"Males, under 18 years",17.9
2020,Prince Edward Island,"Males, under 18 years",6.1
2021,Prince Edward Island,"Males, under 18 years",
2015,Prince Edward Island,Persons 18 to 64 years,15.8
2016,Prince Edward Island,Persons 18 to 64 years,14.1
2017,Prince Edward Island,Persons 18 to 64 years,16.2
2018,Prince Edward Island,Persons 18 to 64 years,14.3
2019,Prince Edward Island,Persons 18 to 64 years,13.2
2020,Prince Edward Island,Persons 18 to 64 years,8.7
2021,Prince Edward Island,Persons 18 to 64 years,8.8
2015,Prince Edward Island,Persons 65 years and over,13.2
2016,Prince Edward Island,Persons 65 years and over,8.3
2017,Prince Edward Island,Persons 65 years and over,10.7
2018,Prince Edward Island,Persons 65 years and over,11.5
2019,Prince Edward Island,Persons 65 years and over,6.9
2020,Prince Edward Island,Persons 65 years and over,4.5
2021,Prince Edward Island,Persons 65 years and over,5.7
2015,Prince Edward Island,Persons under 18 years,17.6
2016,Prince Edward Island,Persons under 18 years,18.5
2017,Prince Edward Island,Persons under 18 years,17.3
2018,Prince Edward Island,Persons under 18 years,12.5
2019,Prince Edward Island,Persons under 18 years,14.6
2020,Prince Edward Island,Persons under 18 years,7.2
2021,Prince Edward Island,Persons under 18 years,4.4
2015,Quebec,All persons,13.5
2016,Quebec,All persons,11.0
2017,Quebec,All persons,10.9
2018,Quebec,All persons,9.8
2019,Quebec,All persons,8.9
2020,Quebec,All persons,4.8
2021,Quebec,All persons,5.2
2015,Quebec,Females,13.7
2016,Quebec,Females,10.8
2017,Quebec,Females,10.9
2018,Quebec,Females,9.9
2019,Quebec,Females,8.6
2020,Quebec,Females,5.0
2021,Quebec,Females,5.4
2015,Quebec,"Females, 18 to 64 years",15.8
2016,Quebec,"Females, 18 to 64 years",11.6
2017,Quebec,"Females, 18 to 64 years",12.2
2018,Quebec,"Females, 18 to 64 years",11.8
2019,Quebec,"Females, 18 to 64 years",10.5
2020,Quebec,"Females, 18 to 64 years",6.6
2021,Quebec,"Females, 18 to 64 years",5.9
2015,Quebec,"Females, 65 years and over",7.5
2016,Quebec,"Females, 65 years and over",7.7
2017,Quebec,"Females, 65 years and over",7.0
2018,Quebec,"Females, 65 years and over",6.4
2019,Quebec,"Females, 65 years and over",5.9
2020,Quebec,"Females, 65 years and over",2.7
2021,Quebec,"Females, 65 years and over",5.7
2015,Quebec,"Females, under 18 years",12.9
2016,Quebec,"Females, under 18 years",11.5
2017,Quebec,"Females, under 18 years",10.6
2018,Quebec,"Females, under 18 years",7.2
2019,Quebec,"Females, under 18 years",5.2
2020,Quebec,"Females, under 18 years",2.6
2021,Quebec,"Females, under 18 years",3.2
2015,Quebec,Males,13.4
2016,Quebec,Males,11.1
2017,Quebec,Males,10.9
2018,Quebec,Males,9.8
2019,Quebec,Males,9.3
2020,Quebec,Males,4.6
2021,Quebec,Males,5.0
2015,Quebec,"Males, 18 to 64 years",14.8
2016,Quebec,"Males, 18 to 64 years",12.4
2017,Quebec,"Males, 18 to 64 years",12.7
2018,Quebec,"Males, 18 to 64 years",11.7
2019,Quebec,"Males, 18 to 64 years",11.1
2020,Quebec,"Males, 18 to 64 years",6.3
2021,Quebec,"Males, 18 to 64 years",6.1
2015,Quebec,"Males, 65 years and over",6.0
2016,Quebec,"Males, 65 years and over",6.9
2017,Quebec,"Males, 65 years and over",4.8
2018,Quebec,"Males, 65 years and over",4.8
2019,Quebec,"Males, 65 years and over",4.8
2020,Quebec,"Males, 65 years and over",1.8
2021,Quebec,"Males, 65 years and over",4.0
2015,Quebec,"Males, under 18 years",14.9
2016,Quebec,"Males, under 18 years",10.2
2017,Quebec,"Males, under 18 years",10.2
2018,Quebec,"Males, under 18 years",7.9
2019,Quebec,"Males, under 18 years",7.3
2020,Quebec,"Males, under 18 years",
2021,Quebec,"Males, under 18 years",2.7
2015,Quebec,Persons 18 to 64 years,15.3
2016,Quebec,Persons 18 to 64 years,12.0
2017,Quebec,Persons 18 to 64 years,12.5
2018,Quebec,Persons 18 to 64 years,11.8
2019,Quebec,Persons 18 to 64 years,10.8
2020,Quebec,Persons 18 to 64 years,6.4
2021,Quebec,Persons 18 to 64 years,6.0
2015,Quebec,Persons 65 years and over,6.8
2016,Quebec,Persons 65 years and over,7.3
2017,Quebec,Persons 65 years and over,6.0
2018,Quebec,Persons 65 years and over,5.7
2019,Quebec,Persons 65 years and over,5.4
2020,Quebec,Persons 65 years and over,2.3
2021,Quebec,Persons 65 years and over,4.9
2015,Quebec,Persons under 18 years,13.9
2016,Quebec,Persons under 18 years,10.9
2017,Quebec,Persons under 18 years,10.4
2018,Quebec,Persons under 18 years,7.6
2019,Quebec,Persons under 18 years,6.3
2020,Quebec,Persons under 18 years,2.3
2021,Quebec,Persons under 18 years,3.0
2015,"Quebec, Quebec",All persons,8.2
2016,"Quebec, Quebec",All persons,6.7
2017,"Quebec, Quebec",All persons,5.7
2018,"Quebec, Quebec",All persons,8.6
2019,"Quebec, Quebec",All persons,8.2
2020,"Quebec, Quebec",All persons,3.2
2021,"Quebec, Quebec",All persons,3.9
2015,"Quebec, Quebec",Females,8.0
2016,"Quebec, Quebec",Females,7.4
2017,"Quebec, Quebec",Females,5.3
2018,"Quebec, Quebec",Females,8.0
2019,"Quebec, Quebec",Females,7.7
2020,"Quebec, Quebec",Females,3.1
2021,"Quebec, Quebec",Females,3.6
2015,"Quebec, Quebec","Females, 18 to 64 years",9.3
2016,"Quebec, Quebec","Females, 18 to 64 years",7.5
2017,"Quebec, Quebec","Females, 18 to 64 years",6.5
2018,"Quebec, Quebec","Females, 18 to 64 years",10.0
2019,"Quebec, Quebec","Females, 18 to 64 years",10.0
2020,"Quebec, Quebec","Females, 18 to 64 years",4.5
2021,"Quebec, Quebec","Females, 18 to 64 years",4.5
2015,"Quebec, Quebec","Females, 65 years and over",
2016,"Quebec, Quebec","Females, 65 years and over",5.8
2017,"Quebec, Quebec","Females, 65 years and over",
2018,"Quebec, Quebec","Females, 65 years and over",
2019,"Quebec, Quebec","Females, 65 years and over",
2020,"Quebec, Quebec","Females, 65 years and over",
2021,"Quebec, Quebec","Females, 65 years and over",3.8
2015,"Quebec, Quebec","Females, under 18 years",
2016,"Quebec, Quebec","Females, under 18 years",
2017,"Quebec, Quebec","Females, under 18 years",
2018,"Quebec, Quebec","Females, under 18 years",
2019,"Quebec, Quebec","Females, under 18 years",
2020,"Quebec, Quebec","Females, under 18 years",
2021,"Quebec, Quebec","Females, under 18 years",
2015,"Quebec, Quebec",Males,8.4
2016,"Quebec, Quebec",Males,5.9
2017,"Quebec, Quebec",Males,6.1
2018,"Quebec, Quebec",Males,9.1
2019,"Quebec, Quebec",Males,8.7
2020,"Quebec, Quebec",Males,3.3
2021,"Quebec, Quebec",Males,4.2
2015,"Quebec, Quebec","Males, 18 to 64 years",9.9
2016,"Quebec, Quebec","Males, 18 to 64 years",6.8
2017,"Quebec, Quebec","Males, 18 to 64 years",6.1
2018,"Quebec, Quebec","Males, 18 to 64 years",10.0
2019,"Quebec, Quebec","Males, 18 to 64 years",9.8
2020,"Quebec, Quebec","Males, 18 to 64 years",4.6
2021,"Quebec, Quebec","Males, 18 to 64 years",5.2
2015,"Quebec, Quebec","Males, 65 years and over",
2016,"Quebec, Quebec","Males, 65 years and over",
2017,"Quebec, Quebec","Males, 65 years and over",
2018,"Quebec, Quebec","Males, 65 years and over",
2019,"Quebec, Quebec","Males, 65 years and over",
2020,"Quebec, Quebec","Males, 65 years and over",
2021,"Quebec, Quebec","Males, 65 years and over",
2015,"Quebec, Quebec","Males, under 18 years",
2016,"Quebec, Quebec","Males, under 18 years",
2017,"Quebec, Quebec","Males, under 18 years",
2018,"Quebec, Quebec","Males, under 18 years",9.5
2019,"Quebec, Quebec","Males, under 18 years",
2020,"Quebec, Quebec","Males, under 18 years",
2021,"Quebec, Quebec","Males, under 18 years",
2015,"Quebec, Quebec",Persons 18 to 64 years,9.6
2016,"Quebec, Quebec",Persons 18 to 64 years,7.2
2017,"Quebec, Quebec",Persons 18 to 64 years,6.3
2018,"Quebec, Quebec",Persons 18 to 64 years,10.0
2019,"Quebec, Quebec",Persons 18 to 64 years,9.9
2020,"Quebec, Quebec",Persons 18 to 64 years,4.5
2021,"Quebec, Quebec",Persons 18 to 64 years,4.8
2015,"Quebec, Quebec",Persons 65 years and over,9.3
2016,"Quebec, Quebec",Persons 65 years and over,5.4
2017,"Quebec, Quebec",Persons 65 years and over,4.7
2018,"Quebec, Quebec",Persons 65 years and over,5.8
2019,"Quebec, Quebec",Persons 65 years and over,9.3
2020,"Quebec, Quebec",Persons 65 years and over,
2021,"Quebec, Quebec",Persons 65 years and over,3.9
2015,"Quebec, Quebec",Persons under 18 years,
2016,"Quebec, Quebec",Persons under 18 years,
2017,"Quebec, Quebec",Persons under 18 years,
2018,"Quebec, Quebec",Persons under 18 years,
2019,"Quebec, Quebec",Persons under 18 years,
2020,"Quebec, Quebec",Persons under 18 years,
2021,"Quebec, Quebec",Persons under 18 years,
2015,Saskatchewan,All persons,12.2
2016,Saskatchewan,All persons,11.1
2017,Saskatchewan,All persons,11.9
2018,Saskatchewan,All persons,10.8
2019,Saskatchewan,All persons,11.9
2020,Saskatchewan,All persons,6.7
2021,Saskatchewan,All persons,9.1
2015,Saskatchewan,Females,13.7
2016,Saskatchewan,Females,11.9
2017,Saskatchewan,Females,12.2
2018,Saskatchewan,Females,11.2
2019,Saskatchewan,Females,11.4
2020,Saskatchewan,Females,6.2
2021,Saskatchewan,Females,9.1
2015,Saskatchewan,"Females, 18 to 64 years",13.7
2016,Saskatchewan,"Females, 18 to 64 years",12.5
2017,Saskatchewan,"Females, 18 to 64 years",13.0
2018,Saskatchewan,"Females, 18 to 64 years",12.1
2019,Saskatchewan,"Females, 18 to 64 years",12.8
2020,Saskatchewan,"Females, 18 to 64 years",7.4
2021,Saskatchewan,"Females, 18 to 64 years",10.6
2015,Saskatchewan,"Females, 65 years and over",7.6
2016,Saskatchewan,"Females, 65 years and over",7.5
2017,Saskatchewan,"Females, 65 years and over",6.2
2018,Saskatchewan,"Females, 65 years and over",6.0
2019,Saskatchewan,"Females, 65 years and over",5.6
2020,Saskatchewan,"Females, 65 years and over",3.1
2021,Saskatchewan,"Females, 65 years and over",6.6
2015,Saskatchewan,"Females, under 18 years",18.0
2016,Saskatchewan,"Females, under 18 years",13.3
2017,Saskatchewan,"Females, under 18 years",14.5
2018,Saskatchewan,"Females, under 18 years",12.5
2019,Saskatchewan,"Females, under 18 years",12.0
2020,Saskatchewan,"Females, under 18 years",5.4
2021,Saskatchewan,"Females, under 18 years",7.3
2015,Saskatchewan,Males,10.8
2016,Saskatchewan,Males,10.3
2017,Saskatchewan,Males,11.6
2018,Saskatchewan,Males,10.4
2019,Saskatchewan,Males,12.4
2020,Saskatchewan,Males,7.2
2021,Saskatchewan,Males,9.1
2015,Saskatchewan,"Males, 18 to 64 years",10.5
2016,Saskatchewan,"Males, 18 to 64 years",10.7
2017,Saskatchewan,"Males, 18 to 64 years",12.1
2018,Saskatchewan,"Males, 18 to 64 years",12.1
2019,Saskatchewan,"Males, 18 to 64 years",13.5
2020,Saskatchewan,"Males, 18 to 64 years",8.0
2021,Saskatchewan,"Males, 18 to 64 years",10.2
2015,Saskatchewan,"Males, 65 years and over",4.3
2016,Saskatchewan,"Males, 65 years and over",6.2
2017,Saskatchewan,"Males, 65 years and over",4.8
2018,Saskatchewan,"Males, 65 years and over",3.1
2019,Saskatchewan,"Males, 65 years and over",6.3
2020,Saskatchewan,"Males, 65 years and over",2.8
2021,Saskatchewan,"Males, 65 years and over",4.2
2015,Saskatchewan,"Males, under 18 years",15.5
2016,Saskatchewan,"Males, under 18 years",11.7
2017,Saskatchewan,"Males, under 18 years",14.3
2018,Saskatchewan,"Males, under 18 years",10.5
2019,Saskatchewan,"Males, under 18 years",13.3
2020,Saskatchewan,"Males, under 18 years",7.8
2021,Saskatchewan,"Males, under 18 years",9.7
2015,Saskatchewan,Persons 18 to 64 years,12.0
2016,Saskatchewan,Persons 18 to 64 years,11.6
2017,Saskatchewan,Persons 18 to 64 years,12.5
2018,Saskatchewan,Persons 18 to 64 years,12.1
2019,Saskatchewan,Persons 18 to 64 years,13.2
2020,Saskatchewan,Persons 18 to 64 years,7.7
2021,Saskatchewan,Persons 18 to 64 years,10.4
2015,Saskatchewan,Persons 65 years and over,6.1
2016,Saskatchewan,Persons 65 years and over,6.9
2017,Saskatchewan,Persons 65 years and over,5.5
2018,Saskatchewan,Persons 65 years and over,4.6
2019,Saskatchewan,Persons 65 years and over,5.9
2020,Saskatchewan,Persons 65 years and over,2.9
2021,Saskatchewan,Persons 65 years and over,5.5
2015,Saskatchewan,Persons under 18 years,16.7
2016,Saskatchewan,Persons under 18 years,12.5
2017,Saskatchewan,Persons under 18 years,14.4
2018,Saskatchewan,Persons under 18 years,11.5
2019,Saskatchewan,Persons under 18 years,12.7
2020,Saskatchewan,Persons under 18 years,6.6
2021,Saskatchewan,Persons under 18 years,8.5
2015,"Toronto, Ontario",All persons,19.2
2016,"Toronto, Ontario",All persons,17.6
2017,"Toronto, Ontario",All persons,14.4
2018,"Toronto, Ontario",All persons,14.2
2019,"Toronto, Ontario",All persons,13.1
2020,"Toronto, Ontario",All persons,8.6
2021,"Toronto, Ontario",All persons,9.4
2015,"Toronto, Ontario",Females,19.8
2016,"Toronto, Ontario",Females,19.1
2017,"Toronto, Ontario",Females,14.5
2018,"Toronto, Ontario",Females,13.2
2019,"Toronto, Ontario",Females,14.0
2020,"Toronto, Ontario",Females,8.5
2021,"Toronto, Ontario",Females,9.6
2015,"Toronto, Ontario","Females, 18 to 64 years",20.3
2016,"Toronto, Ontario","Females, 18 to 64 years",19.7
2017,"Toronto, Ontario","Females, 18 to 64 years",15.5
2018,"Toronto, Ontario","Females, 18 to 64 years",14.5
2019,"Toronto, Ontario","Females, 18 to 64 years",14.3
2020,"Toronto, Ontario","Females, 18 to 64 years",9.3
2021,"Toronto, Ontario","Females, 18 to 64 years",10.3
2015,"Toronto, Ontario","Females, 65 years and over",10.2
2016,"Toronto, Ontario","Females, 65 years and over",8.8
2017,"Toronto, Ontario","Females, 65 years and over",6.8
2018,"Toronto, Ontario","Females, 65 years and over",7.1
2019,"Toronto, Ontario","Females, 65 years and over",8.4
2020,"Toronto, Ontario","Females, 65 years and over",4.1
2021,"Toronto, Ontario","Females, 65 years and over",7.1
2015,"Toronto, Ontario","Females, under 18 years",24.9
2016,"Toronto, Ontario","Females, under 18 years",25.0
2017,"Toronto, Ontario","Females, under 18 years",16.8
2018,"Toronto, Ontario","Females, under 18 years",14.1
2019,"Toronto, Ontario","Females, under 18 years",17.7
2020,"Toronto, Ontario","Females, under 18 years",9.2
2021,"Toronto, Ontario","Females, under 18 years",9.5
2015,"Toronto, Ontario",Males,18.6
2016,"Toronto, Ontario",Males,15.9
2017,"Toronto, Ontario",Males,14.3
2018,"Toronto, Ontario",Males,15.1
2019,"Toronto, Ontario",Males,12.2
2020,"Toronto, Ontario",Males,8.6
2021,"Toronto, Ontario",Males,9.1
2015,"Toronto, Ontario","Males, 18 to 64 years",19.4
2016,"Toronto, Ontario","Males, 18 to 64 years",16.7
2017,"Toronto, Ontario","Males, 18 to 64 years",15.7
2018,"Toronto, Ontario","Males, 18 to 64 years",16.2
2019,"Toronto, Ontario","Males, 18 to 64 years",12.0
2020,"Toronto, Ontario","Males, 18 to 64 years",9.5
2021,"Toronto, Ontario","Males, 18 to 64 years",9.7
2015,"Toronto, Ontario","Males, 65 years and over",6.5
2016,"Toronto, Ontario","Males, 65 years and over",11.0
2017,"Toronto, Ontario","Males, 65 years and over",7.7
2018,"Toronto, Ontario","Males, 65 years and over",8.5
2019,"Toronto, Ontario","Males, 65 years and over",7.9
2020,"Toronto, Ontario","Males, 65 years and over",4.3
2021,"Toronto, Ontario","Males, 65 years and over",7.2
2015,"Toronto, Ontario","Males, under 18 years",22.9
2016,"Toronto, Ontario","Males, under 18 years",16.8
2017,"Toronto, Ontario","Males, under 18 years",14.0
2018,"Toronto, Ontario","Males, under 18 years",15.9
2019,"Toronto, Ontario","Males, under 18 years",16.0
2020,"Toronto, Ontario","Males, under 18 years",8.9
2021,"Toronto, Ontario","Males, under 18 years",8.7
2015,"Toronto, Ontario",Persons 18 to 64 years,19.9
2016,"Toronto, Ontario",Persons 18 to 64 years,18.2
2017,"Toronto, Ontario",Persons 18 to 64 years,15.6
2018,"Toronto, Ontario",Persons 18 to 64 years,15.4
2019,"Toronto, Ontario",Persons 18 to 64 years,13.2
2020,"Toronto, Ontario",Persons 18 to 64 years,9.4
2021,"Toronto, Ontario",Persons 18 to 64 years,10.0
2015,"Toronto, Ontario",Persons 65 years and over,8.6
2016,"Toronto, Ontario",Persons 65 years and over,9.8
2017,"Toronto, Ontario",Persons 65 years and over,7.2
2018,"Toronto, Ontario",Persons 65 years and over,7.8
2019,"Toronto, Ontario",Persons 65 years and over,8.2
2020,"Toronto, Ontario",Persons 65 years and over,4.2
2021,"Toronto, Ontario",Persons 65 years and over,7.1
2015,"Toronto, Ontario",Persons under 18 years,23.9
2016,"Toronto, Ontario",Persons under 18 years,21.0
2017,"Toronto, Ontario",Persons under 18 years,15.4
2018,"Toronto, Ontario",Persons under 18 years,15.0
2019,"Toronto, Ontario",Persons under 18 years,16.9
2020,"Toronto, Ontario",Persons under 18 years,9.0
2021,"Toronto, Ontario",Persons under 18 years,9.1
2015,"Vancouver, British Columbia",All persons,19.5
2016,"Vancouver, British Columbia",All persons,15.6
2017,"Vancouver, British Columbia",All persons,16.0
2018,"Vancouver, British Columbia",All persons,13.6
2019,"Vancouver, British Columbia",All persons,11.5
2020,"Vancouver, British Columbia",All persons,7.8
2021,"Vancouver, British Columbia",All persons,9.2
2015,"Vancouver, British Columbia",Females,19.9
2016,"Vancouver, British Columbia",Females,15.4
2017,"Vancouver, British Columbia",Females,15.7
2018,"Vancouver, British Columbia",Females,13.2
2019,"Vancouver, British Columbia",Females,12.5
2020,"Vancouver, British Columbia",Females,7.5
2021,"Vancouver, British Columbia",Females,10.4
2015,"Vancouver, British Columbia","Females, 18 to 64 years",21.2
2016,"Vancouver, British Columbia","Females, 18 to 64 years",15.9
2017,"Vancouver, British Columbia","Females, 18 to 64 years",17.7
2018,"Vancouver, British Columbia","Females, 18 to 64 years",15.4
2019,"Vancouver, British Columbia","Females, 18 to 64 years",16.0
2020,"Vancouver, British Columbia","Females, 18 to 64 years",8.9
2021,"Vancouver, British Columbia","Females, 18 to 64 years",11.1
2015,"Vancouver, British Columbia","Females, 65 years and over",14.3
2016,"Vancouver, British Columbia","Females, 65 years and over",11.4
2017,"Vancouver, British Columbia","Females, 65 years and over",13.0
2018,"Vancouver, British Columbia","Females, 65 years and over",9.3
2019,"Vancouver, British Columbia","Females, 65 years and over",
2020,"Vancouver, British Columbia","Females, 65 years and over",5.2
2021,"Vancouver, British Columbia","Females, 65 years and over",9.8
2015,"Vancouver, British Columbia","Females, under 18 years",19.4
2016,"Vancouver, British Columbia","Females, under 18 years",17.4
2017,"Vancouver, British Columbia","Females, under 18 years",10.5
2018,"Vancouver, British Columbia","Females, under 18 years",8.0
2019,"Vancouver, British Columbia","Females, under 18 years",
2020,"Vancouver, British Columbia","Females, under 18 years",4.5
2021,"Vancouver, British Columbia","Females, under 18 years",
2015,"Vancouver, British Columbia",Males,19.0
2016,"Vancouver, British Columbia",Males,15.8
2017,"Vancouver, British Columbia",Males,16.2
2018,"Vancouver, British Columbia",Males,13.9
2019,"Vancouver, British Columbia",Males,10.6
2020,"Vancouver, British Columbia",Males,8.0
2021,"Vancouver, British Columbia",Males,8.0
2015,"Vancouver, British Columbia","Males, 18 to 64 years",20.1
2016,"Vancouver, British Columbia","Males, 18 to 64 years",16.5
2017,"Vancouver, British Columbia","Males, 18 to 64 years",16.8
2018,"Vancouver, British Columbia","Males, 18 to 64 years",15.4
2019,"Vancouver, British Columbia","Males, 18 to 64 years",13.3
2020,"Vancouver, British Columbia","Males, 18 to 64 years",9.8
2021,"Vancouver, British Columbia","Males, 18 to 64 years",7.9
2015,"Vancouver, British Columbia","Males, 65 years and over",16.4
2016,"Vancouver, British Columbia","Males, 65 years and over",8.5
2017,"Vancouver, British Columbia","Males, 65 years and over",13.0
2018,"Vancouver, British Columbia","Males, 65 years and over",8.6
2019,"Vancouver, British Columbia","Males, 65 years and over",6.1
2020,"Vancouver, British Columbia","Males, 65 years and over",3.5
2021,"Vancouver, British Columbia","Males, 65 years and over",7.3
2015,"Vancouver, British Columbia","Males, under 18 years",17.3
2016,"Vancouver, British Columbia","Males, under 18 years",19.2
2017,"Vancouver, British Columbia","Males, under 18 years",16.2
2018,"Vancouver, British Columbia","Males, under 18 years",12.9
2019,"Vancouver, British Columbia","Males, under 18 years",
2020,"Vancouver, British Columbia","Males, under 18 years",
2021,"Vancouver, British Columbia","Males, under 18 years",9.2
2015,"Vancouver, British Columbia",Persons 18 to 64 years,20.7
2016,"Vancouver, British Columbia",Persons 18 to 64 years,16.2
2017,"Vancouver, British Columbia",Persons 18 to 64 years,17.3
2018,"Vancouver, British Columbia",Persons 18 to 64 years,15.4
2019,"Vancouver, British Columbia",Persons 18 to 64 years,14.7
2020,"Vancouver, British Columbia",Persons 18 to 64 years,9.4
2021,"Vancouver, British Columbia",Persons 18 to 64 years,9.6
2015,"Vancouver, British Columbia",Persons 65 years and over,15.3
2016,"Vancouver, British Columbia",Persons 65 years and over,10.0
2017,"Vancouver, British Columbia",Persons 65 years and over,13.0
2018,"Vancouver, British Columbia",Persons 65 years and over,9.0
2019,"Vancouver, British Columbia",Persons 65 years and over,5.6
2020,"Vancouver, British Columbia",Persons 65 years and over,4.4
2021,"Vancouver, British Columbia",Persons 65 years and over,8.6
2015,"Vancouver, British Columbia",Persons under 18 years,18.3
2016,"Vancouver, British Columbia",Persons under 18 years,18.4
2017,"Vancouver, British Columbia",Persons under 18 years,13.5
2018,"Vancouver, British Columbia",Persons under 18 years,10.5
2019,"Vancouver, British Columbia",Persons under 18 years,4.6
2020,"Vancouver, British Columbia",Persons under 18 years,4.7
2021,"Vancouver, British Columbia",Persons under 18 years,8.4
2015,"Winnipeg, Manitoba",All persons,15.7
2016,"Winnipeg, Manitoba",All persons,13.6
2017,"Winnipeg, Manitoba",All persons,12.6
2018,"Winnipeg, Manitoba",All persons,12.4
2019,"Winnipeg, Manitoba",All persons,11.9
2020,"Winnipeg, Manitoba",All persons,6.6
2021,"Winnipeg, Manitoba",All persons,9.3
2015,"Winnipeg, Manitoba",Females,15.4
2016,"Winnipeg, Manitoba",Females,13.4
2017,"Winnipeg, Manitoba",Females,12.7
2018,"Winnipeg, Manitoba",Females,12.7
2019,"Winnipeg, Manitoba",Females,11.1
2020,"Winnipeg, Manitoba",Females,5.8
2021,"Winnipeg, Manitoba",Females,10.2
2015,"Winnipeg, Manitoba","Females, 18 to 64 years",16.5
2016,"Winnipeg, Manitoba","Females, 18 to 64 years",14.0
2017,"Winnipeg, Manitoba","Females, 18 to 64 years",13.3
2018,"Winnipeg, Manitoba","Females, 18 to 64 years",13.4
2019,"Winnipeg, Manitoba","Females, 18 to 64 years",12.1
2020,"Winnipeg, Manitoba","Females, 18 to 64 years",7.0
2021,"Winnipeg, Manitoba","Females, 18 to 64 years",9.7
2015,"Winnipeg, Manitoba","Females, 65 years and over",8.4
2016,"Winnipeg, Manitoba","Females, 65 years and over",6.3
2017,"Winnipeg, Manitoba","Females, 65 years and over",6.7
2018,"Winnipeg, Manitoba","Females, 65 years and over",7.6
2019,"Winnipeg, Manitoba","Females, 65 years and over",7.0
2020,"Winnipeg, Manitoba","Females, 65 years and over",3.3
2021,"Winnipeg, Manitoba","Females, 65 years and over",8.6
2015,"Winnipeg, Manitoba","Females, under 18 years",17.4
2016,"Winnipeg, Manitoba","Females, under 18 years",16.8
2017,"Winnipeg, Manitoba","Females, under 18 years",15.7
2018,"Winnipeg, Manitoba","Females, under 18 years",14.5
2019,"Winnipeg, Manitoba","Females, under 18 years",11.4
2020,"Winnipeg, Manitoba","Females, under 18 years",4.0
2021,"Winnipeg, Manitoba","Females, under 18 years",12.9
2015,"Winnipeg, Manitoba",Males,16.0
2016,"Winnipeg, Manitoba",Males,13.8
2017,"Winnipeg, Manitoba",Males,12.4
2018,"Winnipeg, Manitoba",Males,12.1
2019,"Winnipeg, Manitoba",Males,12.7
2020,"Winnipeg, Manitoba",Males,7.4
2021,"Winnipeg, Manitoba",Males,8.5
2015,"Winnipeg, Manitoba","Males, 18 to 64 years",15.8
2016,"Winnipeg, Manitoba","Males, 18 to 64 years",14.2
2017,"Winnipeg, Manitoba","Males, 18 to 64 years",13.7
2018,"Winnipeg, Manitoba","Males, 18 to 64 years",12.8
2019,"Winnipeg, Manitoba","Males, 18 to 64 years",13.2
2020,"Winnipeg, Manitoba","Males, 18 to 64 years",9.1
2021,"Winnipeg, Manitoba","Males, 18 to 64 years",9.4
2015,"Winnipeg, Manitoba","Males, 65 years and over",
2016,"Winnipeg, Manitoba","Males, 65 years and over",3.7
2017,"Winnipeg, Manitoba","Males, 65 years and over",6.0
2018,"Winnipeg, Manitoba","Males, 65 years and over",5.1
2019,"Winnipeg, Manitoba","Males, 65 years and over",7.1
2020,"Winnipeg, Manitoba","Males, 65 years and over",1.6
2021,"Winnipeg, Manitoba","Males, 65 years and over",4.1
2015,"Winnipeg, Manitoba","Males, under 18 years",24.7
2016,"Winnipeg, Manitoba","Males, under 18 years",18.3
2017,"Winnipeg, Manitoba","Males, under 18 years",12.2
2018,"Winnipeg, Manitoba","Males, under 18 years",14.7
2019,"Winnipeg, Manitoba","Males, under 18 years",15.0
2020,"Winnipeg, Manitoba","Males, under 18 years",6.6
2021,"Winnipeg, Manitoba","Males, under 18 years",8.9
2015,"Winnipeg, Manitoba",Persons 18 to 64 years,16.1
2016,"Winnipeg, Manitoba",Persons 18 to 64 years,14.1
2017,"Winnipeg, Manitoba",Persons 18 to 64 years,13.5
2018,"Winnipeg, Manitoba",Persons 18 to 64 years,13.1
2019,"Winnipeg, Manitoba",Persons 18 to 64 years,12.7
2020,"Winnipeg, Manitoba",Persons 18 to 64 years,8.0
2021,"Winnipeg, Manitoba",Persons 18 to 64 years,9.5
2015,"Winnipeg, Manitoba",Persons 65 years and over,5.8
2016,"Winnipeg, Manitoba",Persons 65 years and over,5.1
2017,"Winnipeg, Manitoba",Persons 65 years and over,6.4
2018,"Winnipeg, Manitoba",Persons 65 years and over,6.4
2019,"Winnipeg, Manitoba",Persons 65 years and over,7.0
2020,"Winnipeg, Manitoba",Persons 65 years and over,2.5
2021,"Winnipeg, Manitoba",Persons 65 years and over,6.5
2015,"Winnipeg, Manitoba",Persons under 18 years,21.0
2016,"Winnipeg, Manitoba",Persons under 18 years,17.6
2017,"Winnipeg, Manitoba",Persons under 18 years,14.0
2018,"Winnipeg, Manitoba",Persons under 18 years,14.6
2019,"Winnipeg, Manitoba",Persons under 18 years,13.2
2020,"Winnipeg, Manitoba",Persons under 18 years,5.3
2021,"Winnipeg, Manitoba",Persons under 18 years,10.9
