Year,Age,Sex,Cause of death,Value
2015,,,,6.4
2016,,,,5.9
2017,,,,6.2
2018,,,,6.2
2019,,,,5.7
2020,,,,5.1
2021,,,,5.0
2015,All ages,Both sexes,Motor vehicle accidents,5.8
2015,All ages,Both sexes,Other land transport accidents,0.2
2015,All ages,Males,Transport accidents,9.5
2015,All ages,Males,Motor vehicle accidents,8.4
2015,All ages,Males,Other land transport accidents,0.3
2015,All ages,Females,Transport accidents,3.4
2015,All ages,Females,Motor vehicle accidents,3.2
2015,All ages,Females,Other land transport accidents,0.1
2015,Under 1 year,Both sexes,Transport accidents,1.6
2015,Under 1 year,Both sexes,Motor vehicle accidents,1.6
2015,Under 1 year,Both sexes,Other land transport accidents,0.0
2015,Under 1 year,Males,Transport accidents,1.0
2015,Under 1 year,Males,Motor vehicle accidents,1.0
2015,Under 1 year,Males,Other land transport accidents,0.0
2015,Under 1 year,Females,Transport accidents,2.1
2015,Under 1 year,Females,Motor vehicle accidents,2.1
2015,Under 1 year,Females,Other land transport accidents,0.0
2015,1 to 4 years,Both sexes,Transport accidents,1.6
2015,1 to 4 years,Both sexes,Motor vehicle accidents,1.6
2015,1 to 4 years,Both sexes,Other land transport accidents,0.1
2015,1 to 4 years,Males,Transport accidents,1.8
2015,1 to 4 years,Males,Motor vehicle accidents,1.8
2015,1 to 4 years,Males,Other land transport accidents,0.0
2015,1 to 4 years,Females,Transport accidents,1.5
2015,1 to 4 years,Females,Motor vehicle accidents,1.3
2015,1 to 4 years,Females,Other land transport accidents,0.1
2015,5 to 9 years,Both sexes,Transport accidents,0.9
2015,5 to 9 years,Both sexes,Motor vehicle accidents,0.8
2015,5 to 9 years,Both sexes,Other land transport accidents,0.1
2015,5 to 9 years,Males,Transport accidents,1.5
2015,5 to 9 years,Males,Motor vehicle accidents,1.3
2015,5 to 9 years,Males,Other land transport accidents,0.2
2015,5 to 9 years,Females,Transport accidents,0.3
2015,5 to 9 years,Females,Motor vehicle accidents,0.3
2015,5 to 9 years,Females,Other land transport accidents,0.0
2015,10 to 14 years,Both sexes,Transport accidents,1.1
2015,10 to 14 years,Both sexes,Motor vehicle accidents,1.1
2015,10 to 14 years,Both sexes,Other land transport accidents,0.1
2015,10 to 14 years,Males,Transport accidents,1.0
2015,10 to 14 years,Males,Motor vehicle accidents,1.0
2015,10 to 14 years,Males,Other land transport accidents,0.0
2015,10 to 14 years,Females,Transport accidents,1.2
2015,10 to 14 years,Females,Motor vehicle accidents,1.1
2015,10 to 14 years,Females,Other land transport accidents,0.1
2015,15 to 19 years,Both sexes,Transport accidents,7.3
2015,15 to 19 years,Both sexes,Motor vehicle accidents,7.2
2015,15 to 19 years,Both sexes,Other land transport accidents,0.1
2015,15 to 19 years,Males,Transport accidents,9.8
2015,15 to 19 years,Males,Motor vehicle accidents,9.8
2015,15 to 19 years,Males,Other land transport accidents,0.0
2015,15 to 19 years,Females,Transport accidents,4.6
2015,15 to 19 years,Females,Motor vehicle accidents,4.4
2015,15 to 19 years,Females,Other land transport accidents,0.2
2015,20 to 24 years,Both sexes,Transport accidents,9.7
2015,20 to 24 years,Both sexes,Motor vehicle accidents,8.9
2015,20 to 24 years,Both sexes,Other land transport accidents,0.4
2015,20 to 24 years,Males,Transport accidents,14.3
2015,20 to 24 years,Males,Motor vehicle accidents,13.2
2015,20 to 24 years,Males,Other land transport accidents,0.4
2015,20 to 24 years,Females,Transport accidents,4.8
2015,20 to 24 years,Females,Motor vehicle accidents,4.4
2015,20 to 24 years,Females,Other land transport accidents,0.3
2015,25 to 29 years,Both sexes,Transport accidents,7.7
2015,25 to 29 years,Both sexes,Motor vehicle accidents,7.1
2015,25 to 29 years,Both sexes,Other land transport accidents,0.1
2015,25 to 29 years,Males,Transport accidents,12.4
2015,25 to 29 years,Males,Motor vehicle accidents,11.4
2015,25 to 29 years,Males,Other land transport accidents,0.2
2015,25 to 29 years,Females,Transport accidents,2.9
2015,25 to 29 years,Females,Motor vehicle accidents,2.9
2015,25 to 29 years,Females,Other land transport accidents,0.0
2015,30 to 34 years,Both sexes,Transport accidents,6.0
2015,30 to 34 years,Both sexes,Motor vehicle accidents,5.4
2015,30 to 34 years,Both sexes,Other land transport accidents,0.3
2015,30 to 34 years,Males,Transport accidents,9.6
2015,30 to 34 years,Males,Motor vehicle accidents,8.3
2015,30 to 34 years,Males,Other land transport accidents,0.6
2015,30 to 34 years,Females,Transport accidents,2.6
2015,30 to 34 years,Females,Motor vehicle accidents,2.5
2015,30 to 34 years,Females,Other land transport accidents,0.1
2015,35 to 39 years,Both sexes,Transport accidents,4.4
2015,35 to 39 years,Both sexes,Motor vehicle accidents,4.1
2015,35 to 39 years,Both sexes,Other land transport accidents,0.2
2015,35 to 39 years,Males,Transport accidents,6.5
2015,35 to 39 years,Males,Motor vehicle accidents,5.8
2015,35 to 39 years,Males,Other land transport accidents,0.3
2015,35 to 39 years,Females,Transport accidents,2.3
2015,35 to 39 years,Females,Motor vehicle accidents,2.3
2015,35 to 39 years,Females,Other land transport accidents,0.0
2015,40 to 44 years,Both sexes,Transport accidents,5.9
2015,40 to 44 years,Both sexes,Motor vehicle accidents,5.2
2015,40 to 44 years,Both sexes,Other land transport accidents,0.2
2015,40 to 44 years,Males,Transport accidents,9.2
2015,40 to 44 years,Males,Motor vehicle accidents,8.0
2015,40 to 44 years,Males,Other land transport accidents,0.3
2015,40 to 44 years,Females,Transport accidents,2.6
2015,40 to 44 years,Females,Motor vehicle accidents,2.5
2015,40 to 44 years,Females,Other land transport accidents,0.1
2015,45 to 49 years,Both sexes,Transport accidents,6.4
2015,45 to 49 years,Both sexes,Motor vehicle accidents,5.7
2015,45 to 49 years,Both sexes,Other land transport accidents,0.1
2015,45 to 49 years,Males,Transport accidents,9.2
2015,45 to 49 years,Males,Motor vehicle accidents,7.9
2015,45 to 49 years,Males,Other land transport accidents,0.2
2015,45 to 49 years,Females,Transport accidents,3.6
2015,45 to 49 years,Females,Motor vehicle accidents,3.5
2015,45 to 49 years,Females,Other land transport accidents,0.0
2015,50 to 54 years,Both sexes,Transport accidents,6.7
2015,50 to 54 years,Both sexes,Motor vehicle accidents,5.7
2015,50 to 54 years,Both sexes,Other land transport accidents,0.1
2015,50 to 54 years,Males,Transport accidents,10.8
2015,50 to 54 years,Males,Motor vehicle accidents,9.1
2015,50 to 54 years,Males,Other land transport accidents,0.1
2015,50 to 54 years,Females,Transport accidents,2.5
2015,50 to 54 years,Females,Motor vehicle accidents,2.3
2015,50 to 54 years,Females,Other land transport accidents,0.1
2015,55 to 59 years,Both sexes,Transport accidents,8.1
2015,55 to 59 years,Both sexes,Motor vehicle accidents,6.7
2015,55 to 59 years,Both sexes,Other land transport accidents,0.2
2015,55 to 59 years,Males,Transport accidents,13.4
2015,55 to 59 years,Males,Motor vehicle accidents,11.0
2015,55 to 59 years,Males,Other land transport accidents,0.4
2015,55 to 59 years,Females,Transport accidents,2.8
2015,55 to 59 years,Females,Motor vehicle accidents,2.5
2015,55 to 59 years,Females,Other land transport accidents,0.1
2015,60 to 64 years,Both sexes,Transport accidents,6.8
2015,60 to 64 years,Both sexes,Motor vehicle accidents,5.7
2015,60 to 64 years,Both sexes,Other land transport accidents,0.4
2015,60 to 64 years,Males,Transport accidents,10.7
2015,60 to 64 years,Males,Motor vehicle accidents,8.7
2015,60 to 64 years,Males,Other land transport accidents,0.5
2015,60 to 64 years,Females,Transport accidents,3.1
2015,60 to 64 years,Females,Motor vehicle accidents,2.7
2015,60 to 64 years,Females,Other land transport accidents,0.2
2015,65 to 69 years,Both sexes,Transport accidents,6.6
2015,65 to 69 years,Both sexes,Motor vehicle accidents,5.4
2015,65 to 69 years,Both sexes,Other land transport accidents,0.2
2015,65 to 69 years,Males,Transport accidents,8.6
2015,65 to 69 years,Males,Motor vehicle accidents,7.0
2015,65 to 69 years,Males,Other land transport accidents,0.1
2015,65 to 69 years,Females,Transport accidents,4.7
2015,65 to 69 years,Females,Motor vehicle accidents,4.0
2015,65 to 69 years,Females,Other land transport accidents,0.2
2015,70 to 74 years,Both sexes,Transport accidents,8.1
2015,70 to 74 years,Both sexes,Motor vehicle accidents,7.1
2015,70 to 74 years,Both sexes,Other land transport accidents,0.2
2015,70 to 74 years,Males,Transport accidents,11.5
2015,70 to 74 years,Males,Motor vehicle accidents,9.7
2015,70 to 74 years,Males,Other land transport accidents,0.5
2015,70 to 74 years,Females,Transport accidents,5.0
2015,70 to 74 years,Females,Motor vehicle accidents,4.7
2015,70 to 74 years,Females,Other land transport accidents,0.0
2015,75 to 79 years,Both sexes,Transport accidents,10.5
2015,75 to 79 years,Both sexes,Motor vehicle accidents,9.9
2015,75 to 79 years,Both sexes,Other land transport accidents,0.2
2015,75 to 79 years,Males,Transport accidents,15.3
2015,75 to 79 years,Males,Motor vehicle accidents,14.2
2015,75 to 79 years,Males,Other land transport accidents,0.2
2015,75 to 79 years,Females,Transport accidents,6.4
2015,75 to 79 years,Females,Motor vehicle accidents,6.3
2015,75 to 79 years,Females,Other land transport accidents,0.2
2015,80 to 84 years,Both sexes,Transport accidents,14.5
2015,80 to 84 years,Both sexes,Motor vehicle accidents,13.3
2015,80 to 84 years,Both sexes,Other land transport accidents,0.4
2015,80 to 84 years,Males,Transport accidents,20.0
2015,80 to 84 years,Males,Motor vehicle accidents,18.1
2015,80 to 84 years,Males,Other land transport accidents,0.6
2015,80 to 84 years,Females,Transport accidents,10.3
2015,80 to 84 years,Females,Motor vehicle accidents,9.6
2015,80 to 84 years,Females,Other land transport accidents,0.2
2015,85 to 89 years,Both sexes,Transport accidents,14.4
2015,85 to 89 years,Both sexes,Motor vehicle accidents,13.4
2015,85 to 89 years,Both sexes,Other land transport accidents,0.4
2015,85 to 89 years,Males,Transport accidents,23.3
2015,85 to 89 years,Males,Motor vehicle accidents,20.5
2015,85 to 89 years,Males,Other land transport accidents,1.1
2015,85 to 89 years,Females,Transport accidents,9.1
2015,85 to 89 years,Females,Motor vehicle accidents,9.1
2015,85 to 89 years,Females,Other land transport accidents,0.0
2015,90 years and over,Both sexes,Transport accidents,14.0
2015,90 years and over,Both sexes,Motor vehicle accidents,13.6
2015,90 years and over,Both sexes,Other land transport accidents,0.0
2015,90 years and over,Males,Transport accidents,24.0
2015,90 years and over,Males,Motor vehicle accidents,24.0
2015,90 years and over,Males,Other land transport accidents,0.0
2015,90 years and over,Females,Transport accidents,10.0
2015,90 years and over,Females,Motor vehicle accidents,9.5
2015,90 years and over,Females,Other land transport accidents,0.0
2015,Not stated,Both sexes,Transport accidents,0.0
2015,Not stated,Both sexes,Motor vehicle accidents,0.0
2015,Not stated,Both sexes,Other land transport accidents,0.0
2015,Not stated,Males,Transport accidents,0.0
2015,Not stated,Males,Motor vehicle accidents,0.0
2015,Not stated,Males,Other land transport accidents,0.0
2015,Not stated,Females,Transport accidents,0.0
2015,Not stated,Females,Motor vehicle accidents,0.0
2015,Not stated,Females,Other land transport accidents,0.0
2016,All ages,Both sexes,Motor vehicle accidents,5.4
2016,All ages,Both sexes,Other land transport accidents,0.1
2016,All ages,Males,Transport accidents,8.4
2016,All ages,Males,Motor vehicle accidents,7.6
2016,All ages,Males,Other land transport accidents,0.2
2016,All ages,Females,Transport accidents,3.5
2016,All ages,Females,Motor vehicle accidents,3.2
2016,All ages,Females,Other land transport accidents,0.1
2016,Under 1 year,Both sexes,Transport accidents,0.5
2016,Under 1 year,Both sexes,Motor vehicle accidents,0.5
2016,Under 1 year,Both sexes,Other land transport accidents,0.0
2016,Under 1 year,Males,Transport accidents,0.5
2016,Under 1 year,Males,Motor vehicle accidents,0.5
2016,Under 1 year,Males,Other land transport accidents,0.0
2016,Under 1 year,Females,Transport accidents,0.5
2016,Under 1 year,Females,Motor vehicle accidents,0.5
2016,Under 1 year,Females,Other land transport accidents,0.0
2016,1 to 4 years,Both sexes,Transport accidents,1.3
2016,1 to 4 years,Both sexes,Motor vehicle accidents,1.2
2016,1 to 4 years,Both sexes,Other land transport accidents,0.1
2016,1 to 4 years,Males,Transport accidents,1.6
2016,1 to 4 years,Males,Motor vehicle accidents,1.5
2016,1 to 4 years,Males,Other land transport accidents,0.1
2016,1 to 4 years,Females,Transport accidents,0.9
2016,1 to 4 years,Females,Motor vehicle accidents,0.9
2016,1 to 4 years,Females,Other land transport accidents,0.0
2016,5 to 9 years,Both sexes,Transport accidents,1.0
2016,5 to 9 years,Both sexes,Motor vehicle accidents,0.9
2016,5 to 9 years,Both sexes,Other land transport accidents,0.0
2016,5 to 9 years,Males,Transport accidents,1.0
2016,5 to 9 years,Males,Motor vehicle accidents,1.0
2016,5 to 9 years,Males,Other land transport accidents,0.0
2016,5 to 9 years,Females,Transport accidents,0.9
2016,5 to 9 years,Females,Motor vehicle accidents,0.8
2016,5 to 9 years,Females,Other land transport accidents,0.0
2016,10 to 14 years,Both sexes,Transport accidents,1.4
2016,10 to 14 years,Both sexes,Motor vehicle accidents,1.4
2016,10 to 14 years,Both sexes,Other land transport accidents,0.1
2016,10 to 14 years,Males,Transport accidents,1.8
2016,10 to 14 years,Males,Motor vehicle accidents,1.7
2016,10 to 14 years,Males,Other land transport accidents,0.1
2016,10 to 14 years,Females,Transport accidents,1.1
2016,10 to 14 years,Females,Motor vehicle accidents,1.1
2016,10 to 14 years,Females,Other land transport accidents,0.0
2016,15 to 19 years,Both sexes,Transport accidents,6.5
2016,15 to 19 years,Both sexes,Motor vehicle accidents,6.0
2016,15 to 19 years,Both sexes,Other land transport accidents,0.3
2016,15 to 19 years,Males,Transport accidents,8.1
2016,15 to 19 years,Males,Motor vehicle accidents,7.3
2016,15 to 19 years,Males,Other land transport accidents,0.5
2016,15 to 19 years,Females,Transport accidents,4.8
2016,15 to 19 years,Females,Motor vehicle accidents,4.7
2016,15 to 19 years,Females,Other land transport accidents,0.1
2016,20 to 24 years,Both sexes,Transport accidents,8.3
2016,20 to 24 years,Both sexes,Motor vehicle accidents,7.7
2016,20 to 24 years,Both sexes,Other land transport accidents,0.1
2016,20 to 24 years,Males,Transport accidents,12.5
2016,20 to 24 years,Males,Motor vehicle accidents,11.5
2016,20 to 24 years,Males,Other land transport accidents,0.2
2016,20 to 24 years,Females,Transport accidents,3.9
2016,20 to 24 years,Females,Motor vehicle accidents,3.7
2016,20 to 24 years,Females,Other land transport accidents,0.1
2016,25 to 29 years,Both sexes,Transport accidents,7.9
2016,25 to 29 years,Both sexes,Motor vehicle accidents,7.5
2016,25 to 29 years,Both sexes,Other land transport accidents,0.2
2016,25 to 29 years,Males,Transport accidents,11.5
2016,25 to 29 years,Males,Motor vehicle accidents,11.0
2016,25 to 29 years,Males,Other land transport accidents,0.3
2016,25 to 29 years,Females,Transport accidents,4.2
2016,25 to 29 years,Females,Motor vehicle accidents,4.0
2016,25 to 29 years,Females,Other land transport accidents,0.0
2016,30 to 34 years,Both sexes,Transport accidents,5.8
2016,30 to 34 years,Both sexes,Motor vehicle accidents,5.5
2016,30 to 34 years,Both sexes,Other land transport accidents,0.0
2016,30 to 34 years,Males,Transport accidents,8.5
2016,30 to 34 years,Males,Motor vehicle accidents,8.1
2016,30 to 34 years,Males,Other land transport accidents,0.0
2016,30 to 34 years,Females,Transport accidents,3.2
2016,30 to 34 years,Females,Motor vehicle accidents,3.0
2016,30 to 34 years,Females,Other land transport accidents,0.1
2016,35 to 39 years,Both sexes,Transport accidents,5.0
2016,35 to 39 years,Both sexes,Motor vehicle accidents,4.6
2016,35 to 39 years,Both sexes,Other land transport accidents,0.1
2016,35 to 39 years,Males,Transport accidents,7.2
2016,35 to 39 years,Males,Motor vehicle accidents,6.6
2016,35 to 39 years,Males,Other land transport accidents,0.2
2016,35 to 39 years,Females,Transport accidents,2.8
2016,35 to 39 years,Females,Motor vehicle accidents,2.7
2016,35 to 39 years,Females,Other land transport accidents,0.1
2016,40 to 44 years,Both sexes,Transport accidents,5.5
2016,40 to 44 years,Both sexes,Motor vehicle accidents,5.0
2016,40 to 44 years,Both sexes,Other land transport accidents,0.1
2016,40 to 44 years,Males,Transport accidents,8.7
2016,40 to 44 years,Males,Motor vehicle accidents,8.0
2016,40 to 44 years,Males,Other land transport accidents,0.2
2016,40 to 44 years,Females,Transport accidents,2.2
2016,40 to 44 years,Females,Motor vehicle accidents,2.0
2016,40 to 44 years,Females,Other land transport accidents,0.1
2016,45 to 49 years,Both sexes,Transport accidents,5.1
2016,45 to 49 years,Both sexes,Motor vehicle accidents,4.5
2016,45 to 49 years,Both sexes,Other land transport accidents,0.1
2016,45 to 49 years,Males,Transport accidents,8.1
2016,45 to 49 years,Males,Motor vehicle accidents,7.1
2016,45 to 49 years,Males,Other land transport accidents,0.2
2016,45 to 49 years,Females,Transport accidents,2.1
2016,45 to 49 years,Females,Motor vehicle accidents,1.9
2016,45 to 49 years,Females,Other land transport accidents,0.0
2016,50 to 54 years,Both sexes,Transport accidents,5.7
2016,50 to 54 years,Both sexes,Motor vehicle accidents,5.2
2016,50 to 54 years,Both sexes,Other land transport accidents,0.1
2016,50 to 54 years,Males,Transport accidents,8.4
2016,50 to 54 years,Males,Motor vehicle accidents,7.4
2016,50 to 54 years,Males,Other land transport accidents,0.3
2016,50 to 54 years,Females,Transport accidents,3.0
2016,50 to 54 years,Females,Motor vehicle accidents,2.9
2016,50 to 54 years,Females,Other land transport accidents,0.0
2016,55 to 59 years,Both sexes,Transport accidents,6.6
2016,55 to 59 years,Both sexes,Motor vehicle accidents,5.5
2016,55 to 59 years,Both sexes,Other land transport accidents,0.2
2016,55 to 59 years,Males,Transport accidents,10.0
2016,55 to 59 years,Males,Motor vehicle accidents,8.2
2016,55 to 59 years,Males,Other land transport accidents,0.3
2016,55 to 59 years,Females,Transport accidents,3.2
2016,55 to 59 years,Females,Motor vehicle accidents,2.8
2016,55 to 59 years,Females,Other land transport accidents,0.0
2016,60 to 64 years,Both sexes,Transport accidents,6.7
2016,60 to 64 years,Both sexes,Motor vehicle accidents,5.8
2016,60 to 64 years,Both sexes,Other land transport accidents,0.1
2016,60 to 64 years,Males,Transport accidents,10.7
2016,60 to 64 years,Males,Motor vehicle accidents,9.1
2016,60 to 64 years,Males,Other land transport accidents,0.1
2016,60 to 64 years,Females,Transport accidents,2.8
2016,60 to 64 years,Females,Motor vehicle accidents,2.6
2016,60 to 64 years,Females,Other land transport accidents,0.1
2016,65 to 69 years,Both sexes,Transport accidents,6.6
2016,65 to 69 years,Both sexes,Motor vehicle accidents,5.7
2016,65 to 69 years,Both sexes,Other land transport accidents,0.3
2016,65 to 69 years,Males,Transport accidents,8.5
2016,65 to 69 years,Males,Motor vehicle accidents,7.3
2016,65 to 69 years,Males,Other land transport accidents,0.4
2016,65 to 69 years,Females,Transport accidents,4.7
2016,65 to 69 years,Females,Motor vehicle accidents,4.2
2016,65 to 69 years,Females,Other land transport accidents,0.1
2016,70 to 74 years,Both sexes,Transport accidents,7.6
2016,70 to 74 years,Both sexes,Motor vehicle accidents,6.9
2016,70 to 74 years,Both sexes,Other land transport accidents,0.1
2016,70 to 74 years,Males,Transport accidents,10.2
2016,70 to 74 years,Males,Motor vehicle accidents,9.2
2016,70 to 74 years,Males,Other land transport accidents,0.0
2016,70 to 74 years,Females,Transport accidents,5.2
2016,70 to 74 years,Females,Motor vehicle accidents,4.8
2016,70 to 74 years,Females,Other land transport accidents,0.3
2016,75 to 79 years,Both sexes,Transport accidents,8.9
2016,75 to 79 years,Both sexes,Motor vehicle accidents,7.5
2016,75 to 79 years,Both sexes,Other land transport accidents,0.6
2016,75 to 79 years,Males,Transport accidents,11.4
2016,75 to 79 years,Males,Motor vehicle accidents,9.7
2016,75 to 79 years,Males,Other land transport accidents,0.8
2016,75 to 79 years,Females,Transport accidents,6.8
2016,75 to 79 years,Females,Motor vehicle accidents,5.7
2016,75 to 79 years,Females,Other land transport accidents,0.4
2016,80 to 84 years,Both sexes,Transport accidents,12.9
2016,80 to 84 years,Both sexes,Motor vehicle accidents,12.1
2016,80 to 84 years,Both sexes,Other land transport accidents,0.1
2016,80 to 84 years,Males,Transport accidents,15.4
2016,80 to 84 years,Males,Motor vehicle accidents,14.1
2016,80 to 84 years,Males,Other land transport accidents,0.0
2016,80 to 84 years,Females,Transport accidents,11.0
2016,80 to 84 years,Females,Motor vehicle accidents,10.5
2016,80 to 84 years,Females,Other land transport accidents,0.2
2016,85 to 89 years,Both sexes,Transport accidents,13.4
2016,85 to 89 years,Both sexes,Motor vehicle accidents,13.2
2016,85 to 89 years,Both sexes,Other land transport accidents,0.0
2016,85 to 89 years,Males,Transport accidents,19.1
2016,85 to 89 years,Males,Motor vehicle accidents,18.6
2016,85 to 89 years,Males,Other land transport accidents,0.0
2016,85 to 89 years,Females,Transport accidents,9.9
2016,85 to 89 years,Females,Motor vehicle accidents,9.9
2016,85 to 89 years,Females,Other land transport accidents,0.0
2016,90 years and over,Both sexes,Transport accidents,13.3
2016,90 years and over,Both sexes,Motor vehicle accidents,13.0
2016,90 years and over,Both sexes,Other land transport accidents,0.0
2016,90 years and over,Males,Transport accidents,27.2
2016,90 years and over,Males,Motor vehicle accidents,27.2
2016,90 years and over,Males,Other land transport accidents,0.0
2016,90 years and over,Females,Transport accidents,7.7
2016,90 years and over,Females,Motor vehicle accidents,7.2
2016,90 years and over,Females,Other land transport accidents,0.0
2016,Not stated,Both sexes,Transport accidents,0.0
2016,Not stated,Both sexes,Motor vehicle accidents,0.0
2016,Not stated,Both sexes,Other land transport accidents,0.0
2016,Not stated,Males,Transport accidents,0.0
2016,Not stated,Males,Motor vehicle accidents,0.0
2016,Not stated,Males,Other land transport accidents,0.0
2016,Not stated,Females,Transport accidents,0.0
2016,Not stated,Females,Motor vehicle accidents,0.0
2016,Not stated,Females,Other land transport accidents,0.0
2017,All ages,Both sexes,Motor vehicle accidents,5.5
2017,All ages,Both sexes,Other land transport accidents,0.2
2017,All ages,Males,Transport accidents,8.9
2017,All ages,Males,Motor vehicle accidents,7.8
2017,All ages,Males,Other land transport accidents,0.3
2017,All ages,Females,Transport accidents,3.5
2017,All ages,Females,Motor vehicle accidents,3.3
2017,All ages,Females,Other land transport accidents,0.1
2017,Under 1 year,Both sexes,Transport accidents,0.8
2017,Under 1 year,Both sexes,Motor vehicle accidents,0.8
2017,Under 1 year,Both sexes,Other land transport accidents,0.0
2017,Under 1 year,Males,Transport accidents,1.0
2017,Under 1 year,Males,Motor vehicle accidents,1.0
2017,Under 1 year,Males,Other land transport accidents,0.0
2017,Under 1 year,Females,Transport accidents,0.5
2017,Under 1 year,Females,Motor vehicle accidents,0.5
2017,Under 1 year,Females,Other land transport accidents,0.0
2017,1 to 4 years,Both sexes,Transport accidents,1.9
2017,1 to 4 years,Both sexes,Motor vehicle accidents,1.9
2017,1 to 4 years,Both sexes,Other land transport accidents,0.0
2017,1 to 4 years,Males,Transport accidents,2.1
2017,1 to 4 years,Males,Motor vehicle accidents,2.1
2017,1 to 4 years,Males,Other land transport accidents,0.0
2017,1 to 4 years,Females,Transport accidents,1.7
2017,1 to 4 years,Females,Motor vehicle accidents,1.7
2017,1 to 4 years,Females,Other land transport accidents,0.0
2017,5 to 9 years,Both sexes,Transport accidents,1.3
2017,5 to 9 years,Both sexes,Motor vehicle accidents,1.2
2017,5 to 9 years,Both sexes,Other land transport accidents,0.0
2017,5 to 9 years,Males,Transport accidents,1.4
2017,5 to 9 years,Males,Motor vehicle accidents,1.2
2017,5 to 9 years,Males,Other land transport accidents,0.1
2017,5 to 9 years,Females,Transport accidents,1.2
2017,5 to 9 years,Females,Motor vehicle accidents,1.2
2017,5 to 9 years,Females,Other land transport accidents,0.0
2017,10 to 14 years,Both sexes,Transport accidents,1.2
2017,10 to 14 years,Both sexes,Motor vehicle accidents,1.1
2017,10 to 14 years,Both sexes,Other land transport accidents,0.1
2017,10 to 14 years,Males,Transport accidents,1.4
2017,10 to 14 years,Males,Motor vehicle accidents,1.2
2017,10 to 14 years,Males,Other land transport accidents,0.0
2017,10 to 14 years,Females,Transport accidents,1.0
2017,10 to 14 years,Females,Motor vehicle accidents,0.9
2017,10 to 14 years,Females,Other land transport accidents,0.1
2017,15 to 19 years,Both sexes,Transport accidents,6.6
2017,15 to 19 years,Both sexes,Motor vehicle accidents,6.1
2017,15 to 19 years,Both sexes,Other land transport accidents,0.2
2017,15 to 19 years,Males,Transport accidents,8.7
2017,15 to 19 years,Males,Motor vehicle accidents,7.8
2017,15 to 19 years,Males,Other land transport accidents,0.4
2017,15 to 19 years,Females,Transport accidents,4.3
2017,15 to 19 years,Females,Motor vehicle accidents,4.3
2017,15 to 19 years,Females,Other land transport accidents,0.0
2017,20 to 24 years,Both sexes,Transport accidents,8.4
2017,20 to 24 years,Both sexes,Motor vehicle accidents,7.7
2017,20 to 24 years,Both sexes,Other land transport accidents,0.3
2017,20 to 24 years,Males,Transport accidents,12.0
2017,20 to 24 years,Males,Motor vehicle accidents,10.9
2017,20 to 24 years,Males,Other land transport accidents,0.6
2017,20 to 24 years,Females,Transport accidents,4.4
2017,20 to 24 years,Females,Motor vehicle accidents,4.3
2017,20 to 24 years,Females,Other land transport accidents,0.1
2017,25 to 29 years,Both sexes,Transport accidents,7.7
2017,25 to 29 years,Both sexes,Motor vehicle accidents,6.6
2017,25 to 29 years,Both sexes,Other land transport accidents,0.3
2017,25 to 29 years,Males,Transport accidents,11.6
2017,25 to 29 years,Males,Motor vehicle accidents,9.8
2017,25 to 29 years,Males,Other land transport accidents,0.4
2017,25 to 29 years,Females,Transport accidents,3.6
2017,25 to 29 years,Females,Motor vehicle accidents,3.2
2017,25 to 29 years,Females,Other land transport accidents,0.2
2017,30 to 34 years,Both sexes,Transport accidents,6.9
2017,30 to 34 years,Both sexes,Motor vehicle accidents,6.6
2017,30 to 34 years,Both sexes,Other land transport accidents,0.1
2017,30 to 34 years,Males,Transport accidents,11.0
2017,30 to 34 years,Males,Motor vehicle accidents,10.5
2017,30 to 34 years,Males,Other land transport accidents,0.2
2017,30 to 34 years,Females,Transport accidents,2.7
2017,30 to 34 years,Females,Motor vehicle accidents,2.6
2017,30 to 34 years,Females,Other land transport accidents,0.1
2017,35 to 39 years,Both sexes,Transport accidents,7.1
2017,35 to 39 years,Both sexes,Motor vehicle accidents,6.4
2017,35 to 39 years,Both sexes,Other land transport accidents,0.2
2017,35 to 39 years,Males,Transport accidents,10.6
2017,35 to 39 years,Males,Motor vehicle accidents,9.5
2017,35 to 39 years,Males,Other land transport accidents,0.3
2017,35 to 39 years,Females,Transport accidents,3.6
2017,35 to 39 years,Females,Motor vehicle accidents,3.4
2017,35 to 39 years,Females,Other land transport accidents,0.1
2017,40 to 44 years,Both sexes,Transport accidents,5.9
2017,40 to 44 years,Both sexes,Motor vehicle accidents,5.1
2017,40 to 44 years,Both sexes,Other land transport accidents,0.3
2017,40 to 44 years,Males,Transport accidents,9.1
2017,40 to 44 years,Males,Motor vehicle accidents,7.7
2017,40 to 44 years,Males,Other land transport accidents,0.4
2017,40 to 44 years,Females,Transport accidents,2.7
2017,40 to 44 years,Females,Motor vehicle accidents,2.6
2017,40 to 44 years,Females,Other land transport accidents,0.1
2017,45 to 49 years,Both sexes,Transport accidents,5.3
2017,45 to 49 years,Both sexes,Motor vehicle accidents,4.5
2017,45 to 49 years,Both sexes,Other land transport accidents,0.2
2017,45 to 49 years,Males,Transport accidents,7.6
2017,45 to 49 years,Males,Motor vehicle accidents,6.6
2017,45 to 49 years,Males,Other land transport accidents,0.1
2017,45 to 49 years,Females,Transport accidents,3.0
2017,45 to 49 years,Females,Motor vehicle accidents,2.5
2017,45 to 49 years,Females,Other land transport accidents,0.3
2017,50 to 54 years,Both sexes,Transport accidents,6.3
2017,50 to 54 years,Both sexes,Motor vehicle accidents,5.6
2017,50 to 54 years,Both sexes,Other land transport accidents,0.2
2017,50 to 54 years,Males,Transport accidents,9.4
2017,50 to 54 years,Males,Motor vehicle accidents,8.1
2017,50 to 54 years,Males,Other land transport accidents,0.3
2017,50 to 54 years,Females,Transport accidents,3.2
2017,50 to 54 years,Females,Motor vehicle accidents,3.1
2017,50 to 54 years,Females,Other land transport accidents,0.0
2017,55 to 59 years,Both sexes,Transport accidents,6.8
2017,55 to 59 years,Both sexes,Motor vehicle accidents,6.0
2017,55 to 59 years,Both sexes,Other land transport accidents,0.2
2017,55 to 59 years,Males,Transport accidents,9.7
2017,55 to 59 years,Males,Motor vehicle accidents,8.7
2017,55 to 59 years,Males,Other land transport accidents,0.2
2017,55 to 59 years,Females,Transport accidents,3.8
2017,55 to 59 years,Females,Motor vehicle accidents,3.3
2017,55 to 59 years,Females,Other land transport accidents,0.2
2017,60 to 64 years,Both sexes,Transport accidents,7.5
2017,60 to 64 years,Both sexes,Motor vehicle accidents,6.2
2017,60 to 64 years,Both sexes,Other land transport accidents,0.3
2017,60 to 64 years,Males,Transport accidents,11.2
2017,60 to 64 years,Males,Motor vehicle accidents,8.9
2017,60 to 64 years,Males,Other land transport accidents,0.4
2017,60 to 64 years,Females,Transport accidents,4.0
2017,60 to 64 years,Females,Motor vehicle accidents,3.6
2017,60 to 64 years,Females,Other land transport accidents,0.1
2017,65 to 69 years,Both sexes,Transport accidents,6.1
2017,65 to 69 years,Both sexes,Motor vehicle accidents,5.3
2017,65 to 69 years,Both sexes,Other land transport accidents,0.3
2017,65 to 69 years,Males,Transport accidents,8.9
2017,65 to 69 years,Males,Motor vehicle accidents,7.2
2017,65 to 69 years,Males,Other land transport accidents,0.5
2017,65 to 69 years,Females,Transport accidents,3.5
2017,65 to 69 years,Females,Motor vehicle accidents,3.4
2017,65 to 69 years,Females,Other land transport accidents,0.1
2017,70 to 74 years,Both sexes,Transport accidents,6.5
2017,70 to 74 years,Both sexes,Motor vehicle accidents,5.7
2017,70 to 74 years,Both sexes,Other land transport accidents,0.4
2017,70 to 74 years,Males,Transport accidents,9.7
2017,70 to 74 years,Males,Motor vehicle accidents,8.3
2017,70 to 74 years,Males,Other land transport accidents,0.5
2017,70 to 74 years,Females,Transport accidents,3.6
2017,70 to 74 years,Females,Motor vehicle accidents,3.3
2017,70 to 74 years,Females,Other land transport accidents,0.3
2017,75 to 79 years,Both sexes,Transport accidents,8.8
2017,75 to 79 years,Both sexes,Motor vehicle accidents,8.0
2017,75 to 79 years,Both sexes,Other land transport accidents,0.4
2017,75 to 79 years,Males,Transport accidents,12.5
2017,75 to 79 years,Males,Motor vehicle accidents,11.0
2017,75 to 79 years,Males,Other land transport accidents,0.8
2017,75 to 79 years,Females,Transport accidents,5.6
2017,75 to 79 years,Females,Motor vehicle accidents,5.5
2017,75 to 79 years,Females,Other land transport accidents,0.0
2017,80 to 84 years,Both sexes,Transport accidents,10.9
2017,80 to 84 years,Both sexes,Motor vehicle accidents,9.7
2017,80 to 84 years,Both sexes,Other land transport accidents,0.7
2017,80 to 84 years,Males,Transport accidents,14.0
2017,80 to 84 years,Males,Motor vehicle accidents,12.5
2017,80 to 84 years,Males,Other land transport accidents,0.9
2017,80 to 84 years,Females,Transport accidents,8.5
2017,80 to 84 years,Females,Motor vehicle accidents,7.6
2017,80 to 84 years,Females,Other land transport accidents,0.5
2017,85 to 89 years,Both sexes,Transport accidents,14.2
2017,85 to 89 years,Both sexes,Motor vehicle accidents,13.2
2017,85 to 89 years,Both sexes,Other land transport accidents,0.6
2017,85 to 89 years,Males,Transport accidents,19.7
2017,85 to 89 years,Males,Motor vehicle accidents,17.1
2017,85 to 89 years,Males,Other land transport accidents,1.6
2017,85 to 89 years,Females,Transport accidents,10.6
2017,85 to 89 years,Females,Motor vehicle accidents,10.6
2017,85 to 89 years,Females,Other land transport accidents,0.0
2017,90 years and over,Both sexes,Transport accidents,9.6
2017,90 years and over,Both sexes,Motor vehicle accidents,8.9
2017,90 years and over,Both sexes,Other land transport accidents,0.3
2017,90 years and over,Males,Transport accidents,20.2
2017,90 years and over,Males,Motor vehicle accidents,17.9
2017,90 years and over,Males,Other land transport accidents,1.1
2017,90 years and over,Females,Transport accidents,5.2
2017,90 years and over,Females,Motor vehicle accidents,5.2
2017,90 years and over,Females,Other land transport accidents,0.0
2017,Not stated,Both sexes,Transport accidents,0.0
2017,Not stated,Both sexes,Motor vehicle accidents,0.0
2017,Not stated,Both sexes,Other land transport accidents,0.0
2017,Not stated,Males,Transport accidents,0.0
2017,Not stated,Males,Motor vehicle accidents,0.0
2017,Not stated,Males,Other land transport accidents,0.0
2017,Not stated,Females,Transport accidents,0.0
2017,Not stated,Females,Motor vehicle accidents,0.0
2017,Not stated,Females,Other land transport accidents,0.0
2018,All ages,Both sexes,Motor vehicle accidents,5.6
2018,All ages,Both sexes,Other land transport accidents,0.2
2018,All ages,Males,Transport accidents,9.0
2018,All ages,Males,Motor vehicle accidents,8.0
2018,All ages,Males,Other land transport accidents,0.4
2018,All ages,Females,Transport accidents,3.5
2018,All ages,Females,Motor vehicle accidents,3.3
2018,All ages,Females,Other land transport accidents,0.1
2018,Under 1 year,Both sexes,Transport accidents,0.3
2018,Under 1 year,Both sexes,Motor vehicle accidents,0.3
2018,Under 1 year,Both sexes,Other land transport accidents,0.0
2018,Under 1 year,Males,Transport accidents,0.0
2018,Under 1 year,Males,Motor vehicle accidents,0.0
2018,Under 1 year,Males,Other land transport accidents,0.0
2018,Under 1 year,Females,Transport accidents,0.5
2018,Under 1 year,Females,Motor vehicle accidents,0.5
2018,Under 1 year,Females,Other land transport accidents,0.0
2018,1 to 4 years,Both sexes,Transport accidents,1.2
2018,1 to 4 years,Both sexes,Motor vehicle accidents,1.2
2018,1 to 4 years,Both sexes,Other land transport accidents,0.1
2018,1 to 4 years,Males,Transport accidents,1.4
2018,1 to 4 years,Males,Motor vehicle accidents,1.2
2018,1 to 4 years,Males,Other land transport accidents,0.1
2018,1 to 4 years,Females,Transport accidents,1.0
2018,1 to 4 years,Females,Motor vehicle accidents,1.0
2018,1 to 4 years,Females,Other land transport accidents,0.0
2018,5 to 9 years,Both sexes,Transport accidents,1.1
2018,5 to 9 years,Both sexes,Motor vehicle accidents,0.9
2018,5 to 9 years,Both sexes,Other land transport accidents,0.1
2018,5 to 9 years,Males,Transport accidents,1.1
2018,5 to 9 years,Males,Motor vehicle accidents,0.9
2018,5 to 9 years,Males,Other land transport accidents,0.1
2018,5 to 9 years,Females,Transport accidents,1.1
2018,5 to 9 years,Females,Motor vehicle accidents,1.0
2018,5 to 9 years,Females,Other land transport accidents,0.1
2018,10 to 14 years,Both sexes,Transport accidents,1.3
2018,10 to 14 years,Both sexes,Motor vehicle accidents,1.2
2018,10 to 14 years,Both sexes,Other land transport accidents,0.1
2018,10 to 14 years,Males,Transport accidents,1.5
2018,10 to 14 years,Males,Motor vehicle accidents,1.3
2018,10 to 14 years,Males,Other land transport accidents,0.1
2018,10 to 14 years,Females,Transport accidents,1.0
2018,10 to 14 years,Females,Motor vehicle accidents,1.0
2018,10 to 14 years,Females,Other land transport accidents,0.0
2018,15 to 19 years,Both sexes,Transport accidents,6.4
2018,15 to 19 years,Both sexes,Motor vehicle accidents,6.1
2018,15 to 19 years,Both sexes,Other land transport accidents,0.2
2018,15 to 19 years,Males,Transport accidents,7.5
2018,15 to 19 years,Males,Motor vehicle accidents,7.0
2018,15 to 19 years,Males,Other land transport accidents,0.4
2018,15 to 19 years,Females,Transport accidents,5.2
2018,15 to 19 years,Females,Motor vehicle accidents,5.1
2018,15 to 19 years,Females,Other land transport accidents,0.1
2018,20 to 24 years,Both sexes,Transport accidents,8.8
2018,20 to 24 years,Both sexes,Motor vehicle accidents,8.2
2018,20 to 24 years,Both sexes,Other land transport accidents,0.3
2018,20 to 24 years,Males,Transport accidents,12.6
2018,20 to 24 years,Males,Motor vehicle accidents,11.5
2018,20 to 24 years,Males,Other land transport accidents,0.5
2018,20 to 24 years,Females,Transport accidents,4.7
2018,20 to 24 years,Females,Motor vehicle accidents,4.6
2018,20 to 24 years,Females,Other land transport accidents,0.1
2018,25 to 29 years,Both sexes,Transport accidents,7.5
2018,25 to 29 years,Both sexes,Motor vehicle accidents,7.1
2018,25 to 29 years,Both sexes,Other land transport accidents,0.2
2018,25 to 29 years,Males,Transport accidents,11.0
2018,25 to 29 years,Males,Motor vehicle accidents,10.4
2018,25 to 29 years,Males,Other land transport accidents,0.4
2018,25 to 29 years,Females,Transport accidents,3.8
2018,25 to 29 years,Females,Motor vehicle accidents,3.6
2018,25 to 29 years,Females,Other land transport accidents,0.1
2018,30 to 34 years,Both sexes,Transport accidents,6.2
2018,30 to 34 years,Both sexes,Motor vehicle accidents,5.9
2018,30 to 34 years,Both sexes,Other land transport accidents,0.2
2018,30 to 34 years,Males,Transport accidents,9.6
2018,30 to 34 years,Males,Motor vehicle accidents,9.2
2018,30 to 34 years,Males,Other land transport accidents,0.3
2018,30 to 34 years,Females,Transport accidents,2.8
2018,30 to 34 years,Females,Motor vehicle accidents,2.5
2018,30 to 34 years,Females,Other land transport accidents,0.0
2018,35 to 39 years,Both sexes,Transport accidents,5.7
2018,35 to 39 years,Both sexes,Motor vehicle accidents,5.4
2018,35 to 39 years,Both sexes,Other land transport accidents,0.1
2018,35 to 39 years,Males,Transport accidents,8.9
2018,35 to 39 years,Males,Motor vehicle accidents,8.1
2018,35 to 39 years,Males,Other land transport accidents,0.2
2018,35 to 39 years,Females,Transport accidents,2.6
2018,35 to 39 years,Females,Motor vehicle accidents,2.6
2018,35 to 39 years,Females,Other land transport accidents,0.0
2018,40 to 44 years,Both sexes,Transport accidents,5.8
2018,40 to 44 years,Both sexes,Motor vehicle accidents,5.2
2018,40 to 44 years,Both sexes,Other land transport accidents,0.1
2018,40 to 44 years,Males,Transport accidents,8.8
2018,40 to 44 years,Males,Motor vehicle accidents,7.6
2018,40 to 44 years,Males,Other land transport accidents,0.2
2018,40 to 44 years,Females,Transport accidents,2.9
2018,40 to 44 years,Females,Motor vehicle accidents,2.7
2018,40 to 44 years,Females,Other land transport accidents,0.0
2018,45 to 49 years,Both sexes,Transport accidents,5.4
2018,45 to 49 years,Both sexes,Motor vehicle accidents,5.1
2018,45 to 49 years,Both sexes,Other land transport accidents,0.1
2018,45 to 49 years,Males,Transport accidents,8.4
2018,45 to 49 years,Males,Motor vehicle accidents,7.7
2018,45 to 49 years,Males,Other land transport accidents,0.1
2018,45 to 49 years,Females,Transport accidents,2.6
2018,45 to 49 years,Females,Motor vehicle accidents,2.5
2018,45 to 49 years,Females,Other land transport accidents,0.1
2018,50 to 54 years,Both sexes,Transport accidents,6.9
2018,50 to 54 years,Both sexes,Motor vehicle accidents,5.9
2018,50 to 54 years,Both sexes,Other land transport accidents,0.3
2018,50 to 54 years,Males,Transport accidents,10.0
2018,50 to 54 years,Males,Motor vehicle accidents,8.6
2018,50 to 54 years,Males,Other land transport accidents,0.5
2018,50 to 54 years,Females,Transport accidents,3.7
2018,50 to 54 years,Females,Motor vehicle accidents,3.2
2018,50 to 54 years,Females,Other land transport accidents,0.1
2018,55 to 59 years,Both sexes,Transport accidents,6.2
2018,55 to 59 years,Both sexes,Motor vehicle accidents,4.9
2018,55 to 59 years,Both sexes,Other land transport accidents,0.4
2018,55 to 59 years,Males,Transport accidents,9.7
2018,55 to 59 years,Males,Motor vehicle accidents,7.4
2018,55 to 59 years,Males,Other land transport accidents,0.8
2018,55 to 59 years,Females,Transport accidents,2.7
2018,55 to 59 years,Females,Motor vehicle accidents,2.6
2018,55 to 59 years,Females,Other land transport accidents,0.0
2018,60 to 64 years,Both sexes,Transport accidents,7.9
2018,60 to 64 years,Both sexes,Motor vehicle accidents,6.8
2018,60 to 64 years,Both sexes,Other land transport accidents,0.4
2018,60 to 64 years,Males,Transport accidents,12.0
2018,60 to 64 years,Males,Motor vehicle accidents,10.4
2018,60 to 64 years,Males,Other land transport accidents,0.7
2018,60 to 64 years,Females,Transport accidents,4.0
2018,60 to 64 years,Females,Motor vehicle accidents,3.4
2018,60 to 64 years,Females,Other land transport accidents,0.2
2018,65 to 69 years,Both sexes,Transport accidents,6.3
2018,65 to 69 years,Both sexes,Motor vehicle accidents,5.5
2018,65 to 69 years,Both sexes,Other land transport accidents,0.2
2018,65 to 69 years,Males,Transport accidents,8.5
2018,65 to 69 years,Males,Motor vehicle accidents,7.1
2018,65 to 69 years,Males,Other land transport accidents,0.3
2018,65 to 69 years,Females,Transport accidents,4.3
2018,65 to 69 years,Females,Motor vehicle accidents,4.0
2018,65 to 69 years,Females,Other land transport accidents,0.2
2018,70 to 74 years,Both sexes,Transport accidents,7.4
2018,70 to 74 years,Both sexes,Motor vehicle accidents,6.4
2018,70 to 74 years,Both sexes,Other land transport accidents,0.4
2018,70 to 74 years,Males,Transport accidents,10.4
2018,70 to 74 years,Males,Motor vehicle accidents,8.6
2018,70 to 74 years,Males,Other land transport accidents,0.8
2018,70 to 74 years,Females,Transport accidents,4.6
2018,70 to 74 years,Females,Motor vehicle accidents,4.4
2018,70 to 74 years,Females,Other land transport accidents,0.0
2018,75 to 79 years,Both sexes,Transport accidents,11.5
2018,75 to 79 years,Both sexes,Motor vehicle accidents,9.9
2018,75 to 79 years,Both sexes,Other land transport accidents,0.5
2018,75 to 79 years,Males,Transport accidents,16.7
2018,75 to 79 years,Males,Motor vehicle accidents,14.7
2018,75 to 79 years,Males,Other land transport accidents,0.6
2018,75 to 79 years,Females,Transport accidents,7.1
2018,75 to 79 years,Females,Motor vehicle accidents,5.7
2018,75 to 79 years,Females,Other land transport accidents,0.3
2018,80 to 84 years,Both sexes,Transport accidents,12.5
2018,80 to 84 years,Both sexes,Motor vehicle accidents,11.9
2018,80 to 84 years,Both sexes,Other land transport accidents,0.4
2018,80 to 84 years,Males,Transport accidents,18.7
2018,80 to 84 years,Males,Motor vehicle accidents,17.5
2018,80 to 84 years,Males,Other land transport accidents,0.9
2018,80 to 84 years,Females,Transport accidents,7.7
2018,80 to 84 years,Females,Motor vehicle accidents,7.5
2018,80 to 84 years,Females,Other land transport accidents,0.0
2018,85 to 89 years,Both sexes,Transport accidents,15.5
2018,85 to 89 years,Both sexes,Motor vehicle accidents,14.5
2018,85 to 89 years,Both sexes,Other land transport accidents,0.6
2018,85 to 89 years,Males,Transport accidents,22.5
2018,85 to 89 years,Males,Motor vehicle accidents,22.0
2018,85 to 89 years,Males,Other land transport accidents,0.0
2018,85 to 89 years,Females,Transport accidents,10.9
2018,85 to 89 years,Females,Motor vehicle accidents,9.5
2018,85 to 89 years,Females,Other land transport accidents,1.0
2018,90 years and over,Both sexes,Transport accidents,12.7
2018,90 years and over,Both sexes,Motor vehicle accidents,12.1
2018,90 years and over,Both sexes,Other land transport accidents,0.6
2018,90 years and over,Males,Transport accidents,26.5
2018,90 years and over,Males,Motor vehicle accidents,24.4
2018,90 years and over,Males,Other land transport accidents,2.1
2018,90 years and over,Females,Transport accidents,6.8
2018,90 years and over,Females,Motor vehicle accidents,6.8
2018,90 years and over,Females,Other land transport accidents,0.0
2018,Not stated,Both sexes,Transport accidents,0.0
2018,Not stated,Both sexes,Motor vehicle accidents,0.0
2018,Not stated,Both sexes,Other land transport accidents,0.0
2018,Not stated,Males,Transport accidents,0.0
2018,Not stated,Males,Motor vehicle accidents,0.0
2018,Not stated,Males,Other land transport accidents,0.0
2018,Not stated,Females,Transport accidents,0.0
2018,Not stated,Females,Motor vehicle accidents,0.0
2018,Not stated,Females,Other land transport accidents,0.0
2019,All ages,Both sexes,Motor vehicle accidents,5.0
2019,All ages,Both sexes,Other land transport accidents,0.2
2019,All ages,Males,Transport accidents,8.0
2019,All ages,Males,Motor vehicle accidents,6.9
2019,All ages,Males,Other land transport accidents,0.3
2019,All ages,Females,Transport accidents,3.4
2019,All ages,Females,Motor vehicle accidents,3.2
2019,All ages,Females,Other land transport accidents,0.1
2019,Under 1 year,Both sexes,Transport accidents,0.5
2019,Under 1 year,Both sexes,Motor vehicle accidents,0.5
2019,Under 1 year,Both sexes,Other land transport accidents,0.0
2019,Under 1 year,Males,Transport accidents,0.0
2019,Under 1 year,Males,Motor vehicle accidents,0.0
2019,Under 1 year,Males,Other land transport accidents,0.0
2019,Under 1 year,Females,Transport accidents,1.1
2019,Under 1 year,Females,Motor vehicle accidents,1.1
2019,Under 1 year,Females,Other land transport accidents,0.0
2019,1 to 4 years,Both sexes,Transport accidents,1.4
2019,1 to 4 years,Both sexes,Motor vehicle accidents,1.4
2019,1 to 4 years,Both sexes,Other land transport accidents,0.0
2019,1 to 4 years,Males,Transport accidents,1.5
2019,1 to 4 years,Males,Motor vehicle accidents,1.5
2019,1 to 4 years,Males,Other land transport accidents,0.0
2019,1 to 4 years,Females,Transport accidents,1.3
2019,1 to 4 years,Females,Motor vehicle accidents,1.3
2019,1 to 4 years,Females,Other land transport accidents,0.0
2019,5 to 9 years,Both sexes,Transport accidents,0.4
2019,5 to 9 years,Both sexes,Motor vehicle accidents,0.4
2019,5 to 9 years,Both sexes,Other land transport accidents,0.0
2019,5 to 9 years,Males,Transport accidents,0.4
2019,5 to 9 years,Males,Motor vehicle accidents,0.4
2019,5 to 9 years,Males,Other land transport accidents,0.0
2019,5 to 9 years,Females,Transport accidents,0.5
2019,5 to 9 years,Females,Motor vehicle accidents,0.5
2019,5 to 9 years,Females,Other land transport accidents,0.0
2019,10 to 14 years,Both sexes,Transport accidents,1.0
2019,10 to 14 years,Both sexes,Motor vehicle accidents,0.8
2019,10 to 14 years,Both sexes,Other land transport accidents,0.0
2019,10 to 14 years,Males,Transport accidents,1.4
2019,10 to 14 years,Males,Motor vehicle accidents,1.2
2019,10 to 14 years,Males,Other land transport accidents,0.1
2019,10 to 14 years,Females,Transport accidents,0.6
2019,10 to 14 years,Females,Motor vehicle accidents,0.5
2019,10 to 14 years,Females,Other land transport accidents,0.0
2019,15 to 19 years,Both sexes,Transport accidents,6.1
2019,15 to 19 years,Both sexes,Motor vehicle accidents,5.8
2019,15 to 19 years,Both sexes,Other land transport accidents,0.1
2019,15 to 19 years,Males,Transport accidents,7.9
2019,15 to 19 years,Males,Motor vehicle accidents,7.4
2019,15 to 19 years,Males,Other land transport accidents,0.3
2019,15 to 19 years,Females,Transport accidents,4.2
2019,15 to 19 years,Females,Motor vehicle accidents,4.1
2019,15 to 19 years,Females,Other land transport accidents,0.0
2019,20 to 24 years,Both sexes,Transport accidents,8.0
2019,20 to 24 years,Both sexes,Motor vehicle accidents,7.2
2019,20 to 24 years,Both sexes,Other land transport accidents,0.3
2019,20 to 24 years,Males,Transport accidents,11.0
2019,20 to 24 years,Males,Motor vehicle accidents,10.2
2019,20 to 24 years,Males,Other land transport accidents,0.2
2019,20 to 24 years,Females,Transport accidents,4.7
2019,20 to 24 years,Females,Motor vehicle accidents,3.8
2019,20 to 24 years,Females,Other land transport accidents,0.5
2019,25 to 29 years,Both sexes,Transport accidents,5.7
2019,25 to 29 years,Both sexes,Motor vehicle accidents,4.9
2019,25 to 29 years,Both sexes,Other land transport accidents,0.3
2019,25 to 29 years,Males,Transport accidents,8.2
2019,25 to 29 years,Males,Motor vehicle accidents,6.8
2019,25 to 29 years,Males,Other land transport accidents,0.7
2019,25 to 29 years,Females,Transport accidents,3.1
2019,25 to 29 years,Females,Motor vehicle accidents,2.9
2019,25 to 29 years,Females,Other land transport accidents,0.0
2019,30 to 34 years,Both sexes,Transport accidents,5.8
2019,30 to 34 years,Both sexes,Motor vehicle accidents,5.3
2019,30 to 34 years,Both sexes,Other land transport accidents,0.2
2019,30 to 34 years,Males,Transport accidents,8.5
2019,30 to 34 years,Males,Motor vehicle accidents,7.7
2019,30 to 34 years,Males,Other land transport accidents,0.3
2019,30 to 34 years,Females,Transport accidents,3.0
2019,30 to 34 years,Females,Motor vehicle accidents,2.8
2019,30 to 34 years,Females,Other land transport accidents,0.2
2019,35 to 39 years,Both sexes,Transport accidents,4.6
2019,35 to 39 years,Both sexes,Motor vehicle accidents,4.1
2019,35 to 39 years,Both sexes,Other land transport accidents,0.3
2019,35 to 39 years,Males,Transport accidents,6.8
2019,35 to 39 years,Males,Motor vehicle accidents,5.9
2019,35 to 39 years,Males,Other land transport accidents,0.5
2019,35 to 39 years,Females,Transport accidents,2.4
2019,35 to 39 years,Females,Motor vehicle accidents,2.2
2019,35 to 39 years,Females,Other land transport accidents,0.1
2019,40 to 44 years,Both sexes,Transport accidents,5.2
2019,40 to 44 years,Both sexes,Motor vehicle accidents,4.5
2019,40 to 44 years,Both sexes,Other land transport accidents,0.1
2019,40 to 44 years,Males,Transport accidents,8.3
2019,40 to 44 years,Males,Motor vehicle accidents,7.1
2019,40 to 44 years,Males,Other land transport accidents,0.3
2019,40 to 44 years,Females,Transport accidents,2.2
2019,40 to 44 years,Females,Motor vehicle accidents,2.0
2019,40 to 44 years,Females,Other land transport accidents,0.0
2019,45 to 49 years,Both sexes,Transport accidents,5.2
2019,45 to 49 years,Both sexes,Motor vehicle accidents,4.4
2019,45 to 49 years,Both sexes,Other land transport accidents,0.0
2019,45 to 49 years,Males,Transport accidents,7.6
2019,45 to 49 years,Males,Motor vehicle accidents,6.3
2019,45 to 49 years,Males,Other land transport accidents,0.0
2019,45 to 49 years,Females,Transport accidents,2.9
2019,45 to 49 years,Females,Motor vehicle accidents,2.5
2019,45 to 49 years,Females,Other land transport accidents,0.0
2019,50 to 54 years,Both sexes,Transport accidents,6.0
2019,50 to 54 years,Both sexes,Motor vehicle accidents,5.2
2019,50 to 54 years,Both sexes,Other land transport accidents,0.3
2019,50 to 54 years,Males,Transport accidents,8.2
2019,50 to 54 years,Males,Motor vehicle accidents,7.1
2019,50 to 54 years,Males,Other land transport accidents,0.4
2019,50 to 54 years,Females,Transport accidents,3.9
2019,50 to 54 years,Females,Motor vehicle accidents,3.4
2019,50 to 54 years,Females,Other land transport accidents,0.2
2019,55 to 59 years,Both sexes,Transport accidents,6.5
2019,55 to 59 years,Both sexes,Motor vehicle accidents,5.8
2019,55 to 59 years,Both sexes,Other land transport accidents,0.2
2019,55 to 59 years,Males,Transport accidents,10.5
2019,55 to 59 years,Males,Motor vehicle accidents,9.0
2019,55 to 59 years,Males,Other land transport accidents,0.3
2019,55 to 59 years,Females,Transport accidents,2.7
2019,55 to 59 years,Females,Motor vehicle accidents,2.6
2019,55 to 59 years,Females,Other land transport accidents,0.1
2019,60 to 64 years,Both sexes,Transport accidents,6.2
2019,60 to 64 years,Both sexes,Motor vehicle accidents,5.3
2019,60 to 64 years,Both sexes,Other land transport accidents,0.3
2019,60 to 64 years,Males,Transport accidents,9.1
2019,60 to 64 years,Males,Motor vehicle accidents,7.5
2019,60 to 64 years,Males,Other land transport accidents,0.3
2019,60 to 64 years,Females,Transport accidents,3.4
2019,60 to 64 years,Females,Motor vehicle accidents,3.1
2019,60 to 64 years,Females,Other land transport accidents,0.2
2019,65 to 69 years,Both sexes,Transport accidents,7.7
2019,65 to 69 years,Both sexes,Motor vehicle accidents,6.7
2019,65 to 69 years,Both sexes,Other land transport accidents,0.2
2019,65 to 69 years,Males,Transport accidents,11.1
2019,65 to 69 years,Males,Motor vehicle accidents,9.2
2019,65 to 69 years,Males,Other land transport accidents,0.4
2019,65 to 69 years,Females,Transport accidents,4.5
2019,65 to 69 years,Females,Motor vehicle accidents,4.3
2019,65 to 69 years,Females,Other land transport accidents,0.1
2019,70 to 74 years,Both sexes,Transport accidents,8.0
2019,70 to 74 years,Both sexes,Motor vehicle accidents,6.7
2019,70 to 74 years,Both sexes,Other land transport accidents,0.3
2019,70 to 74 years,Males,Transport accidents,10.4
2019,70 to 74 years,Males,Motor vehicle accidents,8.1
2019,70 to 74 years,Males,Other land transport accidents,0.4
2019,70 to 74 years,Females,Transport accidents,5.7
2019,70 to 74 years,Females,Motor vehicle accidents,5.4
2019,70 to 74 years,Females,Other land transport accidents,0.2
2019,75 to 79 years,Both sexes,Transport accidents,10.1
2019,75 to 79 years,Both sexes,Motor vehicle accidents,9.2
2019,75 to 79 years,Both sexes,Other land transport accidents,0.4
2019,75 to 79 years,Males,Transport accidents,14.3
2019,75 to 79 years,Males,Motor vehicle accidents,12.3
2019,75 to 79 years,Males,Other land transport accidents,0.9
2019,75 to 79 years,Females,Transport accidents,6.4
2019,75 to 79 years,Females,Motor vehicle accidents,6.4
2019,75 to 79 years,Females,Other land transport accidents,0.0
2019,80 to 84 years,Both sexes,Transport accidents,10.5
2019,80 to 84 years,Both sexes,Motor vehicle accidents,9.9
2019,80 to 84 years,Both sexes,Other land transport accidents,0.4
2019,80 to 84 years,Males,Transport accidents,13.8
2019,80 to 84 years,Males,Motor vehicle accidents,12.3
2019,80 to 84 years,Males,Other land transport accidents,0.9
2019,80 to 84 years,Females,Transport accidents,7.9
2019,80 to 84 years,Females,Motor vehicle accidents,7.9
2019,80 to 84 years,Females,Other land transport accidents,0.0
2019,85 to 89 years,Both sexes,Transport accidents,11.3
2019,85 to 89 years,Both sexes,Motor vehicle accidents,10.7
2019,85 to 89 years,Both sexes,Other land transport accidents,0.4
2019,85 to 89 years,Males,Transport accidents,14.1
2019,85 to 89 years,Males,Motor vehicle accidents,13.6
2019,85 to 89 years,Males,Other land transport accidents,0.5
2019,85 to 89 years,Females,Transport accidents,9.4
2019,85 to 89 years,Females,Motor vehicle accidents,8.8
2019,85 to 89 years,Females,Other land transport accidents,0.3
2019,90 years and over,Both sexes,Transport accidents,12.9
2019,90 years and over,Both sexes,Motor vehicle accidents,12.0
2019,90 years and over,Both sexes,Other land transport accidents,0.3
2019,90 years and over,Males,Transport accidents,25.0
2019,90 years and over,Males,Motor vehicle accidents,22.0
2019,90 years and over,Males,Other land transport accidents,1.0
2019,90 years and over,Females,Transport accidents,7.5
2019,90 years and over,Females,Motor vehicle accidents,7.5
2019,90 years and over,Females,Other land transport accidents,0.0
2019,Not stated,Both sexes,Transport accidents,0.0
2019,Not stated,Both sexes,Motor vehicle accidents,0.0
2019,Not stated,Both sexes,Other land transport accidents,0.0
2019,Not stated,Males,Transport accidents,0.0
2019,Not stated,Males,Motor vehicle accidents,0.0
2019,Not stated,Males,Other land transport accidents,0.0
2019,Not stated,Females,Transport accidents,0.0
2019,Not stated,Females,Motor vehicle accidents,0.0
2019,Not stated,Females,Other land transport accidents,0.0
2020,All ages,Both sexes,Motor vehicle accidents,4.5
2020,All ages,Both sexes,Other land transport accidents,0.2
2020,All ages,Males,Transport accidents,7.5
2020,All ages,Males,Motor vehicle accidents,6.6
2020,All ages,Males,Other land transport accidents,0.3
2020,All ages,Females,Transport accidents,2.7
2020,All ages,Females,Motor vehicle accidents,2.5
2020,All ages,Females,Other land transport accidents,0.1
2020,Under 1 year,Both sexes,Transport accidents,0.5
2020,Under 1 year,Both sexes,Motor vehicle accidents,0.5
2020,Under 1 year,Both sexes,Other land transport accidents,0.0
2020,Under 1 year,Males,Transport accidents,1.1
2020,Under 1 year,Males,Motor vehicle accidents,1.1
2020,Under 1 year,Males,Other land transport accidents,0.0
2020,Under 1 year,Females,Transport accidents,0.0
2020,Under 1 year,Females,Motor vehicle accidents,0.0
2020,Under 1 year,Females,Other land transport accidents,0.0
2020,1 to 4 years,Both sexes,Transport accidents,1.2
2020,1 to 4 years,Both sexes,Motor vehicle accidents,1.1
2020,1 to 4 years,Both sexes,Other land transport accidents,0.1
2020,1 to 4 years,Males,Transport accidents,1.6
2020,1 to 4 years,Males,Motor vehicle accidents,1.4
2020,1 to 4 years,Males,Other land transport accidents,0.1
2020,1 to 4 years,Females,Transport accidents,0.8
2020,1 to 4 years,Females,Motor vehicle accidents,0.8
2020,1 to 4 years,Females,Other land transport accidents,0.0
2020,5 to 9 years,Both sexes,Transport accidents,0.8
2020,5 to 9 years,Both sexes,Motor vehicle accidents,0.8
2020,5 to 9 years,Both sexes,Other land transport accidents,0.0
2020,5 to 9 years,Males,Transport accidents,1.0
2020,5 to 9 years,Males,Motor vehicle accidents,1.0
2020,5 to 9 years,Males,Other land transport accidents,0.0
2020,5 to 9 years,Females,Transport accidents,0.6
2020,5 to 9 years,Females,Motor vehicle accidents,0.6
2020,5 to 9 years,Females,Other land transport accidents,0.0
2020,10 to 14 years,Both sexes,Transport accidents,1.4
2020,10 to 14 years,Both sexes,Motor vehicle accidents,1.2
2020,10 to 14 years,Both sexes,Other land transport accidents,0.2
2020,10 to 14 years,Males,Transport accidents,2.0
2020,10 to 14 years,Males,Motor vehicle accidents,1.7
2020,10 to 14 years,Males,Other land transport accidents,0.3
2020,10 to 14 years,Females,Transport accidents,0.9
2020,10 to 14 years,Females,Motor vehicle accidents,0.7
2020,10 to 14 years,Females,Other land transport accidents,0.1
2020,15 to 19 years,Both sexes,Transport accidents,5.0
2020,15 to 19 years,Both sexes,Motor vehicle accidents,4.7
2020,15 to 19 years,Both sexes,Other land transport accidents,0.0
2020,15 to 19 years,Males,Transport accidents,5.5
2020,15 to 19 years,Males,Motor vehicle accidents,5.2
2020,15 to 19 years,Males,Other land transport accidents,0.1
2020,15 to 19 years,Females,Transport accidents,4.4
2020,15 to 19 years,Females,Motor vehicle accidents,4.1
2020,15 to 19 years,Females,Other land transport accidents,0.0
2020,20 to 24 years,Both sexes,Transport accidents,7.9
2020,20 to 24 years,Both sexes,Motor vehicle accidents,7.3
2020,20 to 24 years,Both sexes,Other land transport accidents,0.2
2020,20 to 24 years,Males,Transport accidents,11.0
2020,20 to 24 years,Males,Motor vehicle accidents,10.0
2020,20 to 24 years,Males,Other land transport accidents,0.3
2020,20 to 24 years,Females,Transport accidents,4.6
2020,20 to 24 years,Females,Motor vehicle accidents,4.4
2020,20 to 24 years,Females,Other land transport accidents,0.2
2020,25 to 29 years,Both sexes,Transport accidents,6.9
2020,25 to 29 years,Both sexes,Motor vehicle accidents,6.2
2020,25 to 29 years,Both sexes,Other land transport accidents,0.3
2020,25 to 29 years,Males,Transport accidents,10.6
2020,25 to 29 years,Males,Motor vehicle accidents,9.5
2020,25 to 29 years,Males,Other land transport accidents,0.4
2020,25 to 29 years,Females,Transport accidents,3.0
2020,25 to 29 years,Females,Motor vehicle accidents,2.6
2020,25 to 29 years,Females,Other land transport accidents,0.2
2020,30 to 34 years,Both sexes,Transport accidents,5.2
2020,30 to 34 years,Both sexes,Motor vehicle accidents,4.6
2020,30 to 34 years,Both sexes,Other land transport accidents,0.2
2020,30 to 34 years,Males,Transport accidents,7.6
2020,30 to 34 years,Males,Motor vehicle accidents,6.7
2020,30 to 34 years,Males,Other land transport accidents,0.4
2020,30 to 34 years,Females,Transport accidents,2.7
2020,30 to 34 years,Females,Motor vehicle accidents,2.5
2020,30 to 34 years,Females,Other land transport accidents,0.1
2020,35 to 39 years,Both sexes,Transport accidents,4.0
2020,35 to 39 years,Both sexes,Motor vehicle accidents,3.5
2020,35 to 39 years,Both sexes,Other land transport accidents,0.2
2020,35 to 39 years,Males,Transport accidents,5.5
2020,35 to 39 years,Males,Motor vehicle accidents,4.8
2020,35 to 39 years,Males,Other land transport accidents,0.3
2020,35 to 39 years,Females,Transport accidents,2.4
2020,35 to 39 years,Females,Motor vehicle accidents,2.3
2020,35 to 39 years,Females,Other land transport accidents,0.1
2020,40 to 44 years,Both sexes,Transport accidents,4.4
2020,40 to 44 years,Both sexes,Motor vehicle accidents,3.8
2020,40 to 44 years,Both sexes,Other land transport accidents,0.2
2020,40 to 44 years,Males,Transport accidents,7.5
2020,40 to 44 years,Males,Motor vehicle accidents,6.6
2020,40 to 44 years,Males,Other land transport accidents,0.2
2020,40 to 44 years,Females,Transport accidents,1.4
2020,40 to 44 years,Females,Motor vehicle accidents,1.0
2020,40 to 44 years,Females,Other land transport accidents,0.1
2020,45 to 49 years,Both sexes,Transport accidents,5.2
2020,45 to 49 years,Both sexes,Motor vehicle accidents,4.5
2020,45 to 49 years,Both sexes,Other land transport accidents,0.2
2020,45 to 49 years,Males,Transport accidents,8.2
2020,45 to 49 years,Males,Motor vehicle accidents,6.9
2020,45 to 49 years,Males,Other land transport accidents,0.3
2020,45 to 49 years,Females,Transport accidents,2.3
2020,45 to 49 years,Females,Motor vehicle accidents,2.2
2020,45 to 49 years,Females,Other land transport accidents,0.0
2020,50 to 54 years,Both sexes,Transport accidents,5.8
2020,50 to 54 years,Both sexes,Motor vehicle accidents,5.3
2020,50 to 54 years,Both sexes,Other land transport accidents,0.3
2020,50 to 54 years,Males,Transport accidents,9.0
2020,50 to 54 years,Males,Motor vehicle accidents,8.1
2020,50 to 54 years,Males,Other land transport accidents,0.5
2020,50 to 54 years,Females,Transport accidents,2.6
2020,50 to 54 years,Females,Motor vehicle accidents,2.4
2020,50 to 54 years,Females,Other land transport accidents,0.1
2020,55 to 59 years,Both sexes,Transport accidents,5.9
2020,55 to 59 years,Both sexes,Motor vehicle accidents,5.2
2020,55 to 59 years,Both sexes,Other land transport accidents,0.2
2020,55 to 59 years,Males,Transport accidents,8.8
2020,55 to 59 years,Males,Motor vehicle accidents,7.7
2020,55 to 59 years,Males,Other land transport accidents,0.3
2020,55 to 59 years,Females,Transport accidents,3.0
2020,55 to 59 years,Females,Motor vehicle accidents,2.7
2020,55 to 59 years,Females,Other land transport accidents,0.1
2020,60 to 64 years,Both sexes,Transport accidents,5.8
2020,60 to 64 years,Both sexes,Motor vehicle accidents,5.1
2020,60 to 64 years,Both sexes,Other land transport accidents,0.3
2020,60 to 64 years,Males,Transport accidents,9.4
2020,60 to 64 years,Males,Motor vehicle accidents,8.3
2020,60 to 64 years,Males,Other land transport accidents,0.4
2020,60 to 64 years,Females,Transport accidents,2.3
2020,60 to 64 years,Females,Motor vehicle accidents,2.1
2020,60 to 64 years,Females,Other land transport accidents,0.2
2020,65 to 69 years,Both sexes,Transport accidents,5.4
2020,65 to 69 years,Both sexes,Motor vehicle accidents,4.6
2020,65 to 69 years,Both sexes,Other land transport accidents,0.3
2020,65 to 69 years,Males,Transport accidents,7.9
2020,65 to 69 years,Males,Motor vehicle accidents,6.4
2020,65 to 69 years,Males,Other land transport accidents,0.6
2020,65 to 69 years,Females,Transport accidents,3.0
2020,65 to 69 years,Females,Motor vehicle accidents,2.9
2020,65 to 69 years,Females,Other land transport accidents,0.1
2020,70 to 74 years,Both sexes,Transport accidents,5.8
2020,70 to 74 years,Both sexes,Motor vehicle accidents,4.6
2020,70 to 74 years,Both sexes,Other land transport accidents,0.7
2020,70 to 74 years,Males,Transport accidents,9.1
2020,70 to 74 years,Males,Motor vehicle accidents,7.1
2020,70 to 74 years,Males,Other land transport accidents,1.2
2020,70 to 74 years,Females,Transport accidents,2.7
2020,70 to 74 years,Females,Motor vehicle accidents,2.4
2020,70 to 74 years,Females,Other land transport accidents,0.2
2020,75 to 79 years,Both sexes,Transport accidents,8.1
2020,75 to 79 years,Both sexes,Motor vehicle accidents,7.1
2020,75 to 79 years,Both sexes,Other land transport accidents,0.2
2020,75 to 79 years,Males,Transport accidents,11.4
2020,75 to 79 years,Males,Motor vehicle accidents,9.8
2020,75 to 79 years,Males,Other land transport accidents,0.4
2020,75 to 79 years,Females,Transport accidents,5.2
2020,75 to 79 years,Females,Motor vehicle accidents,4.6
2020,75 to 79 years,Females,Other land transport accidents,0.0
2020,80 to 84 years,Both sexes,Transport accidents,8.5
2020,80 to 84 years,Both sexes,Motor vehicle accidents,7.5
2020,80 to 84 years,Both sexes,Other land transport accidents,0.2
2020,80 to 84 years,Males,Transport accidents,12.8
2020,80 to 84 years,Males,Motor vehicle accidents,11.1
2020,80 to 84 years,Males,Other land transport accidents,0.6
2020,80 to 84 years,Females,Transport accidents,5.1
2020,80 to 84 years,Females,Motor vehicle accidents,4.6
2020,80 to 84 years,Females,Other land transport accidents,0.0
2020,85 to 89 years,Both sexes,Transport accidents,8.7
2020,85 to 89 years,Both sexes,Motor vehicle accidents,7.7
2020,85 to 89 years,Both sexes,Other land transport accidents,0.2
2020,85 to 89 years,Males,Transport accidents,11.4
2020,85 to 89 years,Males,Motor vehicle accidents,9.5
2020,85 to 89 years,Males,Other land transport accidents,0.5
2020,85 to 89 years,Females,Transport accidents,6.8
2020,85 to 89 years,Females,Motor vehicle accidents,6.5
2020,85 to 89 years,Females,Other land transport accidents,0.0
2020,90 years and over,Both sexes,Transport accidents,8.0
2020,90 years and over,Both sexes,Motor vehicle accidents,7.4
2020,90 years and over,Both sexes,Other land transport accidents,0.3
2020,90 years and over,Males,Transport accidents,15.1
2020,90 years and over,Males,Motor vehicle accidents,14.2
2020,90 years and over,Males,Other land transport accidents,0.0
2020,90 years and over,Females,Transport accidents,4.8
2020,90 years and over,Females,Motor vehicle accidents,4.3
2020,90 years and over,Females,Other land transport accidents,0.4
2020,Not stated,Both sexes,Transport accidents,0.0
2020,Not stated,Both sexes,Motor vehicle accidents,0.0
2020,Not stated,Both sexes,Other land transport accidents,0.0
2020,Not stated,Males,Transport accidents,0.0
2020,Not stated,Males,Motor vehicle accidents,0.0
2020,Not stated,Males,Other land transport accidents,0.0
2020,Not stated,Females,Transport accidents,0.0
2020,Not stated,Females,Motor vehicle accidents,0.0
2020,Not stated,Females,Other land transport accidents,0.0
2021,All ages,Both sexes,Motor vehicle accidents,4.4
2021,All ages,Both sexes,Other land transport accidents,0.2
2021,All ages,Males,Transport accidents,7.5
2021,All ages,Males,Motor vehicle accidents,6.4
2021,All ages,Males,Other land transport accidents,0.3
2021,All ages,Females,Transport accidents,2.7
2021,All ages,Females,Motor vehicle accidents,2.4
2021,All ages,Females,Other land transport accidents,0.1
2021,Under 1 year,Both sexes,Transport accidents,0.0
2021,Under 1 year,Both sexes,Motor vehicle accidents,0.0
2021,Under 1 year,Both sexes,Other land transport accidents,0.0
2021,Under 1 year,Males,Transport accidents,0.0
2021,Under 1 year,Males,Motor vehicle accidents,0.0
2021,Under 1 year,Males,Other land transport accidents,0.0
2021,Under 1 year,Females,Transport accidents,0.0
2021,Under 1 year,Females,Motor vehicle accidents,0.0
2021,Under 1 year,Females,Other land transport accidents,0.0
2021,1 to 4 years,Both sexes,Transport accidents,1.1
2021,1 to 4 years,Both sexes,Motor vehicle accidents,1.0
2021,1 to 4 years,Both sexes,Other land transport accidents,0.0
2021,1 to 4 years,Males,Transport accidents,1.5
2021,1 to 4 years,Males,Motor vehicle accidents,1.5
2021,1 to 4 years,Males,Other land transport accidents,0.0
2021,1 to 4 years,Females,Transport accidents,0.7
2021,1 to 4 years,Females,Motor vehicle accidents,0.5
2021,1 to 4 years,Females,Other land transport accidents,0.0
2021,5 to 9 years,Both sexes,Transport accidents,0.8
2021,5 to 9 years,Both sexes,Motor vehicle accidents,0.7
2021,5 to 9 years,Both sexes,Other land transport accidents,0.0
2021,5 to 9 years,Males,Transport accidents,1.1
2021,5 to 9 years,Males,Motor vehicle accidents,1.0
2021,5 to 9 years,Males,Other land transport accidents,0.0
2021,5 to 9 years,Females,Transport accidents,0.6
2021,5 to 9 years,Females,Motor vehicle accidents,0.5
2021,5 to 9 years,Females,Other land transport accidents,0.0
2021,10 to 14 years,Both sexes,Transport accidents,1.7
2021,10 to 14 years,Both sexes,Motor vehicle accidents,1.5
2021,10 to 14 years,Both sexes,Other land transport accidents,0.1
2021,10 to 14 years,Males,Transport accidents,2.1
2021,10 to 14 years,Males,Motor vehicle accidents,1.8
2021,10 to 14 years,Males,Other land transport accidents,0.2
2021,10 to 14 years,Females,Transport accidents,1.4
2021,10 to 14 years,Females,Motor vehicle accidents,1.3
2021,10 to 14 years,Females,Other land transport accidents,0.0
2021,15 to 19 years,Both sexes,Transport accidents,5.0
2021,15 to 19 years,Both sexes,Motor vehicle accidents,4.8
2021,15 to 19 years,Both sexes,Other land transport accidents,0.2
2021,15 to 19 years,Males,Transport accidents,6.4
2021,15 to 19 years,Males,Motor vehicle accidents,5.9
2021,15 to 19 years,Males,Other land transport accidents,0.4
2021,15 to 19 years,Females,Transport accidents,3.6
2021,15 to 19 years,Females,Motor vehicle accidents,3.6
2021,15 to 19 years,Females,Other land transport accidents,0.0
2021,20 to 24 years,Both sexes,Transport accidents,6.9
2021,20 to 24 years,Both sexes,Motor vehicle accidents,6.3
2021,20 to 24 years,Both sexes,Other land transport accidents,0.1
2021,20 to 24 years,Males,Transport accidents,9.5
2021,20 to 24 years,Males,Motor vehicle accidents,8.6
2021,20 to 24 years,Males,Other land transport accidents,0.1
2021,20 to 24 years,Females,Transport accidents,4.0
2021,20 to 24 years,Females,Motor vehicle accidents,3.8
2021,20 to 24 years,Females,Other land transport accidents,0.1
2021,25 to 29 years,Both sexes,Transport accidents,6.4
2021,25 to 29 years,Both sexes,Motor vehicle accidents,6.0
2021,25 to 29 years,Both sexes,Other land transport accidents,0.2
2021,25 to 29 years,Males,Transport accidents,8.9
2021,25 to 29 years,Males,Motor vehicle accidents,8.1
2021,25 to 29 years,Males,Other land transport accidents,0.3
2021,25 to 29 years,Females,Transport accidents,3.9
2021,25 to 29 years,Females,Motor vehicle accidents,3.8
2021,25 to 29 years,Females,Other land transport accidents,0.0
2021,30 to 34 years,Both sexes,Transport accidents,5.1
2021,30 to 34 years,Both sexes,Motor vehicle accidents,4.5
2021,30 to 34 years,Both sexes,Other land transport accidents,0.3
2021,30 to 34 years,Males,Transport accidents,7.4
2021,30 to 34 years,Males,Motor vehicle accidents,6.6
2021,30 to 34 years,Males,Other land transport accidents,0.2
2021,30 to 34 years,Females,Transport accidents,2.7
2021,30 to 34 years,Females,Motor vehicle accidents,2.3
2021,30 to 34 years,Females,Other land transport accidents,0.3
2021,35 to 39 years,Both sexes,Transport accidents,5.1
2021,35 to 39 years,Both sexes,Motor vehicle accidents,4.7
2021,35 to 39 years,Both sexes,Other land transport accidents,0.1
2021,35 to 39 years,Males,Transport accidents,7.5
2021,35 to 39 years,Males,Motor vehicle accidents,6.9
2021,35 to 39 years,Males,Other land transport accidents,0.2
2021,35 to 39 years,Females,Transport accidents,2.6
2021,35 to 39 years,Females,Motor vehicle accidents,2.4
2021,35 to 39 years,Females,Other land transport accidents,0.0
2021,40 to 44 years,Both sexes,Transport accidents,4.9
2021,40 to 44 years,Both sexes,Motor vehicle accidents,4.3
2021,40 to 44 years,Both sexes,Other land transport accidents,0.2
2021,40 to 44 years,Males,Transport accidents,8.0
2021,40 to 44 years,Males,Motor vehicle accidents,7.0
2021,40 to 44 years,Males,Other land transport accidents,0.2
2021,40 to 44 years,Females,Transport accidents,1.8
2021,40 to 44 years,Females,Motor vehicle accidents,1.7
2021,40 to 44 years,Females,Other land transport accidents,0.2
2021,45 to 49 years,Both sexes,Transport accidents,5.2
2021,45 to 49 years,Both sexes,Motor vehicle accidents,4.4
2021,45 to 49 years,Both sexes,Other land transport accidents,0.1
2021,45 to 49 years,Males,Transport accidents,8.3
2021,45 to 49 years,Males,Motor vehicle accidents,7.1
2021,45 to 49 years,Males,Other land transport accidents,0.3
2021,45 to 49 years,Females,Transport accidents,2.1
2021,45 to 49 years,Females,Motor vehicle accidents,1.8
2021,45 to 49 years,Females,Other land transport accidents,0.0
2021,50 to 54 years,Both sexes,Transport accidents,5.4
2021,50 to 54 years,Both sexes,Motor vehicle accidents,4.4
2021,50 to 54 years,Both sexes,Other land transport accidents,0.3
2021,50 to 54 years,Males,Transport accidents,8.3
2021,50 to 54 years,Males,Motor vehicle accidents,6.7
2021,50 to 54 years,Males,Other land transport accidents,0.6
2021,50 to 54 years,Females,Transport accidents,2.6
2021,50 to 54 years,Females,Motor vehicle accidents,2.1
2021,50 to 54 years,Females,Other land transport accidents,0.0
2021,55 to 59 years,Both sexes,Transport accidents,5.1
2021,55 to 59 years,Both sexes,Motor vehicle accidents,4.2
2021,55 to 59 years,Both sexes,Other land transport accidents,0.3
2021,55 to 59 years,Males,Transport accidents,7.5
2021,55 to 59 years,Males,Motor vehicle accidents,6.1
2021,55 to 59 years,Males,Other land transport accidents,0.5
2021,55 to 59 years,Females,Transport accidents,2.7
2021,55 to 59 years,Females,Motor vehicle accidents,2.4
2021,55 to 59 years,Females,Other land transport accidents,0.0
2021,60 to 64 years,Both sexes,Transport accidents,5.4
2021,60 to 64 years,Both sexes,Motor vehicle accidents,4.6
2021,60 to 64 years,Both sexes,Other land transport accidents,0.1
2021,60 to 64 years,Males,Transport accidents,9.0
2021,60 to 64 years,Males,Motor vehicle accidents,7.3
2021,60 to 64 years,Males,Other land transport accidents,0.2
2021,60 to 64 years,Females,Transport accidents,2.0
2021,60 to 64 years,Females,Motor vehicle accidents,2.0
2021,60 to 64 years,Females,Other land transport accidents,0.0
2021,65 to 69 years,Both sexes,Transport accidents,5.8
2021,65 to 69 years,Both sexes,Motor vehicle accidents,5.0
2021,65 to 69 years,Both sexes,Other land transport accidents,0.2
2021,65 to 69 years,Males,Transport accidents,9.4
2021,65 to 69 years,Males,Motor vehicle accidents,8.0
2021,65 to 69 years,Males,Other land transport accidents,0.3
2021,65 to 69 years,Females,Transport accidents,2.3
2021,65 to 69 years,Females,Motor vehicle accidents,2.2
2021,65 to 69 years,Females,Other land transport accidents,0.1
2021,70 to 74 years,Both sexes,Transport accidents,5.6
2021,70 to 74 years,Both sexes,Motor vehicle accidents,4.7
2021,70 to 74 years,Both sexes,Other land transport accidents,0.2
2021,70 to 74 years,Males,Transport accidents,8.8
2021,70 to 74 years,Males,Motor vehicle accidents,7.2
2021,70 to 74 years,Males,Other land transport accidents,0.5
2021,70 to 74 years,Females,Transport accidents,2.6
2021,70 to 74 years,Females,Motor vehicle accidents,2.4
2021,70 to 74 years,Females,Other land transport accidents,0.0
2021,75 to 79 years,Both sexes,Transport accidents,6.5
2021,75 to 79 years,Both sexes,Motor vehicle accidents,5.4
2021,75 to 79 years,Both sexes,Other land transport accidents,0.5
2021,75 to 79 years,Males,Transport accidents,9.2
2021,75 to 79 years,Males,Motor vehicle accidents,7.5
2021,75 to 79 years,Males,Other land transport accidents,0.5
2021,75 to 79 years,Females,Transport accidents,4.1
2021,75 to 79 years,Females,Motor vehicle accidents,3.5
2021,75 to 79 years,Females,Other land transport accidents,0.4
2021,80 to 84 years,Both sexes,Transport accidents,10.2
2021,80 to 84 years,Both sexes,Motor vehicle accidents,8.7
2021,80 to 84 years,Both sexes,Other land transport accidents,0.4
2021,80 to 84 years,Males,Transport accidents,16.3
2021,80 to 84 years,Males,Motor vehicle accidents,13.1
2021,80 to 84 years,Males,Other land transport accidents,0.8
2021,80 to 84 years,Females,Transport accidents,5.3
2021,80 to 84 years,Females,Motor vehicle accidents,5.1
2021,80 to 84 years,Females,Other land transport accidents,0.0
2021,85 to 89 years,Both sexes,Transport accidents,12.4
2021,85 to 89 years,Both sexes,Motor vehicle accidents,11.2
2021,85 to 89 years,Both sexes,Other land transport accidents,0.4
2021,85 to 89 years,Males,Transport accidents,17.3
2021,85 to 89 years,Males,Motor vehicle accidents,15.4
2021,85 to 89 years,Males,Other land transport accidents,0.9
2021,85 to 89 years,Females,Transport accidents,9.0
2021,85 to 89 years,Females,Motor vehicle accidents,8.3
2021,85 to 89 years,Females,Other land transport accidents,0.0
2021,90 years and over,Both sexes,Transport accidents,6.6
2021,90 years and over,Both sexes,Motor vehicle accidents,5.5
2021,90 years and over,Both sexes,Other land transport accidents,0.3
2021,90 years and over,Males,Transport accidents,13.6
2021,90 years and over,Males,Motor vehicle accidents,10.9
2021,90 years and over,Males,Other land transport accidents,0.9
2021,90 years and over,Females,Transport accidents,3.4
2021,90 years and over,Females,Motor vehicle accidents,3.0
2021,90 years and over,Females,Other land transport accidents,0.0
2021,Not stated,Both sexes,Transport accidents,0.0
2021,Not stated,Both sexes,Motor vehicle accidents,0.0
2021,Not stated,Both sexes,Other land transport accidents,0.0
2021,Not stated,Males,Transport accidents,0.0
2021,Not stated,Males,Motor vehicle accidents,0.0
2021,Not stated,Males,Other land transport accidents,0.0
2021,Not stated,Females,Transport accidents,0.0
2021,Not stated,Females,Motor vehicle accidents,0.0
2021,Not stated,Females,Other land transport accidents,0.0
