Year,Series,Units,Géographie,Value
1971/91,Taux de consommation des terres,Taux de croissance,,578.93
1971/91,Taux de consommation des terres,Taux de croissance,"Abbotsford - Mission, Colombie-Britannique",5.05
1971/91,Taux de consommation des terres,Taux de croissance,"Barrie, Ontario",5.4
1971/91,Taux de consommation des terres,Taux de croissance,"Brantford, Ontario",5.43
1971/91,Taux de consommation des terres,Taux de croissance,"Calgary, Alberta ",28.52
1971/91,Taux de consommation des terres,Taux de croissance,"Edmonton, Alberta ",44.5
1971/91,Taux de consommation des terres,Taux de croissance,"Greater Sudbury, Ontario ",10.27
1971/91,Taux de consommation des terres,Taux de croissance,"Guelph, Ontario ",4.15
1971/91,Taux de consommation des terres,Taux de croissance,"Halifax, Nova Scotia ",15.61
1971/91,Taux de consommation des terres,Taux de croissance,"Hamilton, Ontario ",16.12
1971/91,Taux de consommation des terres,Taux de croissance,"Kelowna, Colombie-Britannique",6.96
1971/91,Taux de consommation des terres,Taux de croissance,"Kingston, Ontario",8.73
1971/91,Taux de consommation des terres,Taux de croissance,"Kitchener - Cambridge - Waterloo, Ontario ",10.82
1971/91,Taux de consommation des terres,Taux de croissance,"London, Ontario ",16.5
1971/91,Taux de consommation des terres,Taux de croissance,"Moncton, Nouveau-Brunswick",6.39
1971/91,Taux de consommation des terres,Taux de croissance,"Montreal, Quebec ",64.8
1971/91,Taux de consommation des terres,Taux de croissance,"Oshawa, Ontario ",8.61
1971/91,Taux de consommation des terres,Taux de croissance,"Ottawa - Gatineau (partie de l'Ontario), Ontario",28.53
1971/91,Taux de consommation des terres,Taux de croissance,"Ottawa - Gatineau (partie du Québec), Québec",11.72
1971/91,Taux de consommation des terres,Taux de croissance,"Peterborough, Ontario",6.29
1971/91,Taux de consommation des terres,Taux de croissance,"Quebec, Quebec ",18.08
1971/91,Taux de consommation des terres,Taux de croissance,"Regina, Saskatchewan ",10.46
1971/91,Taux de consommation des terres,Taux de croissance,"Saguenay, Quebec ",7.64
1971/91,Taux de consommation des terres,Taux de croissance,"Saint John, New Brunswick ",8.84
1971/91,Taux de consommation des terres,Taux de croissance,"Saskatoon, Saskatchewan ",14.48
1971/91,Taux de consommation des terres,Taux de croissance,"Sherbrooke, Québec",7.56
1971/91,Taux de consommation des terres,Taux de croissance,"St. Catharines - Niagara, Ontario ",15.67
1971/91,Taux de consommation des terres,Taux de croissance,"St. John's, Newfoundland and Labrador ",5.94
1971/91,Taux de consommation des terres,Taux de croissance,"Thunder Bay, Ontario ",7.13
1971/91,Taux de consommation des terres,Taux de croissance,"Toronto, Ontario ",85.63
1971/91,Taux de consommation des terres,Taux de croissance,"Trois-Rivières, Québec",5.86
1971/91,Taux de consommation des terres,Taux de croissance,"Vancouver, British Columbia ",39.99
1971/91,Taux de consommation des terres,Taux de croissance,"Victoria, British Columbia ",9.14
1971/91,Taux de consommation des terres,Taux de croissance,"Windsor, Ontario ",10.66
1971/91,Taux de consommation des terres,Taux de croissance,"Winnipeg, Manitoba ",25.79
1991/01,Taux de consommation des terres,Taux de croissance,,1353.09
1991/01,Taux de consommation des terres,Taux de croissance,"Abbotsford - Mission, Colombie-Britannique",12.95
1991/01,Taux de consommation des terres,Taux de croissance,"Barrie, Ontario",14.5
1991/01,Taux de consommation des terres,Taux de croissance,"Brantford, Ontario",14.86
1991/01,Taux de consommation des terres,Taux de croissance,"Calgary, Alberta ",63.27
1991/01,Taux de consommation des terres,Taux de croissance,"Edmonton, Alberta ",103.64
1991/01,Taux de consommation des terres,Taux de croissance,"Greater Sudbury, Ontario ",24.82
1991/01,Taux de consommation des terres,Taux de croissance,"Guelph, Ontario ",10.6
1991/01,Taux de consommation des terres,Taux de croissance,"Halifax, Nova Scotia ",42.71
1991/01,Taux de consommation des terres,Taux de croissance,"Hamilton, Ontario ",39.63
1991/01,Taux de consommation des terres,Taux de croissance,"Kelowna, Colombie-Britannique",16.41
1991/01,Taux de consommation des terres,Taux de croissance,"Kingston, Ontario",19.31
1991/01,Taux de consommation des terres,Taux de croissance,"Kitchener - Cambridge - Waterloo, Ontario ",26.42
1991/01,Taux de consommation des terres,Taux de croissance,"London, Ontario ",39.55
1991/01,Taux de consommation des terres,Taux de croissance,"Moncton, Nouveau-Brunswick",16.71
1991/01,Taux de consommation des terres,Taux de croissance,"Montreal, Quebec ",140.87
1991/01,Taux de consommation des terres,Taux de croissance,"Oshawa, Ontario ",21.93
1991/01,Taux de consommation des terres,Taux de croissance,"Ottawa - Gatineau (partie de l'Ontario), Ontario",58.96
1991/01,Taux de consommation des terres,Taux de croissance,"Ottawa - Gatineau (partie du Québec), Québec",25.07
1991/01,Taux de consommation des terres,Taux de croissance,"Peterborough, Ontario",15.68
1991/01,Taux de consommation des terres,Taux de croissance,"Quebec, Quebec ",40.75
1991/01,Taux de consommation des terres,Taux de croissance,"Regina, Saskatchewan ",21.77
1991/01,Taux de consommation des terres,Taux de croissance,"Saguenay, Quebec ",16.71
1991/01,Taux de consommation des terres,Taux de croissance,"Saint John, New Brunswick ",23.77
1991/01,Taux de consommation des terres,Taux de croissance,"Saskatoon, Saskatchewan ",30.28
1991/01,Taux de consommation des terres,Taux de croissance,"Sherbrooke, Québec",16.93
1991/01,Taux de consommation des terres,Taux de croissance,"St. Catharines - Niagara, Ontario ",39.4
1991/01,Taux de consommation des terres,Taux de croissance,"St. John's, Newfoundland and Labrador ",16.78
1991/01,Taux de consommation des terres,Taux de croissance,"Thunder Bay, Ontario ",18.54
1991/01,Taux de consommation des terres,Taux de croissance,"Toronto, Ontario ",208.12
1991/01,Taux de consommation des terres,Taux de croissance,"Trois-Rivières, Québec",13.0
1991/01,Taux de consommation des terres,Taux de croissance,"Vancouver, British Columbia ",95.89
1991/01,Taux de consommation des terres,Taux de croissance,"Victoria, British Columbia ",21.62
1991/01,Taux de consommation des terres,Taux de croissance,"Windsor, Ontario ",24.88
1991/01,Taux de consommation des terres,Taux de croissance,"Winnipeg, Manitoba ",53.45
2001/11,Taux de consommation des terres,Taux de croissance,,1454.46
2001/11,Taux de consommation des terres,Taux de croissance,"Abbotsford - Mission, Colombie-Britannique",13.81
2001/11,Taux de consommation des terres,Taux de croissance,"Barrie, Ontario",15.42
2001/11,Taux de consommation des terres,Taux de croissance,"Brantford, Ontario",15.37
2001/11,Taux de consommation des terres,Taux de croissance,"Calgary, Alberta ",69.87
2001/11,Taux de consommation des terres,Taux de croissance,"Edmonton, Alberta ",109.26
2001/11,Taux de consommation des terres,Taux de croissance,"Greater Sudbury, Ontario ",26.8
2001/11,Taux de consommation des terres,Taux de croissance,"Guelph, Ontario ",11.13
2001/11,Taux de consommation des terres,Taux de croissance,"Halifax, Nova Scotia ",46.6
2001/11,Taux de consommation des terres,Taux de croissance,"Hamilton, Ontario ",41.9
2001/11,Taux de consommation des terres,Taux de croissance,"Kelowna, Colombie-Britannique",18.36
2001/11,Taux de consommation des terres,Taux de croissance,"Kingston, Ontario",20.7
2001/11,Taux de consommation des terres,Taux de croissance,"Kitchener - Cambridge - Waterloo, Ontario ",28.03
2001/11,Taux de consommation des terres,Taux de croissance,"London, Ontario ",41.35
2001/11,Taux de consommation des terres,Taux de croissance,"Moncton, Nouveau-Brunswick",18.14
2001/11,Taux de consommation des terres,Taux de croissance,"Montreal, Quebec ",156.99
2001/11,Taux de consommation des terres,Taux de croissance,"Oshawa, Ontario ",23.49
2001/11,Taux de consommation des terres,Taux de croissance,"Ottawa - Gatineau (partie de l'Ontario), Ontario",63.44
2001/11,Taux de consommation des terres,Taux de croissance,"Ottawa - Gatineau (partie du Québec), Québec",32.71
2001/11,Taux de consommation des terres,Taux de croissance,"Peterborough, Ontario",16.51
2001/11,Taux de consommation des terres,Taux de croissance,"Quebec, Quebec ",47.4
2001/11,Taux de consommation des terres,Taux de croissance,"Regina, Saskatchewan ",22.87
2001/11,Taux de consommation des terres,Taux de croissance,"Saguenay, Quebec ",18.71
2001/11,Taux de consommation des terres,Taux de croissance,"Saint John, New Brunswick ",24.88
2001/11,Taux de consommation des terres,Taux de croissance,"Saskatoon, Saskatchewan ",31.84
2001/11,Taux de consommation des terres,Taux de croissance,"Sherbrooke, Québec",20.24
2001/11,Taux de consommation des terres,Taux de croissance,"St. Catharines - Niagara, Ontario ",41.1
2001/11,Taux de consommation des terres,Taux de croissance,"St. John's, Newfoundland and Labrador ",17.96
2001/11,Taux de consommation des terres,Taux de croissance,"Thunder Bay, Ontario ",19.18
2001/11,Taux de consommation des terres,Taux de croissance,"Toronto, Ontario ",218.28
2001/11,Taux de consommation des terres,Taux de croissance,"Trois-Rivières, Québec",14.65
2001/11,Taux de consommation des terres,Taux de croissance,"Vancouver, British Columbia ",99.42
2001/11,Taux de consommation des terres,Taux de croissance,"Victoria, British Columbia ",23.21
2001/11,Taux de consommation des terres,Taux de croissance,"Windsor, Ontario ",25.72
2001/11,Taux de consommation des terres,Taux de croissance,"Winnipeg, Manitoba ",55.79
1971/91,Taux de croissance démographique,Taux de croissance,,0.014
1971/91,Taux de croissance démographique,Taux de croissance,"Abbotsford - Mission, Colombie-Britannique",0.05
1971/91,Taux de croissance démographique,Taux de croissance,"Barrie, Ontario",0.036
1971/91,Taux de croissance démographique,Taux de croissance,"Brantford, Ontario",0.007
1971/91,Taux de croissance démographique,Taux de croissance,"Calgary, Alberta ",0.029
1971/91,Taux de croissance démographique,Taux de croissance,"Edmonton, Alberta ",0.023
1971/91,Taux de croissance démographique,Taux de croissance,"Greater Sudbury, Ontario ",-0.002
1971/91,Taux de croissance démographique,Taux de croissance,"Guelph, Ontario ",0.02
1971/91,Taux de croissance démographique,Taux de croissance,"Halifax, Nova Scotia ",0.011
1971/91,Taux de croissance démographique,Taux de croissance,"Hamilton, Ontario ",0.009
1971/91,Taux de croissance démographique,Taux de croissance,"Kelowna, Colombie-Britannique",0.04
1971/91,Taux de croissance démographique,Taux de croissance,"Kingston, Ontario",0.012
1971/91,Taux de croissance démographique,Taux de croissance,"Kitchener - Cambridge - Waterloo, Ontario ",0.02
1971/91,Taux de croissance démographique,Taux de croissance,"London, Ontario ",0.013
1971/91,Taux de croissance démographique,Taux de croissance,"Moncton, Nouveau-Brunswick",0.011
1971/91,Taux de croissance démographique,Taux de croissance,"Montreal, Quebec ",0.007
1971/91,Taux de croissance démographique,Taux de croissance,"Oshawa, Ontario ",0.024
1971/91,Taux de croissance démographique,Taux de croissance,"Ottawa - Gatineau (partie de l'Ontario), Ontario",0.019
1971/91,Taux de croissance démographique,Taux de croissance,"Ottawa - Gatineau (partie du Québec), Québec",0.018
1971/91,Taux de croissance démographique,Taux de croissance,"Peterborough, Ontario",0.012
1971/91,Taux de croissance démographique,Taux de croissance,"Quebec, Quebec ",0.012
1971/91,Taux de croissance démographique,Taux de croissance,"Regina, Saskatchewan ",0.013
1971/91,Taux de croissance démographique,Taux de croissance,"Saguenay, Quebec ",0.004
1971/91,Taux de croissance démographique,Taux de croissance,"Saint John, New Brunswick ",0.006
1971/91,Taux de croissance démographique,Taux de croissance,"Saskatoon, Saskatchewan ",0.02
1971/91,Taux de croissance démographique,Taux de croissance,"Sherbrooke, Québec",0.012
1971/91,Taux de croissance démographique,Taux de croissance,"St. Catharines - Niagara, Ontario ",0.005
1971/91,Taux de croissance démographique,Taux de croissance,"St. John's, Newfoundland and Labrador ",0.012
1971/91,Taux de croissance démographique,Taux de croissance,"Thunder Bay, Ontario ",0.003
1971/91,Taux de croissance démographique,Taux de croissance,"Toronto, Ontario ",0.018
1971/91,Taux de croissance démographique,Taux de croissance,"Trois-Rivières, Québec",0.007
1971/91,Taux de croissance démographique,Taux de croissance,"Vancouver, British Columbia ",0.019
1971/91,Taux de croissance démographique,Taux de croissance,"Victoria, British Columbia ",0.017
1971/91,Taux de croissance démographique,Taux de croissance,"Windsor, Ontario ",0.001
1971/91,Taux de croissance démographique,Taux de croissance,"Winnipeg, Manitoba ",0.008
1991/01,Taux de croissance démographique,Taux de croissance,,0.012
1991/01,Taux de croissance démographique,Taux de croissance,"Abbotsford - Mission, Colombie-Britannique",0.026
1991/01,Taux de croissance démographique,Taux de croissance,"Barrie, Ontario",0.042
1991/01,Taux de croissance démographique,Taux de croissance,"Brantford, Ontario",0.007
1991/01,Taux de croissance démographique,Taux de croissance,"Calgary, Alberta ",0.023
1991/01,Taux de croissance démographique,Taux de croissance,"Edmonton, Alberta ",0.011
1991/01,Taux de croissance démographique,Taux de croissance,"Greater Sudbury, Ontario ",-0.004
1991/01,Taux de croissance démographique,Taux de croissance,"Guelph, Ontario ",0.018
1991/01,Taux de croissance démographique,Taux de croissance,"Halifax, Nova Scotia ",0.007
1991/01,Taux de croissance démographique,Taux de croissance,"Hamilton, Ontario ",0.01
1991/01,Taux de croissance démographique,Taux de croissance,"Kelowna, Colombie-Britannique",0.028
1991/01,Taux de croissance démographique,Taux de croissance,"Kingston, Ontario",0.006
1991/01,Taux de croissance démographique,Taux de croissance,"Kitchener - Cambridge - Waterloo, Ontario ",0.015
1991/01,Taux de croissance démographique,Taux de croissance,"London, Ontario ",0.008
1991/01,Taux de croissance démographique,Taux de croissance,"Moncton, Nouveau-Brunswick",0.009
1991/01,Taux de croissance démographique,Taux de croissance,"Montreal, Quebec ",0.005
1991/01,Taux de croissance démographique,Taux de croissance,"Oshawa, Ontario ",0.021
1991/01,Taux de croissance démographique,Taux de croissance,"Ottawa - Gatineau (partie de l'Ontario), Ontario",0.013
1991/01,Taux de croissance démographique,Taux de croissance,"Ottawa - Gatineau (partie du Québec), Québec",0.013
1991/01,Taux de croissance démographique,Taux de croissance,"Peterborough, Ontario",0.004
1991/01,Taux de croissance démographique,Taux de croissance,"Quebec, Quebec ",0.004
1991/01,Taux de croissance démographique,Taux de croissance,"Regina, Saskatchewan ",0.001
1991/01,Taux de croissance démographique,Taux de croissance,"Saguenay, Quebec ",-0.003
1991/01,Taux de croissance démographique,Taux de croissance,"Saint John, New Brunswick ",-0.003
1991/01,Taux de croissance démographique,Taux de croissance,"Saskatoon, Saskatchewan ",0.007
1991/01,Taux de croissance démographique,Taux de croissance,"Sherbrooke, Québec",0.008
1991/01,Taux de croissance démographique,Taux de croissance,"St. Catharines - Niagara, Ontario ",0.003
1991/01,Taux de croissance démographique,Taux de croissance,"St. John's, Newfoundland and Labrador ",0.001
1991/01,Taux de croissance démographique,Taux de croissance,"Thunder Bay, Ontario ",-0.003
1991/01,Taux de croissance démographique,Taux de croissance,"Toronto, Ontario ",0.018
1991/01,Taux de croissance démographique,Taux de croissance,"Trois-Rivières, Québec",-0.001
1991/01,Taux de croissance démographique,Taux de croissance,"Vancouver, British Columbia ",0.022
1991/01,Taux de croissance démographique,Taux de croissance,"Victoria, British Columbia ",0.005
1991/01,Taux de croissance démographique,Taux de croissance,"Windsor, Ontario ",0.013
1991/01,Taux de croissance démographique,Taux de croissance,"Winnipeg, Manitoba ",0.002
2001/11,Taux de croissance démographique,Taux de croissance,,0.014
2001/11,Taux de croissance démographique,Taux de croissance,"Abbotsford - Mission, Colombie-Britannique",0.015
2001/11,Taux de croissance démographique,Taux de croissance,"Barrie, Ontario",0.023
2001/11,Taux de croissance démographique,Taux de croissance,"Brantford, Ontario",0.014
2001/11,Taux de croissance démographique,Taux de croissance,"Calgary, Alberta ",0.024
2001/11,Taux de croissance démographique,Taux de croissance,"Edmonton, Alberta ",0.021
2001/11,Taux de croissance démographique,Taux de croissance,"Greater Sudbury, Ontario ",0.003
2001/11,Taux de croissance démographique,Taux de croissance,"Guelph, Ontario ",0.014
2001/11,Taux de croissance démographique,Taux de croissance,"Halifax, Nova Scotia ",0.012
2001/11,Taux de croissance démographique,Taux de croissance,"Hamilton, Ontario ",0.009
2001/11,Taux de croissance démographique,Taux de croissance,"Kelowna, Colombie-Britannique",0.02
2001/11,Taux de croissance démographique,Taux de croissance,"Kingston, Ontario",0.01
2001/11,Taux de croissance démographique,Taux de croissance,"Kitchener - Cambridge - Waterloo, Ontario ",0.014
2001/11,Taux de croissance démographique,Taux de croissance,"London, Ontario ",0.009
2001/11,Taux de croissance démographique,Taux de croissance,"Moncton, Nouveau-Brunswick",0.016
2001/11,Taux de croissance démographique,Taux de croissance,"Montreal, Quebec ",0.012
2001/11,Taux de croissance démographique,Taux de croissance,"Oshawa, Ontario ",0.019
2001/11,Taux de croissance démographique,Taux de croissance,"Ottawa - Gatineau (partie de l'Ontario), Ontario",0.013
2001/11,Taux de croissance démographique,Taux de croissance,"Ottawa - Gatineau (partie du Québec), Québec",0.017
2001/11,Taux de croissance démographique,Taux de croissance,"Peterborough, Ontario",0.007
2001/11,Taux de croissance démographique,Taux de croissance,"Quebec, Quebec ",0.012
2001/11,Taux de croissance démographique,Taux de croissance,"Regina, Saskatchewan ",0.009
2001/11,Taux de croissance démographique,Taux de croissance,"Saguenay, Quebec ",-0.001
2001/11,Taux de croissance démographique,Taux de croissance,"Saint John, New Brunswick ",0.005
2001/11,Taux de croissance démographique,Taux de croissance,"Saskatoon, Saskatchewan ",0.014
2001/11,Taux de croissance démographique,Taux de croissance,"Sherbrooke, Québec",0.012
2001/11,Taux de croissance démographique,Taux de croissance,"St. Catharines - Niagara, Ontario ",0.005
2001/11,Taux de croissance démographique,Taux de croissance,"St. John's, Newfoundland and Labrador ",0.013
2001/11,Taux de croissance démographique,Taux de croissance,"Thunder Bay, Ontario ",0.001
2001/11,Taux de croissance démographique,Taux de croissance,"Toronto, Ontario ",0.018
2001/11,Taux de croissance démographique,Taux de croissance,"Trois-Rivières, Québec",0.011
2001/11,Taux de croissance démographique,Taux de croissance,"Vancouver, British Columbia ",0.016
2001/11,Taux de croissance démographique,Taux de croissance,"Victoria, British Columbia ",0.015
2001/11,Taux de croissance démographique,Taux de croissance,"Windsor, Ontario ",0.006
2001/11,Taux de croissance démographique,Taux de croissance,"Winnipeg, Manitoba ",0.008
1971/91,Rapport entre le taux de consommation des terres et le taux de croissance démographique,Ratio,,40488.42
1971/91,Rapport entre le taux de consommation des terres et le taux de croissance démographique,Ratio,"Abbotsford - Mission, Colombie-Britannique",100.58
1971/91,Rapport entre le taux de consommation des terres et le taux de croissance démographique,Ratio,"Barrie, Ontario",148.13
1971/91,Rapport entre le taux de consommation des terres et le taux de croissance démographique,Ratio,"Brantford, Ontario",810.76
1971/91,Rapport entre le taux de consommation des terres et le taux de croissance démographique,Ratio,"Calgary, Alberta ",967.81
1971/91,Rapport entre le taux de consommation des terres et le taux de croissance démographique,Ratio,"Edmonton, Alberta ",1934.16
1971/91,Rapport entre le taux de consommation des terres et le taux de croissance démographique,Ratio,"Greater Sudbury, Ontario ",-4417.81
1971/91,Rapport entre le taux de consommation des terres et le taux de croissance démographique,Ratio,"Guelph, Ontario ",210.18
1971/91,Rapport entre le taux de consommation des terres et le taux de croissance démographique,Ratio,"Halifax, Nova Scotia ",1444.9
1971/91,Rapport entre le taux de consommation des terres et le taux de croissance démographique,Ratio,"Hamilton, Ontario ",1860.95
1971/91,Rapport entre le taux de consommation des terres et le taux de croissance démographique,Ratio,"Kelowna, Colombie-Britannique",173.77
1971/91,Rapport entre le taux de consommation des terres et le taux de croissance démographique,Ratio,"Kingston, Ontario",708.51
1971/91,Rapport entre le taux de consommation des terres et le taux de croissance démographique,Ratio,"Kitchener - Cambridge - Waterloo, Ontario ",539.6
1971/91,Rapport entre le taux de consommation des terres et le taux de croissance démographique,Ratio,"London, Ontario ",1244.41
1971/91,Rapport entre le taux de consommation des terres et le taux de croissance démographique,Ratio,"Moncton, Nouveau-Brunswick",581.37
1971/91,Rapport entre le taux de consommation des terres et le taux de croissance démographique,Ratio,"Montreal, Quebec ",9799.83
1971/91,Rapport entre le taux de consommation des terres et le taux de croissance démographique,Ratio,"Oshawa, Ontario ",353.6
1971/91,Rapport entre le taux de consommation des terres et le taux de croissance démographique,Ratio,"Ottawa - Gatineau (partie de l'Ontario), Ontario",1522.61
1971/91,Rapport entre le taux de consommation des terres et le taux de croissance démographique,Ratio,"Ottawa - Gatineau (partie du Québec), Québec",658.36
1971/91,Rapport entre le taux de consommation des terres et le taux de croissance démographique,Ratio,"Peterborough, Ontario",529.92
1971/91,Rapport entre le taux de consommation des terres et le taux de croissance démographique,Ratio,"Quebec, Quebec ",1495.08
1971/91,Rapport entre le taux de consommation des terres et le taux de croissance démographique,Ratio,"Regina, Saskatchewan ",777.76
1971/91,Rapport entre le taux de consommation des terres et le taux de croissance démographique,Ratio,"Saguenay, Quebec ",1823.94
1971/91,Rapport entre le taux de consommation des terres et le taux de croissance démographique,Ratio,"Saint John, New Brunswick ",1455.36
1971/91,Rapport entre le taux de consommation des terres et le taux de croissance démographique,Ratio,"Saskatoon, Saskatchewan ",714.05
1971/91,Rapport entre le taux de consommation des terres et le taux de croissance démographique,Ratio,"Sherbrooke, Québec",613.62
1971/91,Rapport entre le taux de consommation des terres et le taux de croissance démographique,Ratio,"St. Catharines - Niagara, Ontario ",2858.01
1971/91,Rapport entre le taux de consommation des terres et le taux de croissance démographique,Ratio,"St. John's, Newfoundland and Labrador ",478.42
1971/91,Rapport entre le taux de consommation des terres et le taux de croissance démographique,Ratio,"Thunder Bay, Ontario ",2061.08
1971/91,Rapport entre le taux de consommation des terres et le taux de croissance démographique,Ratio,"Toronto, Ontario ",4666.47
1971/91,Rapport entre le taux de consommation des terres et le taux de croissance démographique,Ratio,"Trois-Rivières, Québec",789.66
1971/91,Rapport entre le taux de consommation des terres et le taux de croissance démographique,Ratio,"Vancouver, British Columbia ",2088.08
1971/91,Rapport entre le taux de consommation des terres et le taux de croissance démographique,Ratio,"Victoria, British Columbia ",531.8
1971/91,Rapport entre le taux de consommation des terres et le taux de croissance démographique,Ratio,"Windsor, Ontario ",8170.59
1971/91,Rapport entre le taux de consommation des terres et le taux de croissance démographique,Ratio,"Winnipeg, Manitoba ",3119.87
1991/01,Rapport entre le taux de consommation des terres et le taux de croissance démographique,Ratio,,111404.49
1991/01,Rapport entre le taux de consommation des terres et le taux de croissance démographique,Ratio,"Abbotsford - Mission, Colombie-Britannique",499.99
1991/01,Rapport entre le taux de consommation des terres et le taux de croissance démographique,Ratio,"Barrie, Ontario",344.0
1991/01,Rapport entre le taux de consommation des terres et le taux de croissance démographique,Ratio,"Brantford, Ontario",2201.9
1991/01,Rapport entre le taux de consommation des terres et le taux de croissance démographique,Ratio,"Calgary, Alberta ",2727.37
1991/01,Rapport entre le taux de consommation des terres et le taux de croissance démographique,Ratio,"Edmonton, Alberta ",9522.56
1991/01,Rapport entre le taux de consommation des terres et le taux de croissance démographique,Ratio,"Greater Sudbury, Ontario ",-5690.17
1991/01,Rapport entre le taux de consommation des terres et le taux de croissance démographique,Ratio,"Guelph, Ontario ",586.86
1991/01,Rapport entre le taux de consommation des terres et le taux de croissance démographique,Ratio,"Halifax, Nova Scotia ",5883.11
1991/01,Rapport entre le taux de consommation des terres et le taux de croissance démographique,Ratio,"Hamilton, Ontario ",4104.4
1991/01,Rapport entre le taux de consommation des terres et le taux de croissance démographique,Ratio,"Kelowna, Colombie-Britannique",589.72
1991/01,Rapport entre le taux de consommation des terres et le taux de croissance démographique,Ratio,"Kingston, Ontario",3027.62
1991/01,Rapport entre le taux de consommation des terres et le taux de croissance démographique,Ratio,"Kitchener - Cambridge - Waterloo, Ontario ",1756.27
1991/01,Rapport entre le taux de consommation des terres et le taux de croissance démographique,Ratio,"London, Ontario ",4887.28
1991/01,Rapport entre le taux de consommation des terres et le taux de croissance démographique,Ratio,"Moncton, Nouveau-Brunswick",1853.83
1991/01,Rapport entre le taux de consommation des terres et le taux de croissance démographique,Ratio,"Montreal, Quebec ",26475.85
1991/01,Rapport entre le taux de consommation des terres et le taux de croissance démographique,Ratio,"Oshawa, Ontario ",1067.3
1991/01,Rapport entre le taux de consommation des terres et le taux de croissance démographique,Ratio,"Ottawa - Gatineau (partie de l'Ontario), Ontario",4379.05
1991/01,Rapport entre le taux de consommation des terres et le taux de croissance démographique,Ratio,"Ottawa - Gatineau (partie du Québec), Québec",1952.1
1991/01,Rapport entre le taux de consommation des terres et le taux de croissance démographique,Ratio,"Peterborough, Ontario",3648.9
1991/01,Rapport entre le taux de consommation des terres et le taux de croissance démographique,Ratio,"Quebec, Quebec ",9494.09
1991/01,Rapport entre le taux de consommation des terres et le taux de croissance démographique,Ratio,"Regina, Saskatchewan ",37780.07
1991/01,Rapport entre le taux de consommation des terres et le taux de croissance démographique,Ratio,"Saguenay, Quebec ",-4905.77
1991/01,Rapport entre le taux de consommation des terres et le taux de croissance démographique,Ratio,"Saint John, New Brunswick ",-7316.78
1991/01,Rapport entre le taux de consommation des terres et le taux de croissance démographique,Ratio,"Saskatoon, Saskatchewan ",4414.12
1991/01,Rapport entre le taux de consommation des terres et le taux de croissance démographique,Ratio,"Sherbrooke, Québec",2040.76
1991/01,Rapport entre le taux de consommation des terres et le taux de croissance démographique,Ratio,"St. Catharines - Niagara, Ontario ",11984.52
1991/01,Rapport entre le taux de consommation des terres et le taux de croissance démographique,Ratio,"St. John's, Newfoundland and Labrador ",14183.5
1991/01,Rapport entre le taux de consommation des terres et le taux de croissance démographique,Ratio,"Thunder Bay, Ontario ",-7396.24
1991/01,Rapport entre le taux de consommation des terres et le taux de croissance démographique,Ratio,"Toronto, Ontario ",11478.95
1991/01,Rapport entre le taux de consommation des terres et le taux de croissance démographique,Ratio,"Trois-Rivières, Québec",-22029.57
1991/01,Rapport entre le taux de consommation des terres et le taux de croissance démographique,Ratio,"Vancouver, British Columbia ",4348.53
1991/01,Rapport entre le taux de consommation des terres et le taux de croissance démographique,Ratio,"Victoria, British Columbia ",4204.08
1991/01,Rapport entre le taux de consommation des terres et le taux de croissance démographique,Ratio,"Windsor, Ontario ",1981.56
1991/01,Rapport entre le taux de consommation des terres et le taux de croissance démographique,Ratio,"Winnipeg, Manitoba ",29506.24
2001/11,Rapport entre le taux de consommation des terres et le taux de croissance démographique,Ratio,,100656.0
2001/11,Rapport entre le taux de consommation des terres et le taux de croissance démographique,Ratio,"Abbotsford - Mission, Colombie-Britannique",948.91
2001/11,Rapport entre le taux de consommation des terres et le taux de croissance démographique,Ratio,"Barrie, Ontario",668.53
2001/11,Rapport entre le taux de consommation des terres et le taux de croissance démographique,Ratio,"Brantford, Ontario",1117.25
2001/11,Rapport entre le taux de consommation des terres et le taux de croissance démographique,Ratio,"Calgary, Alberta ",2860.39
2001/11,Rapport entre le taux de consommation des terres et le taux de croissance démographique,Ratio,"Edmonton, Alberta ",5142.03
2001/11,Rapport entre le taux de consommation des terres et le taux de croissance démographique,Ratio,"Greater Sudbury, Ontario ",8201.66
2001/11,Rapport entre le taux de consommation des terres et le taux de croissance démographique,Ratio,"Guelph, Ontario ",822.32
2001/11,Rapport entre le taux de consommation des terres et le taux de croissance démographique,Ratio,"Halifax, Nova Scotia ",4050.12
2001/11,Rapport entre le taux de consommation des terres et le taux de croissance démographique,Ratio,"Hamilton, Ontario ",4657.02
2001/11,Rapport entre le taux de consommation des terres et le taux de croissance démographique,Ratio,"Kelowna, Colombie-Britannique",933.73
2001/11,Rapport entre le taux de consommation des terres et le taux de croissance démographique,Ratio,"Kingston, Ontario",2032.27
2001/11,Rapport entre le taux de consommation des terres et le taux de croissance démographique,Ratio,"Kitchener - Cambridge - Waterloo, Ontario ",1983.47
2001/11,Rapport entre le taux de consommation des terres et le taux de croissance démographique,Ratio,"London, Ontario ",4725.84
2001/11,Rapport entre le taux de consommation des terres et le taux de croissance démographique,Ratio,"Moncton, Nouveau-Brunswick",1166.34
2001/11,Rapport entre le taux de consommation des terres et le taux de croissance démographique,Ratio,"Montreal, Quebec ",13317.18
2001/11,Rapport entre le taux de consommation des terres et le taux de croissance démographique,Ratio,"Oshawa, Ontario ",1243.84
2001/11,Rapport entre le taux de consommation des terres et le taux de croissance démographique,Ratio,"Ottawa - Gatineau (partie de l'Ontario), Ontario",4729.05
2001/11,Rapport entre le taux de consommation des terres et le taux de croissance démographique,Ratio,"Ottawa - Gatineau (partie du Québec), Québec",1874.64
2001/11,Rapport entre le taux de consommation des terres et le taux de croissance démographique,Ratio,"Peterborough, Ontario",2342.13
2001/11,Rapport entre le taux de consommation des terres et le taux de croissance démographique,Ratio,"Quebec, Quebec ",4044.17
2001/11,Rapport entre le taux de consommation des terres et le taux de croissance démographique,Ratio,"Regina, Saskatchewan ",2596.52
2001/11,Rapport entre le taux de consommation des terres et le taux de croissance démographique,Ratio,"Saguenay, Quebec ",-21231.8
2001/11,Rapport entre le taux de consommation des terres et le taux de croissance démographique,Ratio,"Saint John, New Brunswick ",5222.3
2001/11,Rapport entre le taux de consommation des terres et le taux de croissance démographique,Ratio,"Saskatoon, Saskatchewan ",2230.43
2001/11,Rapport entre le taux de consommation des terres et le taux de croissance démographique,Ratio,"Sherbrooke, Québec",1752.54
2001/11,Rapport entre le taux de consommation des terres et le taux de croissance démographique,Ratio,"St. Catharines - Niagara, Ontario ",8047.69
2001/11,Rapport entre le taux de consommation des terres et le taux de croissance démographique,Ratio,"St. John's, Newfoundland and Labrador ",1352.43
2001/11,Rapport entre le taux de consommation des terres et le taux de croissance démographique,Ratio,"Thunder Bay, Ontario ",28248.48
2001/11,Rapport entre le taux de consommation des terres et le taux de croissance démographique,Ratio,"Toronto, Ontario ",12247.96
2001/11,Rapport entre le taux de consommation des terres et le taux de croissance démographique,Ratio,"Trois-Rivières, Québec",1367.4
2001/11,Rapport entre le taux de consommation des terres et le taux de croissance démographique,Ratio,"Vancouver, British Columbia ",6376.18
2001/11,Rapport entre le taux de consommation des terres et le taux de croissance démographique,Ratio,"Victoria, British Columbia ",1531.51
2001/11,Rapport entre le taux de consommation des terres et le taux de croissance démographique,Ratio,"Windsor, Ontario ",4643.71
2001/11,Rapport entre le taux de consommation des terres et le taux de croissance démographique,Ratio,"Winnipeg, Manitoba ",7340.74
