Year,Geography,Public sector components,GeoCode,Value
2015,,,,1875000000.0
2016,,,,1632000000.0
2017,,,,1848000000.0
2018,,,,1696000000.0
2019,,,,2202000000.0
2020,,,,1896000000.0
2021,,,,1985000000.0
2015,Canada,Consolidated provincial-territorial and local governments,,1446000000.0
2015,Newfoundland and Labrador,Consolidated provincial-territorial and local governments,10,9000000.0
2015,Prince Edward Island,Consolidated provincial-territorial and local governments,11,2000000.0
2015,Nova Scotia,Consolidated provincial-territorial and local governments,12,27000000.0
2015,New Brunswick,Consolidated provincial-territorial and local governments,13,22000000.0
2015,Quebec,Consolidated provincial-territorial and local governments,24,53000000.0
2015,Ontario,Consolidated provincial-territorial and local governments,35,738000000.0
2015,Manitoba,Consolidated provincial-territorial and local governments,46,33000000.0
2015,Saskatchewan,Consolidated provincial-territorial and local governments,47,19000000.0
2015,Alberta,Consolidated provincial-territorial and local governments,48,436000000.0
2015,British Columbia,Consolidated provincial-territorial and local governments,59,33000000.0
2015,Yukon,Consolidated provincial-territorial and local governments,60,53000000.0
2015,Northwest Territories,Consolidated provincial-territorial and local governments,61,14000000.0
2015,Nunavut,Consolidated provincial-territorial and local governments,62,6000000.0
2016,Canada,Consolidated provincial-territorial and local governments,,1328000000.0
2016,Newfoundland and Labrador,Consolidated provincial-territorial and local governments,10,8000000.0
2016,Prince Edward Island,Consolidated provincial-territorial and local governments,11,2000000.0
2016,Nova Scotia,Consolidated provincial-territorial and local governments,12,22000000.0
2016,New Brunswick,Consolidated provincial-territorial and local governments,13,11000000.0
2016,Quebec,Consolidated provincial-territorial and local governments,24,52000000.0
2016,Ontario,Consolidated provincial-territorial and local governments,35,758000000.0
2016,Manitoba,Consolidated provincial-territorial and local governments,46,35000000.0
2016,Saskatchewan,Consolidated provincial-territorial and local governments,47,17000000.0
2016,Alberta,Consolidated provincial-territorial and local governments,48,328000000.0
2016,British Columbia,Consolidated provincial-territorial and local governments,59,33000000.0
2016,Yukon,Consolidated provincial-territorial and local governments,60,42000000.0
2016,Northwest Territories,Consolidated provincial-territorial and local governments,61,13000000.0
2016,Nunavut,Consolidated provincial-territorial and local governments,62,6000000.0
2017,Canada,Consolidated provincial-territorial and local governments,,1506000000.0
2017,Newfoundland and Labrador,Consolidated provincial-territorial and local governments,10,7000000.0
2017,Prince Edward Island,Consolidated provincial-territorial and local governments,11,2000000.0
2017,Nova Scotia,Consolidated provincial-territorial and local governments,12,21000000.0
2017,New Brunswick,Consolidated provincial-territorial and local governments,13,18000000.0
2017,Quebec,Consolidated provincial-territorial and local governments,24,140000000.0
2017,Ontario,Consolidated provincial-territorial and local governments,35,862000000.0
2017,Manitoba,Consolidated provincial-territorial and local governments,46,34000000.0
2017,Saskatchewan,Consolidated provincial-territorial and local governments,47,20000000.0
2017,Alberta,Consolidated provincial-territorial and local governments,48,297000000.0
2017,British Columbia,Consolidated provincial-territorial and local governments,59,52000000.0
2017,Yukon,Consolidated provincial-territorial and local governments,60,34000000.0
2017,Northwest Territories,Consolidated provincial-territorial and local governments,61,13000000.0
2017,Nunavut,Consolidated provincial-territorial and local governments,62,6000000.0
2018,Canada,Consolidated provincial-territorial and local governments,,1357000000.0
2018,Newfoundland and Labrador,Consolidated provincial-territorial and local governments,10,6000000.0
2018,Prince Edward Island,Consolidated provincial-territorial and local governments,11,2000000.0
2018,Nova Scotia,Consolidated provincial-territorial and local governments,12,36000000.0
2018,New Brunswick,Consolidated provincial-territorial and local governments,13,19000000.0
2018,Quebec,Consolidated provincial-territorial and local governments,24,55000000.0
2018,Ontario,Consolidated provincial-territorial and local governments,35,802000000.0
2018,Manitoba,Consolidated provincial-territorial and local governments,46,34000000.0
2018,Saskatchewan,Consolidated provincial-territorial and local governments,47,22000000.0
2018,Alberta,Consolidated provincial-territorial and local governments,48,295000000.0
2018,British Columbia,Consolidated provincial-territorial and local governments,59,46000000.0
2018,Yukon,Consolidated provincial-territorial and local governments,60,20000000.0
2018,Northwest Territories,Consolidated provincial-territorial and local governments,61,14000000.0
2018,Nunavut,Consolidated provincial-territorial and local governments,62,6000000.0
2019,Canada,Consolidated provincial-territorial and local governments,,1666000000.0
2019,Newfoundland and Labrador,Consolidated provincial-territorial and local governments,10,7000000.0
2019,Prince Edward Island,Consolidated provincial-territorial and local governments,11,2000000.0
2019,Nova Scotia,Consolidated provincial-territorial and local governments,12,30000000.0
2019,New Brunswick,Consolidated provincial-territorial and local governments,13,18000000.0
2019,Quebec,Consolidated provincial-territorial and local governments,24,106000000.0
2019,Ontario,Consolidated provincial-territorial and local governments,35,845000000.0
2019,Manitoba,Consolidated provincial-territorial and local governments,46,35000000.0
2019,Saskatchewan,Consolidated provincial-territorial and local governments,47,23000000.0
2019,Alberta,Consolidated provincial-territorial and local governments,48,499000000.0
2019,British Columbia,Consolidated provincial-territorial and local governments,59,46000000.0
2019,Yukon,Consolidated provincial-territorial and local governments,60,29000000.0
2019,Northwest Territories,Consolidated provincial-territorial and local governments,61,17000000.0
2019,Nunavut,Consolidated provincial-territorial and local governments,62,7000000.0
2020,Canada,Consolidated provincial-territorial and local governments,,1257000000.0
2020,Newfoundland and Labrador,Consolidated provincial-territorial and local governments,10,7000000.0
2020,Prince Edward Island,Consolidated provincial-territorial and local governments,11,2000000.0
2020,Nova Scotia,Consolidated provincial-territorial and local governments,12,35000000.0
2020,New Brunswick,Consolidated provincial-territorial and local governments,13,16000000.0
2020,Quebec,Consolidated provincial-territorial and local governments,24,164000000.0
2020,Ontario,Consolidated provincial-territorial and local governments,35,801000000.0
2020,Manitoba,Consolidated provincial-territorial and local governments,46,66000000.0
2020,Saskatchewan,Consolidated provincial-territorial and local governments,47,22000000.0
2020,Alberta,Consolidated provincial-territorial and local governments,48,31000000.0
2020,British Columbia,Consolidated provincial-territorial and local governments,59,58000000.0
2020,Yukon,Consolidated provincial-territorial and local governments,60,32000000.0
2020,Northwest Territories,Consolidated provincial-territorial and local governments,61,16000000.0
2020,Nunavut,Consolidated provincial-territorial and local governments,62,6000000.0
2021,Canada,Consolidated provincial-territorial and local governments,,1326000000.0
2021,Newfoundland and Labrador,Consolidated provincial-territorial and local governments,10,7000000.0
2021,Prince Edward Island,Consolidated provincial-territorial and local governments,11,2000000.0
2021,Nova Scotia,Consolidated provincial-territorial and local governments,12,35000000.0
2021,New Brunswick,Consolidated provincial-territorial and local governments,13,13000000.0
2021,Quebec,Consolidated provincial-territorial and local governments,24,166000000.0
2021,Ontario,Consolidated provincial-territorial and local governments,35,877000000.0
2021,Manitoba,Consolidated provincial-territorial and local governments,46,45000000.0
2021,Saskatchewan,Consolidated provincial-territorial and local governments,47,23000000.0
2021,Alberta,Consolidated provincial-territorial and local governments,48,37000000.0
2021,British Columbia,Consolidated provincial-territorial and local governments,59,65000000.0
2021,Yukon,Consolidated provincial-territorial and local governments,60,32000000.0
2021,Northwest Territories,Consolidated provincial-territorial and local governments,61,17000000.0
2021,Nunavut,Consolidated provincial-territorial and local governments,62,7000000.0
