Year,Activité liée à des compétences numériques,Groupe d'âge,Niveau de scolarité,Value
2018,Copied or moved files or folders digitally ,"Total, tous les utilisateurs d'Internet âgés de 15 ans et plus","Total, plus haut certificat, diplôme ou grade obtenu",66.2
2018,Copied or moved files or folders digitally ,"Total, tous les utilisateurs d'Internet âgés de 15 ans et plus",Un diplôme d'études secondaires ou moins,52.7
2018,Copied or moved files or folders digitally ,"Total, tous les utilisateurs d'Internet âgés de 15 ans et plus","Un diplôme d'un collège ou d'une école de métiers, ou études universitaires partielles",63.8
2018,Copied or moved files or folders digitally ,"Total, tous les utilisateurs d'Internet âgés de 15 ans et plus",Un baccalauréat ou diplôme supérieur,81.2
2018,Copied or moved files or folders digitally ,Utilisateurs d'Internet âgés de 15 ans à 24 ans,"Total, plus haut certificat, diplôme ou grade obtenu",76.1
2018,Copied or moved files or folders digitally ,Utilisateurs d'Internet âgés de 15 ans à 24 ans,Un diplôme d'études secondaires ou moins,72.5
2018,Copied or moved files or folders digitally ,Utilisateurs d'Internet âgés de 15 ans à 24 ans,"Un diplôme d'un collège ou d'une école de métiers, ou études universitaires partielles",82.2
2018,Copied or moved files or folders digitally ,Utilisateurs d'Internet âgés de 15 ans à 24 ans,Un baccalauréat ou diplôme supérieur,84.4
2018,Copied or moved files or folders digitally ,Utilisateurs d'Internet âgés de 25 ans à 44 ans,"Total, plus haut certificat, diplôme ou grade obtenu",78.0
2018,Copied or moved files or folders digitally ,Utilisateurs d'Internet âgés de 25 ans à 44 ans,Un diplôme d'études secondaires ou moins,59.1
2018,Copied or moved files or folders digitally ,Utilisateurs d'Internet âgés de 25 ans à 44 ans,"Un diplôme d'un collège ou d'une école de métiers, ou études universitaires partielles",75.4
2018,Copied or moved files or folders digitally ,Utilisateurs d'Internet âgés de 25 ans à 44 ans,Un baccalauréat ou diplôme supérieur,88.6
2018,Copied or moved files or folders digitally ,Utilisateurs d'Internet âgés de 45 ans à 64 ans,"Total, plus haut certificat, diplôme ou grade obtenu",61.4
2018,Copied or moved files or folders digitally ,Utilisateurs d'Internet âgés de 45 ans à 64 ans,Un diplôme d'études secondaires ou moins,41.8
2018,Copied or moved files or folders digitally ,Utilisateurs d'Internet âgés de 45 ans à 64 ans,"Un diplôme d'un collège ou d'une école de métiers, ou études universitaires partielles",58.8
2018,Copied or moved files or folders digitally ,Utilisateurs d'Internet âgés de 45 ans à 64 ans,Un baccalauréat ou diplôme supérieur,79.7
2018,Copied or moved files or folders digitally ,Utilisateurs d'Internet âgés de 65 ans et plus,"Total, plus haut certificat, diplôme ou grade obtenu",41.2
2018,Copied or moved files or folders digitally ,Utilisateurs d'Internet âgés de 65 ans et plus,Un diplôme d'études secondaires ou moins,27.2
2018,Copied or moved files or folders digitally ,Utilisateurs d'Internet âgés de 65 ans et plus,"Un diplôme d'un collège ou d'une école de métiers, ou études universitaires partielles",40.5
2018,Copied or moved files or folders digitally ,Utilisateurs d'Internet âgés de 65 ans et plus,Un baccalauréat ou diplôme supérieur,59.3
2018,Used word processing software ,"Total, tous les utilisateurs d'Internet âgés de 15 ans et plus","Total, plus haut certificat, diplôme ou grade obtenu",69.0
2018,Used word processing software ,"Total, tous les utilisateurs d'Internet âgés de 15 ans et plus",Un diplôme d'études secondaires ou moins,54.4
2018,Used word processing software ,"Total, tous les utilisateurs d'Internet âgés de 15 ans et plus","Un diplôme d'un collège ou d'une école de métiers, ou études universitaires partielles",65.7
2018,Used word processing software ,"Total, tous les utilisateurs d'Internet âgés de 15 ans et plus",Un baccalauréat ou diplôme supérieur,86.0
2018,Used word processing software ,Utilisateurs d'Internet âgés de 15 ans à 24 ans,"Total, plus haut certificat, diplôme ou grade obtenu",84.3
2018,Used word processing software ,Utilisateurs d'Internet âgés de 15 ans à 24 ans,Un diplôme d'études secondaires ou moins,82.7
2018,Used word processing software ,Utilisateurs d'Internet âgés de 15 ans à 24 ans,"Un diplôme d'un collège ou d'une école de métiers, ou études universitaires partielles",84.7
2018,Used word processing software ,Utilisateurs d'Internet âgés de 15 ans à 24 ans,Un baccalauréat ou diplôme supérieur,93.6
2018,Used word processing software ,Utilisateurs d'Internet âgés de 25 ans à 44 ans,"Total, plus haut certificat, diplôme ou grade obtenu",80.8
2018,Used word processing software ,Utilisateurs d'Internet âgés de 25 ans à 44 ans,Un diplôme d'études secondaires ou moins,59.7
2018,Used word processing software ,Utilisateurs d'Internet âgés de 25 ans à 44 ans,"Un diplôme d'un collège ou d'une école de métiers, ou études universitaires partielles",78.5
2018,Used word processing software ,Utilisateurs d'Internet âgés de 25 ans à 44 ans,Un baccalauréat ou diplôme supérieur,91.8
2018,Used word processing software ,Utilisateurs d'Internet âgés de 45 ans à 64 ans,"Total, plus haut certificat, diplôme ou grade obtenu",61.8
2018,Used word processing software ,Utilisateurs d'Internet âgés de 45 ans à 64 ans,Un diplôme d'études secondaires ou moins,36.4
2018,Used word processing software ,Utilisateurs d'Internet âgés de 45 ans à 64 ans,"Un diplôme d'un collège ou d'une école de métiers, ou études universitaires partielles",58.7
2018,Used word processing software ,Utilisateurs d'Internet âgés de 45 ans à 64 ans,Un baccalauréat ou diplôme supérieur,85.2
2018,Used word processing software ,Utilisateurs d'Internet âgés de 65 ans et plus,"Total, plus haut certificat, diplôme ou grade obtenu",43.7
2018,Used word processing software ,Utilisateurs d'Internet âgés de 65 ans et plus,Un diplôme d'études secondaires ou moins,25.9
2018,Used word processing software ,Utilisateurs d'Internet âgés de 65 ans et plus,"Un diplôme d'un collège ou d'une école de métiers, ou études universitaires partielles",44.1
2018,Used word processing software ,Utilisateurs d'Internet âgés de 65 ans et plus,Un baccalauréat ou diplôme supérieur,65.6
2018,"Created presentations, or documents with text and pictures, tables or charts ","Total, tous les utilisateurs d'Internet âgés de 15 ans et plus","Total, plus haut certificat, diplôme ou grade obtenu",44.3
2018,"Created presentations, or documents with text and pictures, tables or charts ","Total, tous les utilisateurs d'Internet âgés de 15 ans et plus",Un diplôme d'études secondaires ou moins,37.3
2018,"Created presentations, or documents with text and pictures, tables or charts ","Total, tous les utilisateurs d'Internet âgés de 15 ans et plus","Un diplôme d'un collège ou d'une école de métiers, ou études universitaires partielles",34.5
2018,"Created presentations, or documents with text and pictures, tables or charts ","Total, tous les utilisateurs d'Internet âgés de 15 ans et plus",Un baccalauréat ou diplôme supérieur,60.0
2018,"Created presentations, or documents with text and pictures, tables or charts ",Utilisateurs d'Internet âgés de 15 ans à 24 ans,"Total, plus haut certificat, diplôme ou grade obtenu",74.2
2018,"Created presentations, or documents with text and pictures, tables or charts ",Utilisateurs d'Internet âgés de 15 ans à 24 ans,Un diplôme d'études secondaires ou moins,76.4
2018,"Created presentations, or documents with text and pictures, tables or charts ",Utilisateurs d'Internet âgés de 15 ans à 24 ans,"Un diplôme d'un collège ou d'une école de métiers, ou études universitaires partielles",60.4
2018,"Created presentations, or documents with text and pictures, tables or charts ",Utilisateurs d'Internet âgés de 15 ans à 24 ans,Un baccalauréat ou diplôme supérieur,79.3
2018,"Created presentations, or documents with text and pictures, tables or charts ",Utilisateurs d'Internet âgés de 25 ans à 44 ans,"Total, plus haut certificat, diplôme ou grade obtenu",54.6
2018,"Created presentations, or documents with text and pictures, tables or charts ",Utilisateurs d'Internet âgés de 25 ans à 44 ans,Un diplôme d'études secondaires ou moins,31.6
2018,"Created presentations, or documents with text and pictures, tables or charts ",Utilisateurs d'Internet âgés de 25 ans à 44 ans,"Un diplôme d'un collège ou d'une école de métiers, ou études universitaires partielles",45.4
2018,"Created presentations, or documents with text and pictures, tables or charts ",Utilisateurs d'Internet âgés de 25 ans à 44 ans,Un baccalauréat ou diplôme supérieur,71.7
2018,"Created presentations, or documents with text and pictures, tables or charts ",Utilisateurs d'Internet âgés de 45 ans à 64 ans,"Total, plus haut certificat, diplôme ou grade obtenu",34.6
2018,"Created presentations, or documents with text and pictures, tables or charts ",Utilisateurs d'Internet âgés de 45 ans à 64 ans,Un diplôme d'études secondaires ou moins,15.7
2018,"Created presentations, or documents with text and pictures, tables or charts ",Utilisateurs d'Internet âgés de 45 ans à 64 ans,"Un diplôme d'un collège ou d'une école de métiers, ou études universitaires partielles",28.7
2018,"Created presentations, or documents with text and pictures, tables or charts ",Utilisateurs d'Internet âgés de 45 ans à 64 ans,Un baccalauréat ou diplôme supérieur,55.1
2018,"Created presentations, or documents with text and pictures, tables or charts ",Utilisateurs d'Internet âgés de 65 ans et plus,"Total, plus haut certificat, diplôme ou grade obtenu",14.2
2018,"Created presentations, or documents with text and pictures, tables or charts ",Utilisateurs d'Internet âgés de 65 ans et plus,Un diplôme d'études secondaires ou moins,6.6
2018,"Created presentations, or documents with text and pictures, tables or charts ",Utilisateurs d'Internet âgés de 65 ans et plus,"Un diplôme d'un collège ou d'une école de métiers, ou études universitaires partielles",11.1
2018,"Created presentations, or documents with text and pictures, tables or charts ",Utilisateurs d'Internet âgés de 65 ans et plus,Un baccalauréat ou diplôme supérieur,26.2
2018,Utilisé les fonctions de base d’un logiciel tableur,"Total, tous les utilisateurs d'Internet âgés de 15 ans et plus","Total, plus haut certificat, diplôme ou grade obtenu",53.0
2018,Utilisé les fonctions de base d’un logiciel tableur,"Total, tous les utilisateurs d'Internet âgés de 15 ans et plus",Un diplôme d'études secondaires ou moins,38.6
2018,Utilisé les fonctions de base d’un logiciel tableur,"Total, tous les utilisateurs d'Internet âgés de 15 ans et plus","Un diplôme d'un collège ou d'une école de métiers, ou études universitaires partielles",49.5
2018,Utilisé les fonctions de base d’un logiciel tableur,"Total, tous les utilisateurs d'Internet âgés de 15 ans et plus",Un baccalauréat ou diplôme supérieur,69.9
2018,Utilisé les fonctions de base d’un logiciel tableur,Utilisateurs d'Internet âgés de 15 ans à 24 ans,"Total, plus haut certificat, diplôme ou grade obtenu",62.2
2018,Utilisé les fonctions de base d’un logiciel tableur,Utilisateurs d'Internet âgés de 15 ans à 24 ans,Un diplôme d'études secondaires ou moins,59.1
2018,Utilisé les fonctions de base d’un logiciel tableur,Utilisateurs d'Internet âgés de 15 ans à 24 ans,"Un diplôme d'un collège ou d'une école de métiers, ou études universitaires partielles",57.5
2018,Utilisé les fonctions de base d’un logiciel tableur,Utilisateurs d'Internet âgés de 15 ans à 24 ans,Un baccalauréat ou diplôme supérieur,85.2
2018,Utilisé les fonctions de base d’un logiciel tableur,Utilisateurs d'Internet âgés de 25 ans à 44 ans,"Total, plus haut certificat, diplôme ou grade obtenu",65.7
2018,Utilisé les fonctions de base d’un logiciel tableur,Utilisateurs d'Internet âgés de 25 ans à 44 ans,Un diplôme d'études secondaires ou moins,42.2
2018,Utilisé les fonctions de base d’un logiciel tableur,Utilisateurs d'Internet âgés de 25 ans à 44 ans,"Un diplôme d'un collège ou d'une école de métiers, ou études universitaires partielles",61.4
2018,Utilisé les fonctions de base d’un logiciel tableur,Utilisateurs d'Internet âgés de 25 ans à 44 ans,Un baccalauréat ou diplôme supérieur,79.3
2018,Utilisé les fonctions de base d’un logiciel tableur,Utilisateurs d'Internet âgés de 45 ans à 64 ans,"Total, plus haut certificat, diplôme ou grade obtenu",48.5
2018,Utilisé les fonctions de base d’un logiciel tableur,Utilisateurs d'Internet âgés de 45 ans à 64 ans,Un diplôme d'études secondaires ou moins,26.7
2018,Utilisé les fonctions de base d’un logiciel tableur,Utilisateurs d'Internet âgés de 45 ans à 64 ans,"Un diplôme d'un collège ou d'une école de métiers, ou études universitaires partielles",46.8
2018,Utilisé les fonctions de base d’un logiciel tableur,Utilisateurs d'Internet âgés de 45 ans à 64 ans,Un baccalauréat ou diplôme supérieur,67.2
2018,Utilisé les fonctions de base d’un logiciel tableur,Utilisateurs d'Internet âgés de 65 ans et plus,"Total, plus haut certificat, diplôme ou grade obtenu",26.2
2018,Utilisé les fonctions de base d’un logiciel tableur,Utilisateurs d'Internet âgés de 65 ans et plus,Un diplôme d'études secondaires ou moins,16.5
2018,Utilisé les fonctions de base d’un logiciel tableur,Utilisateurs d'Internet âgés de 65 ans et plus,"Un diplôme d'un collège ou d'une école de métiers, ou études universitaires partielles",25.2
2018,Utilisé les fonctions de base d’un logiciel tableur,Utilisateurs d'Internet âgés de 65 ans et plus,Un baccalauréat ou diplôme supérieur,39.3
2018,Used spreadsheet software advanced functions to organize and analyze data ,"Total, tous les utilisateurs d'Internet âgés de 15 ans et plus","Total, plus haut certificat, diplôme ou grade obtenu",21.5
2018,Used spreadsheet software advanced functions to organize and analyze data ,"Total, tous les utilisateurs d'Internet âgés de 15 ans et plus",Un diplôme d'études secondaires ou moins,13.3
2018,Used spreadsheet software advanced functions to organize and analyze data ,"Total, tous les utilisateurs d'Internet âgés de 15 ans et plus","Un diplôme d'un collège ou d'une école de métiers, ou études universitaires partielles",18.2
2018,Used spreadsheet software advanced functions to organize and analyze data ,"Total, tous les utilisateurs d'Internet âgés de 15 ans et plus",Un baccalauréat ou diplôme supérieur,32.1
2018,Used spreadsheet software advanced functions to organize and analyze data ,Utilisateurs d'Internet âgés de 15 ans à 24 ans,"Total, plus haut certificat, diplôme ou grade obtenu",26.1
2018,Used spreadsheet software advanced functions to organize and analyze data ,Utilisateurs d'Internet âgés de 15 ans à 24 ans,Un diplôme d'études secondaires ou moins,23.0
2018,Used spreadsheet software advanced functions to organize and analyze data ,Utilisateurs d'Internet âgés de 15 ans à 24 ans,"Un diplôme d'un collège ou d'une école de métiers, ou études universitaires partielles",26.7
2018,Used spreadsheet software advanced functions to organize and analyze data ,Utilisateurs d'Internet âgés de 15 ans à 24 ans,Un baccalauréat ou diplôme supérieur,41.9
2018,Used spreadsheet software advanced functions to organize and analyze data ,Utilisateurs d'Internet âgés de 25 ans à 44 ans,"Total, plus haut certificat, diplôme ou grade obtenu",29.7
2018,Used spreadsheet software advanced functions to organize and analyze data ,Utilisateurs d'Internet âgés de 25 ans à 44 ans,Un diplôme d'études secondaires ou moins,15.1
2018,Used spreadsheet software advanced functions to organize and analyze data ,Utilisateurs d'Internet âgés de 25 ans à 44 ans,"Un diplôme d'un collège ou d'une école de métiers, ou études universitaires partielles",23.5
2018,Used spreadsheet software advanced functions to organize and analyze data ,Utilisateurs d'Internet âgés de 25 ans à 44 ans,Un baccalauréat ou diplôme supérieur,40.8
2018,Used spreadsheet software advanced functions to organize and analyze data ,Utilisateurs d'Internet âgés de 45 ans à 64 ans,"Total, plus haut certificat, diplôme ou grade obtenu",18.3
2018,Used spreadsheet software advanced functions to organize and analyze data ,Utilisateurs d'Internet âgés de 45 ans à 64 ans,Un diplôme d'études secondaires ou moins,8.1
2018,Used spreadsheet software advanced functions to organize and analyze data ,Utilisateurs d'Internet âgés de 45 ans à 64 ans,"Un diplôme d'un collège ou d'une école de métiers, ou études universitaires partielles",16.9
2018,Used spreadsheet software advanced functions to organize and analyze data ,Utilisateurs d'Internet âgés de 45 ans à 64 ans,Un baccalauréat ou diplôme supérieur,27.8
2018,Used spreadsheet software advanced functions to organize and analyze data ,Utilisateurs d'Internet âgés de 65 ans et plus,"Total, plus haut certificat, diplôme ou grade obtenu",5.8
2018,Used spreadsheet software advanced functions to organize and analyze data ,Utilisateurs d'Internet âgés de 65 ans et plus,Un diplôme d'études secondaires ou moins,2.3
2018,Used spreadsheet software advanced functions to organize and analyze data ,Utilisateurs d'Internet âgés de 65 ans et plus,"Un diplôme d'un collège ou d'une école de métiers, ou études universitaires partielles",5.5
2018,Used spreadsheet software advanced functions to organize and analyze data ,Utilisateurs d'Internet âgés de 65 ans et plus,Un baccalauréat ou diplôme supérieur,10.2
2018,"Used software to edit photos, video or audio files ","Total, tous les utilisateurs d'Internet âgés de 15 ans et plus","Total, plus haut certificat, diplôme ou grade obtenu",39.7
2018,"Used software to edit photos, video or audio files ","Total, tous les utilisateurs d'Internet âgés de 15 ans et plus",Un diplôme d'études secondaires ou moins,33.7
2018,"Used software to edit photos, video or audio files ","Total, tous les utilisateurs d'Internet âgés de 15 ans et plus","Un diplôme d'un collège ou d'une école de métiers, ou études universitaires partielles",36.6
2018,"Used software to edit photos, video or audio files ","Total, tous les utilisateurs d'Internet âgés de 15 ans et plus",Un baccalauréat ou diplôme supérieur,48.1
2018,"Used software to edit photos, video or audio files ",Utilisateurs d'Internet âgés de 15 ans à 24 ans,"Total, plus haut certificat, diplôme ou grade obtenu",52.0
2018,"Used software to edit photos, video or audio files ",Utilisateurs d'Internet âgés de 15 ans à 24 ans,Un diplôme d'études secondaires ou moins,54.3
2018,"Used software to edit photos, video or audio files ",Utilisateurs d'Internet âgés de 15 ans à 24 ans,"Un diplôme d'un collège ou d'une école de métiers, ou études universitaires partielles",44.3
2018,"Used software to edit photos, video or audio files ",Utilisateurs d'Internet âgés de 15 ans à 24 ans,Un baccalauréat ou diplôme supérieur,49.3
2018,"Used software to edit photos, video or audio files ",Utilisateurs d'Internet âgés de 25 ans à 44 ans,"Total, plus haut certificat, diplôme ou grade obtenu",49.6
2018,"Used software to edit photos, video or audio files ",Utilisateurs d'Internet âgés de 25 ans à 44 ans,Un diplôme d'études secondaires ou moins,41.4
2018,"Used software to edit photos, video or audio files ",Utilisateurs d'Internet âgés de 25 ans à 44 ans,"Un diplôme d'un collège ou d'une école de métiers, ou études universitaires partielles",46.5
2018,"Used software to edit photos, video or audio files ",Utilisateurs d'Internet âgés de 25 ans à 44 ans,Un baccalauréat ou diplôme supérieur,55.6
2018,"Used software to edit photos, video or audio files ",Utilisateurs d'Internet âgés de 45 ans à 64 ans,"Total, plus haut certificat, diplôme ou grade obtenu",32.7
2018,"Used software to edit photos, video or audio files ",Utilisateurs d'Internet âgés de 45 ans à 64 ans,Un diplôme d'études secondaires ou moins,19.3
2018,"Used software to edit photos, video or audio files ",Utilisateurs d'Internet âgés de 45 ans à 64 ans,"Un diplôme d'un collège ou d'une école de métiers, ou études universitaires partielles",32.0
2018,"Used software to edit photos, video or audio files ",Utilisateurs d'Internet âgés de 45 ans à 64 ans,Un baccalauréat ou diplôme supérieur,43.9
2018,"Used software to edit photos, video or audio files ",Utilisateurs d'Internet âgés de 65 ans et plus,"Total, plus haut certificat, diplôme ou grade obtenu",21.0
2018,"Used software to edit photos, video or audio files ",Utilisateurs d'Internet âgés de 65 ans et plus,Un diplôme d'études secondaires ou moins,10.6
2018,"Used software to edit photos, video or audio files ",Utilisateurs d'Internet âgés de 65 ans et plus,"Un diplôme d'un collège ou d'une école de métiers, ou études universitaires partielles",21.4
2018,"Used software to edit photos, video or audio files ",Utilisateurs d'Internet âgés de 65 ans et plus,Un baccalauréat ou diplôme supérieur,33.6
2018,Écrit du code dans un langage de programmation,"Total, tous les utilisateurs d'Internet âgés de 15 ans et plus","Total, plus haut certificat, diplôme ou grade obtenu",10.3
2018,Écrit du code dans un langage de programmation,"Total, tous les utilisateurs d'Internet âgés de 15 ans et plus",Un diplôme d'études secondaires ou moins,9.8
2018,Écrit du code dans un langage de programmation,"Total, tous les utilisateurs d'Internet âgés de 15 ans et plus","Un diplôme d'un collège ou d'une école de métiers, ou études universitaires partielles",7.2
2018,Écrit du code dans un langage de programmation,"Total, tous les utilisateurs d'Internet âgés de 15 ans et plus",Un baccalauréat ou diplôme supérieur,14.0
2018,Écrit du code dans un langage de programmation,Utilisateurs d'Internet âgés de 15 ans à 24 ans,"Total, plus haut certificat, diplôme ou grade obtenu",22.1
2018,Écrit du code dans un langage de programmation,Utilisateurs d'Internet âgés de 15 ans à 24 ans,Un diplôme d'études secondaires ou moins,21.2
2018,Écrit du code dans un langage de programmation,Utilisateurs d'Internet âgés de 15 ans à 24 ans,"Un diplôme d'un collège ou d'une école de métiers, ou études universitaires partielles",18.4
2018,Écrit du code dans un langage de programmation,Utilisateurs d'Internet âgés de 15 ans à 24 ans,Un baccalauréat ou diplôme supérieur,35.5
2018,Écrit du code dans un langage de programmation,Utilisateurs d'Internet âgés de 25 ans à 44 ans,"Total, plus haut certificat, diplôme ou grade obtenu",13.7
2018,Écrit du code dans un langage de programmation,Utilisateurs d'Internet âgés de 25 ans à 44 ans,Un diplôme d'études secondaires ou moins,9.4
2018,Écrit du code dans un langage de programmation,Utilisateurs d'Internet âgés de 25 ans à 44 ans,"Un diplôme d'un collège ou d'une école de métiers, ou études universitaires partielles",9.4
2018,Écrit du code dans un langage de programmation,Utilisateurs d'Internet âgés de 25 ans à 44 ans,Un baccalauréat ou diplôme supérieur,19.0
2018,Écrit du code dans un langage de programmation,Utilisateurs d'Internet âgés de 45 ans à 64 ans,"Total, plus haut certificat, diplôme ou grade obtenu",5.8
2018,Écrit du code dans un langage de programmation,Utilisateurs d'Internet âgés de 45 ans à 64 ans,Un diplôme d'études secondaires ou moins,3.1
2018,Écrit du code dans un langage de programmation,Utilisateurs d'Internet âgés de 45 ans à 64 ans,"Un diplôme d'un collège ou d'une école de métiers, ou études universitaires partielles",5.1
2018,Écrit du code dans un langage de programmation,Utilisateurs d'Internet âgés de 45 ans à 64 ans,Un baccalauréat ou diplôme supérieur,8.8
2018,Écrit du code dans un langage de programmation,Utilisateurs d'Internet âgés de 65 ans et plus,"Total, plus haut certificat, diplôme ou grade obtenu",1.4
2018,Écrit du code dans un langage de programmation,Utilisateurs d'Internet âgés de 65 ans et plus,Un diplôme d'études secondaires ou moins,
2018,Écrit du code dans un langage de programmation,Utilisateurs d'Internet âgés de 65 ans et plus,"Un diplôme d'un collège ou d'une école de métiers, ou études universitaires partielles",
2018,Écrit du code dans un langage de programmation,Utilisateurs d'Internet âgés de 65 ans et plus,Un baccalauréat ou diplôme supérieur,
2018,Uploaded files or photos to an online data storage space ,"Total, tous les utilisateurs d'Internet âgés de 15 ans et plus","Total, plus haut certificat, diplôme ou grade obtenu",49.1
2018,Uploaded files or photos to an online data storage space ,"Total, tous les utilisateurs d'Internet âgés de 15 ans et plus",Un diplôme d'études secondaires ou moins,40.0
2018,Uploaded files or photos to an online data storage space ,"Total, tous les utilisateurs d'Internet âgés de 15 ans et plus","Un diplôme d'un collège ou d'une école de métiers, ou études universitaires partielles",44.3
2018,Uploaded files or photos to an online data storage space ,"Total, tous les utilisateurs d'Internet âgés de 15 ans et plus",Un baccalauréat ou diplôme supérieur,62.2
2018,Uploaded files or photos to an online data storage space ,Utilisateurs d'Internet âgés de 15 ans à 24 ans,"Total, plus haut certificat, diplôme ou grade obtenu",65.0
2018,Uploaded files or photos to an online data storage space ,Utilisateurs d'Internet âgés de 15 ans à 24 ans,Un diplôme d'études secondaires ou moins,63.5
2018,Uploaded files or photos to an online data storage space ,Utilisateurs d'Internet âgés de 15 ans à 24 ans,"Un diplôme d'un collège ou d'une école de métiers, ou études universitaires partielles",55.8
2018,Uploaded files or photos to an online data storage space ,Utilisateurs d'Internet âgés de 15 ans à 24 ans,Un baccalauréat ou diplôme supérieur,83.8
2018,Uploaded files or photos to an online data storage space ,Utilisateurs d'Internet âgés de 25 ans à 44 ans,"Total, plus haut certificat, diplôme ou grade obtenu",62.8
2018,Uploaded files or photos to an online data storage space ,Utilisateurs d'Internet âgés de 25 ans à 44 ans,Un diplôme d'études secondaires ou moins,45.8
2018,Uploaded files or photos to an online data storage space ,Utilisateurs d'Internet âgés de 25 ans à 44 ans,"Un diplôme d'un collège ou d'une école de métiers, ou études universitaires partielles",58.0
2018,Uploaded files or photos to an online data storage space ,Utilisateurs d'Internet âgés de 25 ans à 44 ans,Un baccalauréat ou diplôme supérieur,74.3
2018,Uploaded files or photos to an online data storage space ,Utilisateurs d'Internet âgés de 45 ans à 64 ans,"Total, plus haut certificat, diplôme ou grade obtenu",40.3
2018,Uploaded files or photos to an online data storage space ,Utilisateurs d'Internet âgés de 45 ans à 64 ans,Un diplôme d'études secondaires ou moins,26.4
2018,Uploaded files or photos to an online data storage space ,Utilisateurs d'Internet âgés de 45 ans à 64 ans,"Un diplôme d'un collège ou d'une école de métiers, ou études universitaires partielles",38.1
2018,Uploaded files or photos to an online data storage space ,Utilisateurs d'Internet âgés de 45 ans à 64 ans,Un baccalauréat ou diplôme supérieur,53.5
2018,Uploaded files or photos to an online data storage space ,Utilisateurs d'Internet âgés de 65 ans et plus,"Total, plus haut certificat, diplôme ou grade obtenu",22.5
2018,Uploaded files or photos to an online data storage space ,Utilisateurs d'Internet âgés de 65 ans et plus,Un diplôme d'études secondaires ou moins,12.5
2018,Uploaded files or photos to an online data storage space ,Utilisateurs d'Internet âgés de 65 ans et plus,"Un diplôme d'un collège ou d'une école de métiers, ou études universitaires partielles",22.4
2018,Uploaded files or photos to an online data storage space ,Utilisateurs d'Internet âgés de 65 ans et plus,Un baccalauréat ou diplôme supérieur,35.2
2018,Downloaded files from the Internet to your computer or other devices ,"Total, tous les utilisateurs d'Internet âgés de 15 ans et plus","Total, plus haut certificat, diplôme ou grade obtenu",55.6
2018,Downloaded files from the Internet to your computer or other devices ,"Total, tous les utilisateurs d'Internet âgés de 15 ans et plus",Un diplôme d'études secondaires ou moins,43.5
2018,Downloaded files from the Internet to your computer or other devices ,"Total, tous les utilisateurs d'Internet âgés de 15 ans et plus","Un diplôme d'un collège ou d'une école de métiers, ou études universitaires partielles",51.7
2018,Downloaded files from the Internet to your computer or other devices ,"Total, tous les utilisateurs d'Internet âgés de 15 ans et plus",Un baccalauréat ou diplôme supérieur,70.2
2018,Downloaded files from the Internet to your computer or other devices ,Utilisateurs d'Internet âgés de 15 ans à 24 ans,"Total, plus haut certificat, diplôme ou grade obtenu",69.2
2018,Downloaded files from the Internet to your computer or other devices ,Utilisateurs d'Internet âgés de 15 ans à 24 ans,Un diplôme d'études secondaires ou moins,64.9
2018,Downloaded files from the Internet to your computer or other devices ,Utilisateurs d'Internet âgés de 15 ans à 24 ans,"Un diplôme d'un collège ou d'une école de métiers, ou études universitaires partielles",74.8
2018,Downloaded files from the Internet to your computer or other devices ,Utilisateurs d'Internet âgés de 15 ans à 24 ans,Un baccalauréat ou diplôme supérieur,81.9
2018,Downloaded files from the Internet to your computer or other devices ,Utilisateurs d'Internet âgés de 25 ans à 44 ans,"Total, plus haut certificat, diplôme ou grade obtenu",70.1
2018,Downloaded files from the Internet to your computer or other devices ,Utilisateurs d'Internet âgés de 25 ans à 44 ans,Un diplôme d'études secondaires ou moins,53.1
2018,Downloaded files from the Internet to your computer or other devices ,Utilisateurs d'Internet âgés de 25 ans à 44 ans,"Un diplôme d'un collège ou d'une école de métiers, ou études universitaires partielles",65.3
2018,Downloaded files from the Internet to your computer or other devices ,Utilisateurs d'Internet âgés de 25 ans à 44 ans,Un baccalauréat ou diplôme supérieur,81.3
2018,Downloaded files from the Internet to your computer or other devices ,Utilisateurs d'Internet âgés de 45 ans à 64 ans,"Total, plus haut certificat, diplôme ou grade obtenu",47.0
2018,Downloaded files from the Internet to your computer or other devices ,Utilisateurs d'Internet âgés de 45 ans à 64 ans,Un diplôme d'études secondaires ou moins,29.2
2018,Downloaded files from the Internet to your computer or other devices ,Utilisateurs d'Internet âgés de 45 ans à 64 ans,"Un diplôme d'un collège ou d'une école de métiers, ou études universitaires partielles",44.1
2018,Downloaded files from the Internet to your computer or other devices ,Utilisateurs d'Internet âgés de 45 ans à 64 ans,Un baccalauréat ou diplôme supérieur,64.1
2018,Downloaded files from the Internet to your computer or other devices ,Utilisateurs d'Internet âgés de 65 ans et plus,"Total, plus haut certificat, diplôme ou grade obtenu",28.9
2018,Downloaded files from the Internet to your computer or other devices ,Utilisateurs d'Internet âgés de 65 ans et plus,Un diplôme d'études secondaires ou moins,17.1
2018,Downloaded files from the Internet to your computer or other devices ,Utilisateurs d'Internet âgés de 65 ans et plus,"Un diplôme d'un collège ou d'une école de métiers, ou études universitaires partielles",27.8
2018,Downloaded files from the Internet to your computer or other devices ,Utilisateurs d'Internet âgés de 65 ans et plus,Un baccalauréat ou diplôme supérieur,44.2
2018,Shared files using an online data storage space ,"Total, tous les utilisateurs d'Internet âgés de 15 ans et plus","Total, plus haut certificat, diplôme ou grade obtenu",34.9
2018,Shared files using an online data storage space ,"Total, tous les utilisateurs d'Internet âgés de 15 ans et plus",Un diplôme d'études secondaires ou moins,27.1
2018,Shared files using an online data storage space ,"Total, tous les utilisateurs d'Internet âgés de 15 ans et plus","Un diplôme d'un collège ou d'une école de métiers, ou études universitaires partielles",28.6
2018,Shared files using an online data storage space ,"Total, tous les utilisateurs d'Internet âgés de 15 ans et plus",Un baccalauréat ou diplôme supérieur,48.2
2018,Shared files using an online data storage space ,Utilisateurs d'Internet âgés de 15 ans à 24 ans,"Total, plus haut certificat, diplôme ou grade obtenu",51.9
2018,Shared files using an online data storage space ,Utilisateurs d'Internet âgés de 15 ans à 24 ans,Un diplôme d'études secondaires ou moins,50.7
2018,Shared files using an online data storage space ,Utilisateurs d'Internet âgés de 15 ans à 24 ans,"Un diplôme d'un collège ou d'une école de métiers, ou études universitaires partielles",38.8
2018,Shared files using an online data storage space ,Utilisateurs d'Internet âgés de 15 ans à 24 ans,Un baccalauréat ou diplôme supérieur,74.3
2018,Shared files using an online data storage space ,Utilisateurs d'Internet âgés de 25 ans à 44 ans,"Total, plus haut certificat, diplôme ou grade obtenu",48.7
2018,Shared files using an online data storage space ,Utilisateurs d'Internet âgés de 25 ans à 44 ans,Un diplôme d'études secondaires ou moins,30.5
2018,Shared files using an online data storage space ,Utilisateurs d'Internet âgés de 25 ans à 44 ans,"Un diplôme d'un collège ou d'une école de métiers, ou études universitaires partielles",40.8
2018,Shared files using an online data storage space ,Utilisateurs d'Internet âgés de 25 ans à 44 ans,Un baccalauréat ou diplôme supérieur,62.6
2018,Shared files using an online data storage space ,Utilisateurs d'Internet âgés de 45 ans à 64 ans,"Total, plus haut certificat, diplôme ou grade obtenu",25.1
2018,Shared files using an online data storage space ,Utilisateurs d'Internet âgés de 45 ans à 64 ans,Un diplôme d'études secondaires ou moins,11.3
2018,Shared files using an online data storage space ,Utilisateurs d'Internet âgés de 45 ans à 64 ans,"Un diplôme d'un collège ou d'une école de métiers, ou études universitaires partielles",23.3
2018,Shared files using an online data storage space ,Utilisateurs d'Internet âgés de 45 ans à 64 ans,Un baccalauréat ou diplôme supérieur,37.7
2018,Shared files using an online data storage space ,Utilisateurs d'Internet âgés de 65 ans et plus,"Total, plus haut certificat, diplôme ou grade obtenu",9.6
2018,Shared files using an online data storage space ,Utilisateurs d'Internet âgés de 65 ans et plus,Un diplôme d'études secondaires ou moins,5.4
2018,Shared files using an online data storage space ,Utilisateurs d'Internet âgés de 65 ans et plus,"Un diplôme d'un collège ou d'une école de métiers, ou études universitaires partielles",8.9
2018,Shared files using an online data storage space ,Utilisateurs d'Internet âgés de 65 ans et plus,Un baccalauréat ou diplôme supérieur,16.2
2018,Connected a new device to a Wi-Fi network ,"Total, tous les utilisateurs d'Internet âgés de 15 ans et plus","Total, plus haut certificat, diplôme ou grade obtenu",63.0
2018,Connected a new device to a Wi-Fi network ,"Total, tous les utilisateurs d'Internet âgés de 15 ans et plus",Un diplôme d'études secondaires ou moins,56.3
2018,Connected a new device to a Wi-Fi network ,"Total, tous les utilisateurs d'Internet âgés de 15 ans et plus","Un diplôme d'un collège ou d'une école de métiers, ou études universitaires partielles",60.8
2018,Connected a new device to a Wi-Fi network ,"Total, tous les utilisateurs d'Internet âgés de 15 ans et plus",Un baccalauréat ou diplôme supérieur,71.4
2018,Connected a new device to a Wi-Fi network ,Utilisateurs d'Internet âgés de 15 ans à 24 ans,"Total, plus haut certificat, diplôme ou grade obtenu",80.5
2018,Connected a new device to a Wi-Fi network ,Utilisateurs d'Internet âgés de 15 ans à 24 ans,Un diplôme d'études secondaires ou moins,78.6
2018,Connected a new device to a Wi-Fi network ,Utilisateurs d'Internet âgés de 15 ans à 24 ans,"Un diplôme d'un collège ou d'une école de métiers, ou études universitaires partielles",82.4
2018,Connected a new device to a Wi-Fi network ,Utilisateurs d'Internet âgés de 15 ans à 24 ans,Un baccalauréat ou diplôme supérieur,85.5
2018,Connected a new device to a Wi-Fi network ,Utilisateurs d'Internet âgés de 25 ans à 44 ans,"Total, plus haut certificat, diplôme ou grade obtenu",77.2
2018,Connected a new device to a Wi-Fi network ,Utilisateurs d'Internet âgés de 25 ans à 44 ans,Un diplôme d'études secondaires ou moins,74.5
2018,Connected a new device to a Wi-Fi network ,Utilisateurs d'Internet âgés de 25 ans à 44 ans,"Un diplôme d'un collège ou d'une école de métiers, ou études universitaires partielles",74.5
2018,Connected a new device to a Wi-Fi network ,Utilisateurs d'Internet âgés de 25 ans à 44 ans,Un baccalauréat ou diplôme supérieur,81.4
2018,Connected a new device to a Wi-Fi network ,Utilisateurs d'Internet âgés de 45 ans à 64 ans,"Total, plus haut certificat, diplôme ou grade obtenu",55.9
2018,Connected a new device to a Wi-Fi network ,Utilisateurs d'Internet âgés de 45 ans à 64 ans,Un diplôme d'études secondaires ou moins,40.3
2018,Connected a new device to a Wi-Fi network ,Utilisateurs d'Internet âgés de 45 ans à 64 ans,"Un diplôme d'un collège ou d'une école de métiers, ou études universitaires partielles",55.4
2018,Connected a new device to a Wi-Fi network ,Utilisateurs d'Internet âgés de 45 ans à 64 ans,Un baccalauréat ou diplôme supérieur,69.1
2018,Connected a new device to a Wi-Fi network ,Utilisateurs d'Internet âgés de 65 ans et plus,"Total, plus haut certificat, diplôme ou grade obtenu",30.5
2018,Connected a new device to a Wi-Fi network ,Utilisateurs d'Internet âgés de 65 ans et plus,Un diplôme d'études secondaires ou moins,21.7
2018,Connected a new device to a Wi-Fi network ,Utilisateurs d'Internet âgés de 65 ans et plus,"Un diplôme d'un collège ou d'une école de métiers, ou études universitaires partielles",32.3
2018,Connected a new device to a Wi-Fi network ,Utilisateurs d'Internet âgés de 65 ans et plus,Un baccalauréat ou diplôme supérieur,38.8
2018,Used the Internet to transfer photos or videos from one device to another ,"Total, tous les utilisateurs d'Internet âgés de 15 ans et plus","Total, plus haut certificat, diplôme ou grade obtenu",56.1
2018,Used the Internet to transfer photos or videos from one device to another ,"Total, tous les utilisateurs d'Internet âgés de 15 ans et plus",Un diplôme d'études secondaires ou moins,48.9
2018,Used the Internet to transfer photos or videos from one device to another ,"Total, tous les utilisateurs d'Internet âgés de 15 ans et plus","Un diplôme d'un collège ou d'une école de métiers, ou études universitaires partielles",54.0
2018,Used the Internet to transfer photos or videos from one device to another ,"Total, tous les utilisateurs d'Internet âgés de 15 ans et plus",Un baccalauréat ou diplôme supérieur,64.6
2018,Used the Internet to transfer photos or videos from one device to another ,Utilisateurs d'Internet âgés de 15 ans à 24 ans,"Total, plus haut certificat, diplôme ou grade obtenu",72.1
2018,Used the Internet to transfer photos or videos from one device to another ,Utilisateurs d'Internet âgés de 15 ans à 24 ans,Un diplôme d'études secondaires ou moins,72.6
2018,Used the Internet to transfer photos or videos from one device to another ,Utilisateurs d'Internet âgés de 15 ans à 24 ans,"Un diplôme d'un collège ou d'une école de métiers, ou études universitaires partielles",63.4
2018,Used the Internet to transfer photos or videos from one device to another ,Utilisateurs d'Internet âgés de 15 ans à 24 ans,Un baccalauréat ou diplôme supérieur,79.6
2018,Used the Internet to transfer photos or videos from one device to another ,Utilisateurs d'Internet âgés de 25 ans à 44 ans,"Total, plus haut certificat, diplôme ou grade obtenu",66.9
2018,Used the Internet to transfer photos or videos from one device to another ,Utilisateurs d'Internet âgés de 25 ans à 44 ans,Un diplôme d'études secondaires ou moins,53.6
2018,Used the Internet to transfer photos or videos from one device to another ,Utilisateurs d'Internet âgés de 25 ans à 44 ans,"Un diplôme d'un collège ou d'une école de métiers, ou études universitaires partielles",64.9
2018,Used the Internet to transfer photos or videos from one device to another ,Utilisateurs d'Internet âgés de 25 ans à 44 ans,Un baccalauréat ou diplôme supérieur,74.3
2018,Used the Internet to transfer photos or videos from one device to another ,Utilisateurs d'Internet âgés de 45 ans à 64 ans,"Total, plus haut certificat, diplôme ou grade obtenu",48.3
2018,Used the Internet to transfer photos or videos from one device to another ,Utilisateurs d'Internet âgés de 45 ans à 64 ans,Un diplôme d'études secondaires ou moins,35.1
2018,Used the Internet to transfer photos or videos from one device to another ,Utilisateurs d'Internet âgés de 45 ans à 64 ans,"Un diplôme d'un collège ou d'une école de métiers, ou études universitaires partielles",49.1
2018,Used the Internet to transfer photos or videos from one device to another ,Utilisateurs d'Internet âgés de 45 ans à 64 ans,Un baccalauréat ou diplôme supérieur,57.4
2018,Used the Internet to transfer photos or videos from one device to another ,Utilisateurs d'Internet âgés de 65 ans et plus,"Total, plus haut certificat, diplôme ou grade obtenu",33.7
2018,Used the Internet to transfer photos or videos from one device to another ,Utilisateurs d'Internet âgés de 65 ans et plus,Un diplôme d'études secondaires ou moins,22.8
2018,Used the Internet to transfer photos or videos from one device to another ,Utilisateurs d'Internet âgés de 65 ans et plus,"Un diplôme d'un collège ou d'une école de métiers, ou études universitaires partielles",36.1
2018,Used the Internet to transfer photos or videos from one device to another ,Utilisateurs d'Internet âgés de 65 ans et plus,Un baccalauréat ou diplôme supérieur,45.0
2018,Used your smartphone as a GPS device for directions ,"Total, tous les utilisateurs d'Internet âgés de 15 ans et plus","Total, plus haut certificat, diplôme ou grade obtenu",69.3
2018,Used your smartphone as a GPS device for directions ,"Total, tous les utilisateurs d'Internet âgés de 15 ans et plus",Un diplôme d'études secondaires ou moins,60.8
2018,Used your smartphone as a GPS device for directions ,"Total, tous les utilisateurs d'Internet âgés de 15 ans et plus","Un diplôme d'un collège ou d'une école de métiers, ou études universitaires partielles",68.9
2018,Used your smartphone as a GPS device for directions ,"Total, tous les utilisateurs d'Internet âgés de 15 ans et plus",Un baccalauréat ou diplôme supérieur,77.2
2018,Used your smartphone as a GPS device for directions ,Utilisateurs d'Internet âgés de 15 ans à 24 ans,"Total, plus haut certificat, diplôme ou grade obtenu",80.4
2018,Used your smartphone as a GPS device for directions ,Utilisateurs d'Internet âgés de 15 ans à 24 ans,Un diplôme d'études secondaires ou moins,78.7
2018,Used your smartphone as a GPS device for directions ,Utilisateurs d'Internet âgés de 15 ans à 24 ans,"Un diplôme d'un collège ou d'une école de métiers, ou études universitaires partielles",81.9
2018,Used your smartphone as a GPS device for directions ,Utilisateurs d'Internet âgés de 15 ans à 24 ans,Un baccalauréat ou diplôme supérieur,86.0
2018,Used your smartphone as a GPS device for directions ,Utilisateurs d'Internet âgés de 25 ans à 44 ans,"Total, plus haut certificat, diplôme ou grade obtenu",84.0
2018,Used your smartphone as a GPS device for directions ,Utilisateurs d'Internet âgés de 25 ans à 44 ans,Un diplôme d'études secondaires ou moins,76.8
2018,Used your smartphone as a GPS device for directions ,Utilisateurs d'Internet âgés de 25 ans à 44 ans,"Un diplôme d'un collège ou d'une école de métiers, ou études universitaires partielles",82.5
2018,Used your smartphone as a GPS device for directions ,Utilisateurs d'Internet âgés de 25 ans à 44 ans,Un baccalauréat ou diplôme supérieur,88.5
2018,Used your smartphone as a GPS device for directions ,Utilisateurs d'Internet âgés de 45 ans à 64 ans,"Total, plus haut certificat, diplôme ou grade obtenu",66.0
2018,Used your smartphone as a GPS device for directions ,Utilisateurs d'Internet âgés de 45 ans à 64 ans,Un diplôme d'études secondaires ou moins,52.5
2018,Used your smartphone as a GPS device for directions ,Utilisateurs d'Internet âgés de 45 ans à 64 ans,"Un diplôme d'un collège ou d'une école de métiers, ou études universitaires partielles",67.5
2018,Used your smartphone as a GPS device for directions ,Utilisateurs d'Internet âgés de 45 ans à 64 ans,Un baccalauréat ou diplôme supérieur,74.8
2018,Used your smartphone as a GPS device for directions ,Utilisateurs d'Internet âgés de 65 ans et plus,"Total, plus haut certificat, diplôme ou grade obtenu",33.8
2018,Used your smartphone as a GPS device for directions ,Utilisateurs d'Internet âgés de 65 ans et plus,Un diplôme d'études secondaires ou moins,24.4
2018,Used your smartphone as a GPS device for directions ,Utilisateurs d'Internet âgés de 65 ans et plus,"Un diplôme d'un collège ou d'une école de métiers, ou études universitaires partielles",35.2
2018,Used your smartphone as a GPS device for directions ,Utilisateurs d'Internet âgés de 65 ans et plus,Un baccalauréat ou diplôme supérieur,42.8
2018,Connected a new device via Bluetooth  ,"Total, tous les utilisateurs d'Internet âgés de 15 ans et plus","Total, plus haut certificat, diplôme ou grade obtenu",58.2
2018,Connected a new device via Bluetooth  ,"Total, tous les utilisateurs d'Internet âgés de 15 ans et plus",Un diplôme d'études secondaires ou moins,52.8
2018,Connected a new device via Bluetooth  ,"Total, tous les utilisateurs d'Internet âgés de 15 ans et plus","Un diplôme d'un collège ou d'une école de métiers, ou études universitaires partielles",56.2
2018,Connected a new device via Bluetooth  ,"Total, tous les utilisateurs d'Internet âgés de 15 ans et plus",Un baccalauréat ou diplôme supérieur,64.9
2018,Connected a new device via Bluetooth  ,Utilisateurs d'Internet âgés de 15 ans à 24 ans,"Total, plus haut certificat, diplôme ou grade obtenu",75.4
2018,Connected a new device via Bluetooth  ,Utilisateurs d'Internet âgés de 15 ans à 24 ans,Un diplôme d'études secondaires ou moins,75.7
2018,Connected a new device via Bluetooth  ,Utilisateurs d'Internet âgés de 15 ans à 24 ans,"Un diplôme d'un collège ou d'une école de métiers, ou études universitaires partielles",69.0
2018,Connected a new device via Bluetooth  ,Utilisateurs d'Internet âgés de 15 ans à 24 ans,Un baccalauréat ou diplôme supérieur,81.1
2018,Connected a new device via Bluetooth  ,Utilisateurs d'Internet âgés de 25 ans à 44 ans,"Total, plus haut certificat, diplôme ou grade obtenu",71.2
2018,Connected a new device via Bluetooth  ,Utilisateurs d'Internet âgés de 25 ans à 44 ans,Un diplôme d'études secondaires ou moins,62.9
2018,Connected a new device via Bluetooth  ,Utilisateurs d'Internet âgés de 25 ans à 44 ans,"Un diplôme d'un collège ou d'une école de métiers, ou études universitaires partielles",69.6
2018,Connected a new device via Bluetooth  ,Utilisateurs d'Internet âgés de 25 ans à 44 ans,Un baccalauréat ou diplôme supérieur,76.4
2018,Connected a new device via Bluetooth  ,Utilisateurs d'Internet âgés de 45 ans à 64 ans,"Total, plus haut certificat, diplôme ou grade obtenu",52.3
2018,Connected a new device via Bluetooth  ,Utilisateurs d'Internet âgés de 45 ans à 64 ans,Un diplôme d'études secondaires ou moins,41.2
2018,Connected a new device via Bluetooth  ,Utilisateurs d'Internet âgés de 45 ans à 64 ans,"Un diplôme d'un collège ou d'une école de métiers, ou études universitaires partielles",53.0
2018,Connected a new device via Bluetooth  ,Utilisateurs d'Internet âgés de 45 ans à 64 ans,Un baccalauréat ou diplôme supérieur,60.2
2018,Connected a new device via Bluetooth  ,Utilisateurs d'Internet âgés de 65 ans et plus,"Total, plus haut certificat, diplôme ou grade obtenu",25.8
2018,Connected a new device via Bluetooth  ,Utilisateurs d'Internet âgés de 65 ans et plus,Un diplôme d'études secondaires ou moins,18.5
2018,Connected a new device via Bluetooth  ,Utilisateurs d'Internet âgés de 65 ans et plus,"Un diplôme d'un collège ou d'une école de métiers, ou études universitaires partielles",27.1
2018,Connected a new device via Bluetooth  ,Utilisateurs d'Internet âgés de 65 ans et plus,Un baccalauréat ou diplôme supérieur,32.4
