Year,Géographie,GeoCode,Sexe,Groupe d'âge,Compétences,Niveau de compétence,Value
2012,Canada,,Les deux sexes,Total age groups,Alphabétisme,2 ou moins,48.5
2012,Canada,,Les deux sexes,Total age groups,Arithmétique,2 ou moins,54.7
2012,Canada,,Les deux sexes,16 to 24 years,Alphabétisme,2 ou moins,46.4
2012,Canada,,Les deux sexes,16 to 24 years,Arithmétique,2 ou moins,53.4
2012,Canada,,Les deux sexes,25 à 34 ans,Alphabétisme,2 ou moins,39.9
2012,Canada,,Les deux sexes,25 à 34 ans,Arithmétique,2 ou moins,46.7
2012,Canada,,Les deux sexes,35 à 44 ans,Alphabétisme,2 ou moins,42.4
2012,Canada,,Les deux sexes,35 à 44 ans,Arithmétique,2 ou moins,49.0
2012,Canada,,Les deux sexes,45 à 54 ans,Alphabétisme,2 ou moins,52.9
2012,Canada,,Les deux sexes,45 à 54 ans,Arithmétique,2 ou moins,57.6
2012,Canada,,Les deux sexes,55 to 65 years,Alphabétisme,2 ou moins,59.7
2012,Canada,,Les deux sexes,55 to 65 years,Arithmétique,2 ou moins,65.8
2012,Canada,,Hommes,Total age groups,Alphabétisme,2 ou moins,47.6
2012,Canada,,Hommes,Total age groups,Arithmétique,2 ou moins,49.0
2012,Canada,,Hommes,16 to 24 years,Alphabétisme,2 ou moins,47.1
2012,Canada,,Hommes,16 to 24 years,Arithmétique,2 ou moins,49.9
2012,Canada,,Hommes,25 à 34 ans,Alphabétisme,2 ou moins,40.2
2012,Canada,,Hommes,25 à 34 ans,Arithmétique,2 ou moins,42.2
2012,Canada,,Hommes,35 à 44 ans,Alphabétisme,2 ou moins,42.2
2012,Canada,,Hommes,35 à 44 ans,Arithmétique,2 ou moins,43.1
2012,Canada,,Hommes,45 à 54 ans,Alphabétisme,2 ou moins,50.7
2012,Canada,,Hommes,45 à 54 ans,Arithmétique,2 ou moins,51.0
2012,Canada,,Hommes,55 to 65 years,Alphabétisme,2 ou moins,57.3
2012,Canada,,Hommes,55 to 65 years,Arithmétique,2 ou moins,58.2
2012,Canada,,Femmes,Total age groups,Alphabétisme,2 ou moins,49.4
2012,Canada,,Femmes,Total age groups,Arithmétique,2 ou moins,60.4
2012,Canada,,Femmes,16 to 24 years,Alphabétisme,2 ou moins,45.6
2012,Canada,,Femmes,16 to 24 years,Arithmétique,2 ou moins,57.0
2012,Canada,,Femmes,25 à 34 ans,Alphabétisme,2 ou moins,39.6
2012,Canada,,Femmes,25 à 34 ans,Arithmétique,2 ou moins,51.2
2012,Canada,,Femmes,35 à 44 ans,Alphabétisme,2 ou moins,42.7
2012,Canada,,Femmes,35 à 44 ans,Arithmétique,2 ou moins,55.0
2012,Canada,,Femmes,45 à 54 ans,Alphabétisme,2 ou moins,55.2
2012,Canada,,Femmes,45 à 54 ans,Arithmétique,2 ou moins,64.3
2012,Canada,,Femmes,55 to 65 years,Alphabétisme,2 ou moins,62.1
2012,Canada,,Femmes,55 to 65 years,Arithmétique,2 ou moins,73.1
2012,Terre-Neuve-et-Labrador,10,Les deux sexes,Total age groups,Alphabétisme,2 ou moins,56.8
2012,Terre-Neuve-et-Labrador,10,Les deux sexes,Total age groups,Arithmétique,2 ou moins,65.5
2012,Terre-Neuve-et-Labrador,10,Les deux sexes,16 to 24 years,Alphabétisme,2 ou moins,48.5
2012,Terre-Neuve-et-Labrador,10,Les deux sexes,16 to 24 years,Arithmétique,2 ou moins,54.6
2012,Terre-Neuve-et-Labrador,10,Les deux sexes,25 à 34 ans,Alphabétisme,2 ou moins,42.5
2012,Terre-Neuve-et-Labrador,10,Les deux sexes,25 à 34 ans,Arithmétique,2 ou moins,51.9
2012,Terre-Neuve-et-Labrador,10,Les deux sexes,35 à 44 ans,Alphabétisme,2 ou moins,48.1
2012,Terre-Neuve-et-Labrador,10,Les deux sexes,35 à 44 ans,Arithmétique,2 ou moins,56.7
2012,Terre-Neuve-et-Labrador,10,Les deux sexes,45 à 54 ans,Alphabétisme,2 ou moins,61.4
2012,Terre-Neuve-et-Labrador,10,Les deux sexes,45 à 54 ans,Arithmétique,2 ou moins,71.4
2012,Terre-Neuve-et-Labrador,10,Les deux sexes,55 to 65 years,Alphabétisme,2 ou moins,73.4
2012,Terre-Neuve-et-Labrador,10,Les deux sexes,55 to 65 years,Arithmétique,2 ou moins,82.1
2012,Terre-Neuve-et-Labrador,10,Hommes,Total age groups,Alphabétisme,2 ou moins,57.3
2012,Terre-Neuve-et-Labrador,10,Hommes,Total age groups,Arithmétique,2 ou moins,62.2
2012,Terre-Neuve-et-Labrador,10,Hommes,16 to 24 years,Alphabétisme,2 ou moins,50.8
2012,Terre-Neuve-et-Labrador,10,Hommes,16 to 24 years,Arithmétique,2 ou moins,53.3
2012,Terre-Neuve-et-Labrador,10,Hommes,25 à 34 ans,Alphabétisme,2 ou moins,40.6
2012,Terre-Neuve-et-Labrador,10,Hommes,25 à 34 ans,Arithmétique,2 ou moins,46.1
2012,Terre-Neuve-et-Labrador,10,Hommes,35 à 44 ans,Alphabétisme,2 ou moins,51.4
2012,Terre-Neuve-et-Labrador,10,Hommes,35 à 44 ans,Arithmétique,2 ou moins,54.5
2012,Terre-Neuve-et-Labrador,10,Hommes,45 à 54 ans,Alphabétisme,2 ou moins,61.4
2012,Terre-Neuve-et-Labrador,10,Hommes,45 à 54 ans,Arithmétique,2 ou moins,68.9
2012,Terre-Neuve-et-Labrador,10,Hommes,55 to 65 years,Alphabétisme,2 ou moins,72.4
2012,Terre-Neuve-et-Labrador,10,Hommes,55 to 65 years,Arithmétique,2 ou moins,77.4
2012,Terre-Neuve-et-Labrador,10,Femmes,Total age groups,Alphabétisme,2 ou moins,56.4
2012,Terre-Neuve-et-Labrador,10,Femmes,Total age groups,Arithmétique,2 ou moins,68.7
2012,Terre-Neuve-et-Labrador,10,Femmes,16 to 24 years,Alphabétisme,2 ou moins,46.1
2012,Terre-Neuve-et-Labrador,10,Femmes,16 to 24 years,Arithmétique,2 ou moins,56.0
2012,Terre-Neuve-et-Labrador,10,Femmes,25 à 34 ans,Alphabétisme,2 ou moins,44.3
2012,Terre-Neuve-et-Labrador,10,Femmes,25 à 34 ans,Arithmétique,2 ou moins,57.5
2012,Terre-Neuve-et-Labrador,10,Femmes,35 à 44 ans,Alphabétisme,2 ou moins,45.1
2012,Terre-Neuve-et-Labrador,10,Femmes,35 à 44 ans,Arithmétique,2 ou moins,58.6
2012,Terre-Neuve-et-Labrador,10,Femmes,45 à 54 ans,Alphabétisme,2 ou moins,61.3
2012,Terre-Neuve-et-Labrador,10,Femmes,45 à 54 ans,Arithmétique,2 ou moins,73.7
2012,Terre-Neuve-et-Labrador,10,Femmes,55 to 65 years,Alphabétisme,2 ou moins,74.4
2012,Terre-Neuve-et-Labrador,10,Femmes,55 to 65 years,Arithmétique,2 ou moins,86.7
2012,Île-du-Prince-Édouard,11,Les deux sexes,Total age groups,Alphabétisme,2 ou moins,45.3
2012,Île-du-Prince-Édouard,11,Les deux sexes,Total age groups,Arithmétique,2 ou moins,55.8
2012,Île-du-Prince-Édouard,11,Les deux sexes,16 to 24 years,Alphabétisme,2 ou moins,44.1
2012,Île-du-Prince-Édouard,11,Les deux sexes,16 to 24 years,Arithmétique,2 ou moins,54.3
2012,Île-du-Prince-Édouard,11,Les deux sexes,25 à 34 ans,Alphabétisme,2 ou moins,32.3
2012,Île-du-Prince-Édouard,11,Les deux sexes,25 à 34 ans,Arithmétique,2 ou moins,45.5
2012,Île-du-Prince-Édouard,11,Les deux sexes,35 à 44 ans,Alphabétisme,2 ou moins,37.6
2012,Île-du-Prince-Édouard,11,Les deux sexes,35 à 44 ans,Arithmétique,2 ou moins,50.3
2012,Île-du-Prince-Édouard,11,Les deux sexes,45 à 54 ans,Alphabétisme,2 ou moins,51.2
2012,Île-du-Prince-Édouard,11,Les deux sexes,45 à 54 ans,Arithmétique,2 ou moins,61.0
2012,Île-du-Prince-Édouard,11,Les deux sexes,55 to 65 years,Alphabétisme,2 ou moins,55.2
2012,Île-du-Prince-Édouard,11,Les deux sexes,55 to 65 years,Arithmétique,2 ou moins,62.9
2012,Île-du-Prince-Édouard,11,Hommes,Total age groups,Alphabétisme,2 ou moins,47.6
2012,Île-du-Prince-Édouard,11,Hommes,Total age groups,Arithmétique,2 ou moins,54.1
2012,Île-du-Prince-Édouard,11,Hommes,16 to 24 years,Alphabétisme,2 ou moins,43.6
2012,Île-du-Prince-Édouard,11,Hommes,16 to 24 years,Arithmétique,2 ou moins,52.1
2012,Île-du-Prince-Édouard,11,Hommes,25 à 34 ans,Alphabétisme,2 ou moins,32.6
2012,Île-du-Prince-Édouard,11,Hommes,25 à 34 ans,Arithmétique,2 ou moins,39.9
2012,Île-du-Prince-Édouard,11,Hommes,35 à 44 ans,Alphabétisme,2 ou moins,40.9
2012,Île-du-Prince-Édouard,11,Hommes,35 à 44 ans,Arithmétique,2 ou moins,48.9
2012,Île-du-Prince-Édouard,11,Hommes,45 à 54 ans,Alphabétisme,2 ou moins,58.8
2012,Île-du-Prince-Édouard,11,Hommes,45 à 54 ans,Arithmétique,2 ou moins,61.6
2012,Île-du-Prince-Édouard,11,Hommes,55 to 65 years,Alphabétisme,2 ou moins,54.4
2012,Île-du-Prince-Édouard,11,Hommes,55 to 65 years,Arithmétique,2 ou moins,61.4
2012,Île-du-Prince-Édouard,11,Femmes,Total age groups,Alphabétisme,2 ou moins,43.1
2012,Île-du-Prince-Édouard,11,Femmes,Total age groups,Arithmétique,2 ou moins,57.4
2012,Île-du-Prince-Édouard,11,Femmes,16 to 24 years,Alphabétisme,2 ou moins,44.5
2012,Île-du-Prince-Édouard,11,Femmes,16 to 24 years,Arithmétique,2 ou moins,56.5
2012,Île-du-Prince-Édouard,11,Femmes,25 à 34 ans,Alphabétisme,2 ou moins,32.1
2012,Île-du-Prince-Édouard,11,Femmes,25 à 34 ans,Arithmétique,2 ou moins,50.5
2012,Île-du-Prince-Édouard,11,Femmes,35 à 44 ans,Alphabétisme,2 ou moins,34.4
2012,Île-du-Prince-Édouard,11,Femmes,35 à 44 ans,Arithmétique,2 ou moins,51.7
2012,Île-du-Prince-Édouard,11,Femmes,45 à 54 ans,Alphabétisme,2 ou moins,43.7
2012,Île-du-Prince-Édouard,11,Femmes,45 à 54 ans,Arithmétique,2 ou moins,60.3
2012,Île-du-Prince-Édouard,11,Femmes,55 to 65 years,Alphabétisme,2 ou moins,56.0
2012,Île-du-Prince-Édouard,11,Femmes,55 to 65 years,Arithmétique,2 ou moins,64.4
2012,Nouvelle-Écosse,12,Les deux sexes,Total age groups,Alphabétisme,2 ou moins,50.3
2012,Nouvelle-Écosse,12,Les deux sexes,Total age groups,Arithmétique,2 ou moins,58.2
2012,Nouvelle-Écosse,12,Les deux sexes,16 to 24 years,Alphabétisme,2 ou moins,54.4
2012,Nouvelle-Écosse,12,Les deux sexes,16 to 24 years,Arithmétique,2 ou moins,61.3
2012,Nouvelle-Écosse,12,Les deux sexes,25 à 34 ans,Alphabétisme,2 ou moins,37.7
2012,Nouvelle-Écosse,12,Les deux sexes,25 à 34 ans,Arithmétique,2 ou moins,47.3
2012,Nouvelle-Écosse,12,Les deux sexes,35 à 44 ans,Alphabétisme,2 ou moins,41.4
2012,Nouvelle-Écosse,12,Les deux sexes,35 à 44 ans,Arithmétique,2 ou moins,49.8
2012,Nouvelle-Écosse,12,Les deux sexes,45 à 54 ans,Alphabétisme,2 ou moins,52.5
2012,Nouvelle-Écosse,12,Les deux sexes,45 à 54 ans,Arithmétique,2 ou moins,61.1
2012,Nouvelle-Écosse,12,Les deux sexes,55 to 65 years,Alphabétisme,2 ou moins,61.2
2012,Nouvelle-Écosse,12,Les deux sexes,55 to 65 years,Arithmétique,2 ou moins,67.6
2012,Nouvelle-Écosse,12,Hommes,Total age groups,Alphabétisme,2 ou moins,49.3
2012,Nouvelle-Écosse,12,Hommes,Total age groups,Arithmétique,2 ou moins,52.0
2012,Nouvelle-Écosse,12,Hommes,16 to 24 years,Alphabétisme,2 ou moins,51.2
2012,Nouvelle-Écosse,12,Hommes,16 to 24 years,Arithmétique,2 ou moins,54.8
2012,Nouvelle-Écosse,12,Hommes,25 à 34 ans,Alphabétisme,2 ou moins,32.7
2012,Nouvelle-Écosse,12,Hommes,25 à 34 ans,Arithmétique,2 ou moins,35.4
2012,Nouvelle-Écosse,12,Hommes,35 à 44 ans,Alphabétisme,2 ou moins,42.5
2012,Nouvelle-Écosse,12,Hommes,35 à 44 ans,Arithmétique,2 ou moins,45.0
2012,Nouvelle-Écosse,12,Hommes,45 à 54 ans,Alphabétisme,2 ou moins,55.3
2012,Nouvelle-Écosse,12,Hommes,45 à 54 ans,Arithmétique,2 ou moins,59.0
2012,Nouvelle-Écosse,12,Hommes,55 to 65 years,Alphabétisme,2 ou moins,58.7
2012,Nouvelle-Écosse,12,Hommes,55 to 65 years,Arithmétique,2 ou moins,59.8
2012,Nouvelle-Écosse,12,Femmes,Total age groups,Alphabétisme,2 ou moins,51.2
2012,Nouvelle-Écosse,12,Femmes,Total age groups,Arithmétique,2 ou moins,64.1
2012,Nouvelle-Écosse,12,Femmes,16 to 24 years,Alphabétisme,2 ou moins,57.5
2012,Nouvelle-Écosse,12,Femmes,16 to 24 years,Arithmétique,2 ou moins,67.6
2012,Nouvelle-Écosse,12,Femmes,25 à 34 ans,Alphabétisme,2 ou moins,42.2
2012,Nouvelle-Écosse,12,Femmes,25 à 34 ans,Arithmétique,2 ou moins,57.9
2012,Nouvelle-Écosse,12,Femmes,35 à 44 ans,Alphabétisme,2 ou moins,40.4
2012,Nouvelle-Écosse,12,Femmes,35 à 44 ans,Arithmétique,2 ou moins,54.2
2012,Nouvelle-Écosse,12,Femmes,45 à 54 ans,Alphabétisme,2 ou moins,49.8
2012,Nouvelle-Écosse,12,Femmes,45 à 54 ans,Arithmétique,2 ou moins,63.1
2012,Nouvelle-Écosse,12,Femmes,55 to 65 years,Alphabétisme,2 ou moins,63.5
2012,Nouvelle-Écosse,12,Femmes,55 to 65 years,Arithmétique,2 ou moins,75.1
2012,Nouveau-Brunswick,13,Les deux sexes,Total age groups,Alphabétisme,2 ou moins,53.5
2012,Nouveau-Brunswick,13,Les deux sexes,Total age groups,Arithmétique,2 ou moins,63.1
2012,Nouveau-Brunswick,13,Les deux sexes,16 to 24 years,Alphabétisme,2 ou moins,59.4
2012,Nouveau-Brunswick,13,Les deux sexes,16 to 24 years,Arithmétique,2 ou moins,67.9
2012,Nouveau-Brunswick,13,Les deux sexes,25 à 34 ans,Alphabétisme,2 ou moins,38.2
2012,Nouveau-Brunswick,13,Les deux sexes,25 à 34 ans,Arithmétique,2 ou moins,50.8
2012,Nouveau-Brunswick,13,Les deux sexes,35 à 44 ans,Alphabétisme,2 ou moins,43.1
2012,Nouveau-Brunswick,13,Les deux sexes,35 à 44 ans,Arithmétique,2 ou moins,55.7
2012,Nouveau-Brunswick,13,Les deux sexes,45 à 54 ans,Alphabétisme,2 ou moins,57.5
2012,Nouveau-Brunswick,13,Les deux sexes,45 à 54 ans,Arithmétique,2 ou moins,64.1
2012,Nouveau-Brunswick,13,Les deux sexes,55 to 65 years,Alphabétisme,2 ou moins,64.4
2012,Nouveau-Brunswick,13,Les deux sexes,55 to 65 years,Arithmétique,2 ou moins,73.2
2012,Nouveau-Brunswick,13,Hommes,Total age groups,Alphabétisme,2 ou moins,53.8
2012,Nouveau-Brunswick,13,Hommes,Total age groups,Arithmétique,2 ou moins,58.1
2012,Nouveau-Brunswick,13,Hommes,16 to 24 years,Alphabétisme,2 ou moins,62.5
2012,Nouveau-Brunswick,13,Hommes,16 to 24 years,Arithmétique,2 ou moins,67.7
2012,Nouveau-Brunswick,13,Hommes,25 à 34 ans,Alphabétisme,2 ou moins,34.4
2012,Nouveau-Brunswick,13,Hommes,25 à 34 ans,Arithmétique,2 ou moins,40.2
2012,Nouveau-Brunswick,13,Hommes,35 à 44 ans,Alphabétisme,2 ou moins,42.4
2012,Nouveau-Brunswick,13,Hommes,35 à 44 ans,Arithmétique,2 ou moins,48.4
2012,Nouveau-Brunswick,13,Hommes,45 à 54 ans,Alphabétisme,2 ou moins,62.5
2012,Nouveau-Brunswick,13,Hommes,45 à 54 ans,Arithmétique,2 ou moins,64.0
2012,Nouveau-Brunswick,13,Hommes,55 to 65 years,Alphabétisme,2 ou moins,62.0
2012,Nouveau-Brunswick,13,Hommes,55 to 65 years,Arithmétique,2 ou moins,65.9
2012,Nouveau-Brunswick,13,Femmes,Total age groups,Alphabétisme,2 ou moins,53.1
2012,Nouveau-Brunswick,13,Femmes,Total age groups,Arithmétique,2 ou moins,67.9
2012,Nouveau-Brunswick,13,Femmes,16 to 24 years,Alphabétisme,2 ou moins,56.1
2012,Nouveau-Brunswick,13,Femmes,16 to 24 years,Arithmétique,2 ou moins,68.1
2012,Nouveau-Brunswick,13,Femmes,25 à 34 ans,Alphabétisme,2 ou moins,41.7
2012,Nouveau-Brunswick,13,Femmes,25 à 34 ans,Arithmétique,2 ou moins,60.8
2012,Nouveau-Brunswick,13,Femmes,35 à 44 ans,Alphabétisme,2 ou moins,43.9
2012,Nouveau-Brunswick,13,Femmes,35 à 44 ans,Arithmétique,2 ou moins,62.9
2012,Nouveau-Brunswick,13,Femmes,45 à 54 ans,Alphabétisme,2 ou moins,52.7
2012,Nouveau-Brunswick,13,Femmes,45 à 54 ans,Arithmétique,2 ou moins,64.1
2012,Nouveau-Brunswick,13,Femmes,55 to 65 years,Alphabétisme,2 ou moins,66.8
2012,Nouveau-Brunswick,13,Femmes,55 to 65 years,Arithmétique,2 ou moins,80.1
2012,Québec,24,Les deux sexes,Total age groups,Alphabétisme,2 ou moins,53.2
2012,Québec,24,Les deux sexes,Total age groups,Arithmétique,2 ou moins,56.1
2012,Québec,24,Les deux sexes,16 to 24 years,Alphabétisme,2 ou moins,48.7
2012,Québec,24,Les deux sexes,16 to 24 years,Arithmétique,2 ou moins,50.0
2012,Québec,24,Les deux sexes,25 à 34 ans,Alphabétisme,2 ou moins,39.7
2012,Québec,24,Les deux sexes,25 à 34 ans,Arithmétique,2 ou moins,43.5
2012,Québec,24,Les deux sexes,35 à 44 ans,Alphabétisme,2 ou moins,44.7
2012,Québec,24,Les deux sexes,35 à 44 ans,Arithmétique,2 ou moins,49.3
2012,Québec,24,Les deux sexes,45 à 54 ans,Alphabétisme,2 ou moins,59.9
2012,Québec,24,Les deux sexes,45 à 54 ans,Arithmétique,2 ou moins,61.7
2012,Québec,24,Les deux sexes,55 to 65 years,Alphabétisme,2 ou moins,69.3
2012,Québec,24,Les deux sexes,55 to 65 years,Arithmétique,2 ou moins,72.2
2012,Québec,24,Hommes,Total age groups,Alphabétisme,2 ou moins,52.3
2012,Québec,24,Hommes,Total age groups,Arithmétique,2 ou moins,51.4
2012,Québec,24,Hommes,16 to 24 years,Alphabétisme,2 ou moins,52.3
2012,Québec,24,Hommes,16 to 24 years,Arithmétique,2 ou moins,50.5
2012,Québec,24,Hommes,25 à 34 ans,Alphabétisme,2 ou moins,40.5
2012,Québec,24,Hommes,25 à 34 ans,Arithmétique,2 ou moins,40.0
2012,Québec,24,Hommes,35 à 44 ans,Alphabétisme,2 ou moins,43.2
2012,Québec,24,Hommes,35 à 44 ans,Arithmétique,2 ou moins,44.3
2012,Québec,24,Hommes,45 à 54 ans,Alphabétisme,2 ou moins,57.2
2012,Québec,24,Hommes,45 à 54 ans,Arithmétique,2 ou moins,54.9
2012,Québec,24,Hommes,55 to 65 years,Alphabétisme,2 ou moins,66.4
2012,Québec,24,Hommes,55 to 65 years,Arithmétique,2 ou moins,65.5
2012,Québec,24,Femmes,Total age groups,Alphabétisme,2 ou moins,54.1
2012,Québec,24,Femmes,Total age groups,Arithmétique,2 ou moins,60.9
2012,Québec,24,Femmes,16 to 24 years,Alphabétisme,2 ou moins,44.9
2012,Québec,24,Femmes,16 to 24 years,Arithmétique,2 ou moins,49.5
2012,Québec,24,Femmes,25 à 34 ans,Alphabétisme,2 ou moins,38.7
2012,Québec,24,Femmes,25 à 34 ans,Arithmétique,2 ou moins,47.1
2012,Québec,24,Femmes,35 à 44 ans,Alphabétisme,2 ou moins,46.1
2012,Québec,24,Femmes,35 à 44 ans,Arithmétique,2 ou moins,54.5
2012,Québec,24,Femmes,45 à 54 ans,Alphabétisme,2 ou moins,62.7
2012,Québec,24,Femmes,45 à 54 ans,Arithmétique,2 ou moins,68.7
2012,Québec,24,Femmes,55 to 65 years,Alphabétisme,2 ou moins,72.0
2012,Québec,24,Femmes,55 to 65 years,Arithmétique,2 ou moins,78.7
2012,Ontario,35,Les deux sexes,Total age groups,Alphabétisme,2 ou moins,46.8
2012,Ontario,35,Les deux sexes,Total age groups,Arithmétique,2 ou moins,53.8
2012,Ontario,35,Les deux sexes,16 to 24 years,Alphabétisme,2 ou moins,44.2
2012,Ontario,35,Les deux sexes,16 to 24 years,Arithmétique,2 ou moins,53.3
2012,Ontario,35,Les deux sexes,25 à 34 ans,Alphabétisme,2 ou moins,41.1
2012,Ontario,35,Les deux sexes,25 à 34 ans,Arithmétique,2 ou moins,48.2
2012,Ontario,35,Les deux sexes,35 à 44 ans,Alphabétisme,2 ou moins,41.7
2012,Ontario,35,Les deux sexes,35 à 44 ans,Arithmétique,2 ou moins,48.7
2012,Ontario,35,Les deux sexes,45 à 54 ans,Alphabétisme,2 ou moins,49.9
2012,Ontario,35,Les deux sexes,45 à 54 ans,Arithmétique,2 ou moins,54.5
2012,Ontario,35,Les deux sexes,55 to 65 years,Alphabétisme,2 ou moins,56.5
2012,Ontario,35,Les deux sexes,55 to 65 years,Arithmétique,2 ou moins,64.5
2012,Ontario,35,Hommes,Total age groups,Alphabétisme,2 ou moins,45.7
2012,Ontario,35,Hommes,Total age groups,Arithmétique,2 ou moins,47.1
2012,Ontario,35,Hommes,16 to 24 years,Alphabétisme,2 ou moins,43.9
2012,Ontario,35,Hommes,16 to 24 years,Arithmétique,2 ou moins,47.5
2012,Ontario,35,Hommes,25 à 34 ans,Alphabétisme,2 ou moins,40.3
2012,Ontario,35,Hommes,25 à 34 ans,Arithmétique,2 ou moins,42.7
2012,Ontario,35,Hommes,35 à 44 ans,Alphabétisme,2 ou moins,40.0
2012,Ontario,35,Hommes,35 à 44 ans,Arithmétique,2 ou moins,39.9
2012,Ontario,35,Hommes,45 à 54 ans,Alphabétisme,2 ou moins,47.9
2012,Ontario,35,Hommes,45 à 54 ans,Arithmétique,2 ou moins,47.4
2012,Ontario,35,Hommes,55 to 65 years,Alphabétisme,2 ou moins,56.0
2012,Ontario,35,Hommes,55 to 65 years,Arithmétique,2 ou moins,57.9
2012,Ontario,35,Femmes,Total age groups,Alphabétisme,2 ou moins,47.9
2012,Ontario,35,Femmes,Total age groups,Arithmétique,2 ou moins,60.5
2012,Ontario,35,Femmes,16 to 24 years,Alphabétisme,2 ou moins,44.5
2012,Ontario,35,Femmes,16 to 24 years,Arithmétique,2 ou moins,59.2
2012,Ontario,35,Femmes,25 à 34 ans,Alphabétisme,2 ou moins,41.8
2012,Ontario,35,Femmes,25 à 34 ans,Arithmétique,2 ou moins,53.5
2012,Ontario,35,Femmes,35 à 44 ans,Alphabétisme,2 ou moins,43.3
2012,Ontario,35,Femmes,35 à 44 ans,Arithmétique,2 ou moins,57.2
2012,Ontario,35,Femmes,45 à 54 ans,Alphabétisme,2 ou moins,52.0
2012,Ontario,35,Femmes,45 à 54 ans,Arithmétique,2 ou moins,61.8
2012,Ontario,35,Femmes,55 to 65 years,Alphabétisme,2 ou moins,57.0
2012,Ontario,35,Femmes,55 to 65 years,Arithmétique,2 ou moins,70.8
2012,Manitoba,46,Les deux sexes,Total age groups,Alphabétisme,2 ou moins,48.3
2012,Manitoba,46,Les deux sexes,Total age groups,Arithmétique,2 ou moins,54.8
2012,Manitoba,46,Les deux sexes,16 to 24 years,Alphabétisme,2 ou moins,49.5
2012,Manitoba,46,Les deux sexes,16 to 24 years,Arithmétique,2 ou moins,55.1
2012,Manitoba,46,Les deux sexes,25 à 34 ans,Alphabétisme,2 ou moins,40.6
2012,Manitoba,46,Les deux sexes,25 à 34 ans,Arithmétique,2 ou moins,48.0
2012,Manitoba,46,Les deux sexes,35 à 44 ans,Alphabétisme,2 ou moins,45.0
2012,Manitoba,46,Les deux sexes,35 à 44 ans,Arithmétique,2 ou moins,49.7
2012,Manitoba,46,Les deux sexes,45 à 54 ans,Alphabétisme,2 ou moins,50.7
2012,Manitoba,46,Les deux sexes,45 à 54 ans,Arithmétique,2 ou moins,55.7
2012,Manitoba,46,Les deux sexes,55 to 65 years,Alphabétisme,2 ou moins,55.3
2012,Manitoba,46,Les deux sexes,55 to 65 years,Arithmétique,2 ou moins,65.0
2012,Manitoba,46,Hommes,Total age groups,Alphabétisme,2 ou moins,50.5
2012,Manitoba,46,Hommes,Total age groups,Arithmétique,2 ou moins,52.0
2012,Manitoba,46,Hommes,16 to 24 years,Alphabétisme,2 ou moins,50.9
2012,Manitoba,46,Hommes,16 to 24 years,Arithmétique,2 ou moins,51.3
2012,Manitoba,46,Hommes,25 à 34 ans,Alphabétisme,2 ou moins,48.8
2012,Manitoba,46,Hommes,25 à 34 ans,Arithmétique,2 ou moins,46.5
2012,Manitoba,46,Hommes,35 à 44 ans,Alphabétisme,2 ou moins,44.9
2012,Manitoba,46,Hommes,35 à 44 ans,Arithmétique,2 ou moins,46.0
2012,Manitoba,46,Hommes,45 à 54 ans,Alphabétisme,2 ou moins,54.1
2012,Manitoba,46,Hommes,45 à 54 ans,Arithmétique,2 ou moins,55.5
2012,Manitoba,46,Hommes,55 to 65 years,Alphabétisme,2 ou moins,53.1
2012,Manitoba,46,Hommes,55 to 65 years,Arithmétique,2 ou moins,60.2
2012,Manitoba,46,Femmes,Total age groups,Alphabétisme,2 ou moins,46.1
2012,Manitoba,46,Femmes,Total age groups,Arithmétique,2 ou moins,57.5
2012,Manitoba,46,Femmes,16 to 24 years,Alphabétisme,2 ou moins,48.1
2012,Manitoba,46,Femmes,16 to 24 years,Arithmétique,2 ou moins,59.1
2012,Manitoba,46,Femmes,25 à 34 ans,Alphabétisme,2 ou moins,32.3
2012,Manitoba,46,Femmes,25 à 34 ans,Arithmétique,2 ou moins,49.4
2012,Manitoba,46,Femmes,35 à 44 ans,Alphabétisme,2 ou moins,45.1
2012,Manitoba,46,Femmes,35 à 44 ans,Arithmétique,2 ou moins,53.4
2012,Manitoba,46,Femmes,45 à 54 ans,Alphabétisme,2 ou moins,47.4
2012,Manitoba,46,Femmes,45 à 54 ans,Arithmétique,2 ou moins,55.8
2012,Manitoba,46,Femmes,55 to 65 years,Alphabétisme,2 ou moins,57.5
2012,Manitoba,46,Femmes,55 to 65 years,Arithmétique,2 ou moins,69.7
2012,Saskatchewan,47,Les deux sexes,Total age groups,Alphabétisme,2 ou moins,49.9
2012,Saskatchewan,47,Les deux sexes,Total age groups,Arithmétique,2 ou moins,56.5
2012,Saskatchewan,47,Les deux sexes,16 to 24 years,Alphabétisme,2 ou moins,54.0
2012,Saskatchewan,47,Les deux sexes,16 to 24 years,Arithmétique,2 ou moins,62.0
2012,Saskatchewan,47,Les deux sexes,25 à 34 ans,Alphabétisme,2 ou moins,45.1
2012,Saskatchewan,47,Les deux sexes,25 à 34 ans,Arithmétique,2 ou moins,50.8
2012,Saskatchewan,47,Les deux sexes,35 à 44 ans,Alphabétisme,2 ou moins,43.3
2012,Saskatchewan,47,Les deux sexes,35 à 44 ans,Arithmétique,2 ou moins,47.3
2012,Saskatchewan,47,Les deux sexes,45 à 54 ans,Alphabétisme,2 ou moins,50.2
2012,Saskatchewan,47,Les deux sexes,45 à 54 ans,Arithmétique,2 ou moins,56.5
2012,Saskatchewan,47,Les deux sexes,55 to 65 years,Alphabétisme,2 ou moins,56.4
2012,Saskatchewan,47,Les deux sexes,55 to 65 years,Arithmétique,2 ou moins,65.5
2012,Saskatchewan,47,Hommes,Total age groups,Alphabétisme,2 ou moins,51.6
2012,Saskatchewan,47,Hommes,Total age groups,Arithmétique,2 ou moins,52.0
2012,Saskatchewan,47,Hommes,16 to 24 years,Alphabétisme,2 ou moins,55.2
2012,Saskatchewan,47,Hommes,16 to 24 years,Arithmétique,2 ou moins,57.3
2012,Saskatchewan,47,Hommes,25 à 34 ans,Alphabétisme,2 ou moins,47.2
2012,Saskatchewan,47,Hommes,25 à 34 ans,Arithmétique,2 ou moins,46.9
2012,Saskatchewan,47,Hommes,35 à 44 ans,Alphabétisme,2 ou moins,46.6
2012,Saskatchewan,47,Hommes,35 à 44 ans,Arithmétique,2 ou moins,41.9
2012,Saskatchewan,47,Hommes,45 à 54 ans,Alphabétisme,2 ou moins,50.1
2012,Saskatchewan,47,Hommes,45 à 54 ans,Arithmétique,2 ou moins,52.7
2012,Saskatchewan,47,Hommes,55 to 65 years,Alphabétisme,2 ou moins,58.9
2012,Saskatchewan,47,Hommes,55 to 65 years,Arithmétique,2 ou moins,60.5
2012,Saskatchewan,47,Femmes,Total age groups,Alphabétisme,2 ou moins,48.1
2012,Saskatchewan,47,Femmes,Total age groups,Arithmétique,2 ou moins,61.1
2012,Saskatchewan,47,Femmes,16 to 24 years,Alphabétisme,2 ou moins,52.6
2012,Saskatchewan,47,Femmes,16 to 24 years,Arithmétique,2 ou moins,67.0
2012,Saskatchewan,47,Femmes,25 à 34 ans,Alphabétisme,2 ou moins,42.9
2012,Saskatchewan,47,Femmes,25 à 34 ans,Arithmétique,2 ou moins,54.7
2012,Saskatchewan,47,Femmes,35 à 44 ans,Alphabétisme,2 ou moins,39.9
2012,Saskatchewan,47,Femmes,35 à 44 ans,Arithmétique,2 ou moins,52.7
2012,Saskatchewan,47,Femmes,45 à 54 ans,Alphabétisme,2 ou moins,50.4
2012,Saskatchewan,47,Femmes,45 à 54 ans,Arithmétique,2 ou moins,60.4
2012,Saskatchewan,47,Femmes,55 to 65 years,Alphabétisme,2 ou moins,54.1
2012,Saskatchewan,47,Femmes,55 to 65 years,Arithmétique,2 ou moins,70.5
2012,Alberta,48,Les deux sexes,Total age groups,Alphabétisme,2 ou moins,44.9
2012,Alberta,48,Les deux sexes,Total age groups,Arithmétique,2 ou moins,52.7
2012,Alberta,48,Les deux sexes,16 to 24 years,Alphabétisme,2 ou moins,44.7
2012,Alberta,48,Les deux sexes,16 to 24 years,Arithmétique,2 ou moins,53.4
2012,Alberta,48,Les deux sexes,25 à 34 ans,Alphabétisme,2 ou moins,36.5
2012,Alberta,48,Les deux sexes,25 à 34 ans,Arithmétique,2 ou moins,46.3
2012,Alberta,48,Les deux sexes,35 à 44 ans,Alphabétisme,2 ou moins,40.7
2012,Alberta,48,Les deux sexes,35 à 44 ans,Arithmétique,2 ou moins,50.1
2012,Alberta,48,Les deux sexes,45 à 54 ans,Alphabétisme,2 ou moins,48.3
2012,Alberta,48,Les deux sexes,45 à 54 ans,Arithmétique,2 ou moins,53.0
2012,Alberta,48,Les deux sexes,55 to 65 years,Alphabétisme,2 ou moins,56.9
2012,Alberta,48,Les deux sexes,55 to 65 years,Arithmétique,2 ou moins,62.9
2012,Alberta,48,Hommes,Total age groups,Alphabétisme,2 ou moins,43.4
2012,Alberta,48,Hommes,Total age groups,Arithmétique,2 ou moins,46.3
2012,Alberta,48,Hommes,16 to 24 years,Alphabétisme,2 ou moins,43.6
2012,Alberta,48,Hommes,16 to 24 years,Arithmétique,2 ou moins,49.1
2012,Alberta,48,Hommes,25 à 34 ans,Alphabétisme,2 ou moins,35.2
2012,Alberta,48,Hommes,25 à 34 ans,Arithmétique,2 ou moins,41.4
2012,Alberta,48,Hommes,35 à 44 ans,Alphabétisme,2 ou moins,41.8
2012,Alberta,48,Hommes,35 à 44 ans,Arithmétique,2 ou moins,46.7
2012,Alberta,48,Hommes,45 à 54 ans,Alphabétisme,2 ou moins,45.7
2012,Alberta,48,Hommes,45 à 54 ans,Arithmétique,2 ou moins,43.8
2012,Alberta,48,Hommes,55 to 65 years,Alphabétisme,2 ou moins,53.6
2012,Alberta,48,Hommes,55 to 65 years,Arithmétique,2 ou moins,52.8
2012,Alberta,48,Femmes,Total age groups,Alphabétisme,2 ou moins,46.5
2012,Alberta,48,Femmes,Total age groups,Arithmétique,2 ou moins,59.4
2012,Alberta,48,Femmes,16 to 24 years,Alphabétisme,2 ou moins,45.8
2012,Alberta,48,Femmes,16 to 24 years,Arithmétique,2 ou moins,58.1
2012,Alberta,48,Femmes,25 à 34 ans,Alphabétisme,2 ou moins,38.1
2012,Alberta,48,Femmes,25 à 34 ans,Arithmétique,2 ou moins,51.5
2012,Alberta,48,Femmes,35 à 44 ans,Alphabétisme,2 ou moins,39.5
2012,Alberta,48,Femmes,35 à 44 ans,Arithmétique,2 ou moins,53.7
2012,Alberta,48,Femmes,45 à 54 ans,Alphabétisme,2 ou moins,51.1
2012,Alberta,48,Femmes,45 à 54 ans,Arithmétique,2 ou moins,62.7
2012,Alberta,48,Femmes,55 to 65 years,Alphabétisme,2 ou moins,60.2
2012,Alberta,48,Femmes,55 to 65 years,Arithmétique,2 ou moins,73.1
2012,Colombie-Britannique,59,Les deux sexes,Total age groups,Alphabétisme,2 ou moins,45.9
2012,Colombie-Britannique,59,Les deux sexes,Total age groups,Arithmétique,2 ou moins,52.3
2012,Colombie-Britannique,59,Les deux sexes,16 to 24 years,Alphabétisme,2 ou moins,43.2
2012,Colombie-Britannique,59,Les deux sexes,16 to 24 years,Arithmétique,2 ou moins,52.3
2012,Colombie-Britannique,59,Les deux sexes,25 à 34 ans,Alphabétisme,2 ou moins,39.1
2012,Colombie-Britannique,59,Les deux sexes,25 à 34 ans,Arithmétique,2 ou moins,45.2
2012,Colombie-Britannique,59,Les deux sexes,35 à 44 ans,Alphabétisme,2 ou moins,40.7
2012,Colombie-Britannique,59,Les deux sexes,35 à 44 ans,Arithmétique,2 ou moins,46.3
2012,Colombie-Britannique,59,Les deux sexes,45 à 54 ans,Alphabétisme,2 ou moins,52.2
2012,Colombie-Britannique,59,Les deux sexes,45 à 54 ans,Arithmétique,2 ou moins,60.0
2012,Colombie-Britannique,59,Les deux sexes,55 to 65 years,Alphabétisme,2 ou moins,52.2
2012,Colombie-Britannique,59,Les deux sexes,55 to 65 years,Arithmétique,2 ou moins,56.2
2012,Colombie-Britannique,59,Hommes,Total age groups,Alphabétisme,2 ou moins,44.2
2012,Colombie-Britannique,59,Hommes,Total age groups,Arithmétique,2 ou moins,47.0
2012,Colombie-Britannique,59,Hommes,16 to 24 years,Alphabétisme,2 ou moins,44.1
2012,Colombie-Britannique,59,Hommes,16 to 24 years,Arithmétique,2 ou moins,50.2
2012,Colombie-Britannique,59,Hommes,25 à 34 ans,Alphabétisme,2 ou moins,42.2
2012,Colombie-Britannique,59,Hommes,25 à 34 ans,Arithmétique,2 ou moins,43.6
2012,Colombie-Britannique,59,Hommes,35 à 44 ans,Alphabétisme,2 ou moins,44.1
2012,Colombie-Britannique,59,Hommes,35 à 44 ans,Arithmétique,2 ou moins,43.6
2012,Colombie-Britannique,59,Hommes,45 à 54 ans,Alphabétisme,2 ou moins,45.9
2012,Colombie-Britannique,59,Hommes,45 à 54 ans,Arithmétique,2 ou moins,52.4
2012,Colombie-Britannique,59,Hommes,55 to 65 years,Alphabétisme,2 ou moins,44.4
2012,Colombie-Britannique,59,Hommes,55 to 65 years,Arithmétique,2 ou moins,44.6
2012,Colombie-Britannique,59,Femmes,Total age groups,Alphabétisme,2 ou moins,47.5
2012,Colombie-Britannique,59,Femmes,Total age groups,Arithmétique,2 ou moins,57.7
2012,Colombie-Britannique,59,Femmes,16 to 24 years,Alphabétisme,2 ou moins,42.4
2012,Colombie-Britannique,59,Femmes,16 to 24 years,Arithmétique,2 ou moins,54.5
2012,Colombie-Britannique,59,Femmes,25 à 34 ans,Alphabétisme,2 ou moins,35.9
2012,Colombie-Britannique,59,Femmes,25 à 34 ans,Arithmétique,2 ou moins,46.9
2012,Colombie-Britannique,59,Femmes,35 à 44 ans,Alphabétisme,2 ou moins,37.4
2012,Colombie-Britannique,59,Femmes,35 à 44 ans,Arithmétique,2 ou moins,49.0
2012,Colombie-Britannique,59,Femmes,45 à 54 ans,Alphabétisme,2 ou moins,58.3
2012,Colombie-Britannique,59,Femmes,45 à 54 ans,Arithmétique,2 ou moins,67.4
2012,Colombie-Britannique,59,Femmes,55 to 65 years,Alphabétisme,2 ou moins,59.8
2012,Colombie-Britannique,59,Femmes,55 to 65 years,Arithmétique,2 ou moins,67.4
2012,Yukon,60,Les deux sexes,Total age groups,Alphabétisme,2 ou moins,44.3
2012,Yukon,60,Les deux sexes,Total age groups,Arithmétique,2 ou moins,55.8
2012,Yukon,60,Les deux sexes,16 to 24 years,Alphabétisme,2 ou moins,57.6
2012,Yukon,60,Les deux sexes,16 to 24 years,Arithmétique,2 ou moins,64.9
2012,Yukon,60,Les deux sexes,25 à 34 ans,Alphabétisme,2 ou moins,43.6
2012,Yukon,60,Les deux sexes,25 à 34 ans,Arithmétique,2 ou moins,62.0
2012,Yukon,60,Les deux sexes,35 à 44 ans,Alphabétisme,2 ou moins,42.1
2012,Yukon,60,Les deux sexes,35 à 44 ans,Arithmétique,2 ou moins,49.6
2012,Yukon,60,Les deux sexes,45 à 54 ans,Alphabétisme,2 ou moins,35.7
2012,Yukon,60,Les deux sexes,45 à 54 ans,Arithmétique,2 ou moins,48.4
2012,Yukon,60,Les deux sexes,55 to 65 years,Alphabétisme,2 ou moins,47.0
2012,Yukon,60,Les deux sexes,55 to 65 years,Arithmétique,2 ou moins,57.9
2012,Yukon,60,Hommes,Total age groups,Alphabétisme,2 ou moins,45.0
2012,Yukon,60,Hommes,Total age groups,Arithmétique,2 ou moins,51.8
2012,Yukon,60,Hommes,16 to 24 years,Alphabétisme,2 ou moins,48.3
2012,Yukon,60,Hommes,16 to 24 years,Arithmétique,2 ou moins,58.6
2012,Yukon,60,Hommes,25 à 34 ans,Alphabétisme,2 ou moins,53.8
2012,Yukon,60,Hommes,25 à 34 ans,Arithmétique,2 ou moins,65.8
2012,Yukon,60,Hommes,35 à 44 ans,Alphabétisme,2 ou moins,38.3
2012,Yukon,60,Hommes,35 à 44 ans,Arithmétique,2 ou moins,41.8
2012,Yukon,60,Hommes,45 à 54 ans,Alphabétisme,2 ou moins,38.1
2012,Yukon,60,Hommes,45 à 54 ans,Arithmétique,2 ou moins,41.3
2012,Yukon,60,Hommes,55 to 65 years,Alphabétisme,2 ou moins,48.4
2012,Yukon,60,Hommes,55 to 65 years,Arithmétique,2 ou moins,55.0
2012,Yukon,60,Femmes,Total age groups,Alphabétisme,2 ou moins,43.7
2012,Yukon,60,Femmes,Total age groups,Arithmétique,2 ou moins,59.8
2012,Yukon,60,Femmes,16 to 24 years,Alphabétisme,2 ou moins,67.4
2012,Yukon,60,Femmes,16 to 24 years,Arithmétique,2 ou moins,71.5
2012,Yukon,60,Femmes,25 à 34 ans,Alphabétisme,2 ou moins,33.3
2012,Yukon,60,Femmes,25 à 34 ans,Arithmétique,2 ou moins,58.2
2012,Yukon,60,Femmes,35 à 44 ans,Alphabétisme,2 ou moins,45.3
2012,Yukon,60,Femmes,35 à 44 ans,Arithmétique,2 ou moins,56.3
2012,Yukon,60,Femmes,45 à 54 ans,Alphabétisme,2 ou moins,33.3
2012,Yukon,60,Femmes,45 à 54 ans,Arithmétique,2 ou moins,55.6
2012,Yukon,60,Femmes,55 to 65 years,Alphabétisme,2 ou moins,45.4
2012,Yukon,60,Femmes,55 to 65 years,Arithmétique,2 ou moins,61.1
2012,Territoires du Nord-Ouest,61,Les deux sexes,Total age groups,Alphabétisme,2 ou moins,63.9
2012,Territoires du Nord-Ouest,61,Les deux sexes,Total age groups,Arithmétique,2 ou moins,69.7
2012,Territoires du Nord-Ouest,61,Les deux sexes,16 to 24 years,Alphabétisme,2 ou moins,68.5
2012,Territoires du Nord-Ouest,61,Les deux sexes,16 to 24 years,Arithmétique,2 ou moins,73.2
2012,Territoires du Nord-Ouest,61,Les deux sexes,25 à 34 ans,Alphabétisme,2 ou moins,54.7
2012,Territoires du Nord-Ouest,61,Les deux sexes,25 à 34 ans,Arithmétique,2 ou moins,62.2
2012,Territoires du Nord-Ouest,61,Les deux sexes,35 à 44 ans,Alphabétisme,2 ou moins,57.7
2012,Territoires du Nord-Ouest,61,Les deux sexes,35 à 44 ans,Arithmétique,2 ou moins,65.8
2012,Territoires du Nord-Ouest,61,Les deux sexes,45 à 54 ans,Alphabétisme,2 ou moins,71.0
2012,Territoires du Nord-Ouest,61,Les deux sexes,45 à 54 ans,Arithmétique,2 ou moins,75.9
2012,Territoires du Nord-Ouest,61,Les deux sexes,55 to 65 years,Alphabétisme,2 ou moins,70.0
2012,Territoires du Nord-Ouest,61,Les deux sexes,55 to 65 years,Arithmétique,2 ou moins,73.5
2012,Territoires du Nord-Ouest,61,Hommes,Total age groups,Alphabétisme,2 ou moins,63.0
2012,Territoires du Nord-Ouest,61,Hommes,Total age groups,Arithmétique,2 ou moins,66.1
2012,Territoires du Nord-Ouest,61,Hommes,16 to 24 years,Alphabétisme,2 ou moins,69.0
2012,Territoires du Nord-Ouest,61,Hommes,16 to 24 years,Arithmétique,2 ou moins,70.2
2012,Territoires du Nord-Ouest,61,Hommes,25 à 34 ans,Alphabétisme,2 ou moins,55.7
2012,Territoires du Nord-Ouest,61,Hommes,25 à 34 ans,Arithmétique,2 ou moins,60.0
2012,Territoires du Nord-Ouest,61,Hommes,35 à 44 ans,Alphabétisme,2 ou moins,53.9
2012,Territoires du Nord-Ouest,61,Hommes,35 à 44 ans,Arithmétique,2 ou moins,60.7
2012,Territoires du Nord-Ouest,61,Hommes,45 à 54 ans,Alphabétisme,2 ou moins,68.4
2012,Territoires du Nord-Ouest,61,Hommes,45 à 54 ans,Arithmétique,2 ou moins,71.1
2012,Territoires du Nord-Ouest,61,Hommes,55 to 65 years,Alphabétisme,2 ou moins,69.7
2012,Territoires du Nord-Ouest,61,Hommes,55 to 65 years,Arithmétique,2 ou moins,69.5
2012,Territoires du Nord-Ouest,61,Femmes,Total age groups,Alphabétisme,2 ou moins,64.7
2012,Territoires du Nord-Ouest,61,Femmes,Total age groups,Arithmétique,2 ou moins,73.6
2012,Territoires du Nord-Ouest,61,Femmes,16 to 24 years,Alphabétisme,2 ou moins,68.0
2012,Territoires du Nord-Ouest,61,Femmes,16 to 24 years,Arithmétique,2 ou moins,76.6
2012,Territoires du Nord-Ouest,61,Femmes,25 à 34 ans,Alphabétisme,2 ou moins,53.7
2012,Territoires du Nord-Ouest,61,Femmes,25 à 34 ans,Arithmétique,2 ou moins,64.2
2012,Territoires du Nord-Ouest,61,Femmes,35 à 44 ans,Alphabétisme,2 ou moins,62.0
2012,Territoires du Nord-Ouest,61,Femmes,35 à 44 ans,Arithmétique,2 ou moins,71.7
2012,Territoires du Nord-Ouest,61,Femmes,45 à 54 ans,Alphabétisme,2 ou moins,73.6
2012,Territoires du Nord-Ouest,61,Femmes,45 à 54 ans,Arithmétique,2 ou moins,80.5
2012,Territoires du Nord-Ouest,61,Femmes,55 to 65 years,Alphabétisme,2 ou moins,70.3
2012,Territoires du Nord-Ouest,61,Femmes,55 to 65 years,Arithmétique,2 ou moins,78.5
2012,Nunavut,62,Les deux sexes,Total age groups,Alphabétisme,2 ou moins,83.1
2012,Nunavut,62,Les deux sexes,Total age groups,Arithmétique,2 ou moins,87.3
2012,Nunavut,62,Les deux sexes,16 to 24 years,Alphabétisme,2 ou moins,90.7
2012,Nunavut,62,Les deux sexes,16 to 24 years,Arithmétique,2 ou moins,93.2
2012,Nunavut,62,Les deux sexes,25 à 34 ans,Alphabétisme,2 ou moins,79.1
2012,Nunavut,62,Les deux sexes,25 à 34 ans,Arithmétique,2 ou moins,84.4
2012,Nunavut,62,Les deux sexes,35 à 44 ans,Alphabétisme,2 ou moins,80.2
2012,Nunavut,62,Les deux sexes,35 à 44 ans,Arithmétique,2 ou moins,84.3
2012,Nunavut,62,Les deux sexes,45 à 54 ans,Alphabétisme,2 ou moins,81.9
2012,Nunavut,62,Les deux sexes,45 à 54 ans,Arithmétique,2 ou moins,87.1
2012,Nunavut,62,Les deux sexes,55 to 65 years,Alphabétisme,2 ou moins,81.7
2012,Nunavut,62,Les deux sexes,55 to 65 years,Arithmétique,2 ou moins,85.5
2012,Nunavut,62,Hommes,Total age groups,Alphabétisme,2 ou moins,83.1
2012,Nunavut,62,Hommes,Total age groups,Arithmétique,2 ou moins,84.7
2012,Nunavut,62,Hommes,16 to 24 years,Alphabétisme,2 ou moins,91.1
2012,Nunavut,62,Hommes,16 to 24 years,Arithmétique,2 ou moins,91.5
2012,Nunavut,62,Hommes,25 à 34 ans,Alphabétisme,2 ou moins,77.3
2012,Nunavut,62,Hommes,25 à 34 ans,Arithmétique,2 ou moins,79.2
2012,Nunavut,62,Hommes,35 à 44 ans,Alphabétisme,2 ou moins,81.1
2012,Nunavut,62,Hommes,35 à 44 ans,Arithmétique,2 ou moins,81.5
2012,Nunavut,62,Hommes,45 à 54 ans,Alphabétisme,2 ou moins,84.0
2012,Nunavut,62,Hommes,45 à 54 ans,Arithmétique,2 ou moins,86.4
2012,Nunavut,62,Hommes,55 to 65 years,Alphabétisme,2 ou moins,78.4
2012,Nunavut,62,Hommes,55 to 65 years,Arithmétique,2 ou moins,82.6
2012,Nunavut,62,Femmes,Total age groups,Alphabétisme,2 ou moins,83.2
2012,Nunavut,62,Femmes,Total age groups,Arithmétique,2 ou moins,90.0
2012,Nunavut,62,Femmes,16 to 24 years,Alphabétisme,2 ou moins,90.2
2012,Nunavut,62,Femmes,16 to 24 years,Arithmétique,2 ou moins,95.0
2012,Nunavut,62,Femmes,25 à 34 ans,Alphabétisme,2 ou moins,80.8
2012,Nunavut,62,Femmes,25 à 34 ans,Arithmétique,2 ou moins,89.5
2012,Nunavut,62,Femmes,35 à 44 ans,Alphabétisme,2 ou moins,79.4
2012,Nunavut,62,Femmes,35 à 44 ans,Arithmétique,2 ou moins,87.0
2012,Nunavut,62,Femmes,45 à 54 ans,Alphabétisme,2 ou moins,79.5
2012,Nunavut,62,Femmes,45 à 54 ans,Arithmétique,2 ou moins,88.0
2012,Nunavut,62,Femmes,55 to 65 years,Alphabétisme,2 ou moins,85.2
2012,Nunavut,62,Femmes,55 to 65 years,Arithmétique,2 ou moins,88.6
2012,Canada,,Les deux sexes,Total age groups,Alphabétisme,3 ou plus,51.5
2012,Canada,,Les deux sexes,Total age groups,Arithmétique,3 ou plus,45.3
2012,Canada,,Les deux sexes,16 to 24 years,Alphabétisme,3 ou plus,53.6
2012,Canada,,Les deux sexes,16 to 24 years,Arithmétique,3 ou plus,46.6
2012,Canada,,Les deux sexes,25 à 34 ans,Alphabétisme,3 ou plus,60.1
2012,Canada,,Les deux sexes,25 à 34 ans,Arithmétique,3 ou plus,53.3
2012,Canada,,Les deux sexes,35 à 44 ans,Alphabétisme,3 ou plus,57.6
2012,Canada,,Les deux sexes,35 à 44 ans,Arithmétique,3 ou plus,51.0
2012,Canada,,Les deux sexes,45 à 54 ans,Alphabétisme,3 ou plus,47.1
2012,Canada,,Les deux sexes,45 à 54 ans,Arithmétique,3 ou plus,42.4
2012,Canada,,Les deux sexes,55 to 65 years,Alphabétisme,3 ou plus,40.3
2012,Canada,,Les deux sexes,55 to 65 years,Arithmétique,3 ou plus,34.2
2012,Canada,,Hommes,Total age groups,Alphabétisme,3 ou plus,52.4
2012,Canada,,Hommes,Total age groups,Arithmétique,3 ou plus,51.0
2012,Canada,,Hommes,16 to 24 years,Alphabétisme,3 ou plus,52.9
2012,Canada,,Hommes,16 to 24 years,Arithmétique,3 ou plus,50.1
2012,Canada,,Hommes,25 à 34 ans,Alphabétisme,3 ou plus,59.8
2012,Canada,,Hommes,25 à 34 ans,Arithmétique,3 ou plus,57.8
2012,Canada,,Hommes,35 à 44 ans,Alphabétisme,3 ou plus,57.8
2012,Canada,,Hommes,35 à 44 ans,Arithmétique,3 ou plus,56.9
2012,Canada,,Hommes,45 à 54 ans,Alphabétisme,3 ou plus,49.3
2012,Canada,,Hommes,45 à 54 ans,Arithmétique,3 ou plus,49.0
2012,Canada,,Hommes,55 to 65 years,Alphabétisme,3 ou plus,42.7
2012,Canada,,Hommes,55 to 65 years,Arithmétique,3 ou plus,41.8
2012,Canada,,Femmes,Total age groups,Alphabétisme,3 ou plus,50.6
2012,Canada,,Femmes,Total age groups,Arithmétique,3 ou plus,39.6
2012,Canada,,Femmes,16 to 24 years,Alphabétisme,3 ou plus,54.4
2012,Canada,,Femmes,16 to 24 years,Arithmétique,3 ou plus,43.0
2012,Canada,,Femmes,25 à 34 ans,Alphabétisme,3 ou plus,60.4
2012,Canada,,Femmes,25 à 34 ans,Arithmétique,3 ou plus,48.8
2012,Canada,,Femmes,35 à 44 ans,Alphabétisme,3 ou plus,57.3
2012,Canada,,Femmes,35 à 44 ans,Arithmétique,3 ou plus,45.0
2012,Canada,,Femmes,45 à 54 ans,Alphabétisme,3 ou plus,44.8
2012,Canada,,Femmes,45 à 54 ans,Arithmétique,3 ou plus,35.7
2012,Canada,,Femmes,55 to 65 years,Alphabétisme,3 ou plus,37.9
2012,Canada,,Femmes,55 to 65 years,Arithmétique,3 ou plus,26.9
2012,Terre-Neuve-et-Labrador,10,Les deux sexes,Total age groups,Alphabétisme,3 ou plus,43.2
2012,Terre-Neuve-et-Labrador,10,Les deux sexes,Total age groups,Arithmétique,3 ou plus,34.5
2012,Terre-Neuve-et-Labrador,10,Les deux sexes,16 to 24 years,Alphabétisme,3 ou plus,51.5
2012,Terre-Neuve-et-Labrador,10,Les deux sexes,16 to 24 years,Arithmétique,3 ou plus,45.4
2012,Terre-Neuve-et-Labrador,10,Les deux sexes,25 à 34 ans,Alphabétisme,3 ou plus,57.5
2012,Terre-Neuve-et-Labrador,10,Les deux sexes,25 à 34 ans,Arithmétique,3 ou plus,48.1
2012,Terre-Neuve-et-Labrador,10,Les deux sexes,35 à 44 ans,Alphabétisme,3 ou plus,51.9
2012,Terre-Neuve-et-Labrador,10,Les deux sexes,35 à 44 ans,Arithmétique,3 ou plus,43.3
2012,Terre-Neuve-et-Labrador,10,Les deux sexes,45 à 54 ans,Alphabétisme,3 ou plus,38.6
2012,Terre-Neuve-et-Labrador,10,Les deux sexes,45 à 54 ans,Arithmétique,3 ou plus,28.6
2012,Terre-Neuve-et-Labrador,10,Les deux sexes,55 to 65 years,Alphabétisme,3 ou plus,26.6
2012,Terre-Neuve-et-Labrador,10,Les deux sexes,55 to 65 years,Arithmétique,3 ou plus,17.9
2012,Terre-Neuve-et-Labrador,10,Hommes,Total age groups,Alphabétisme,3 ou plus,42.7
2012,Terre-Neuve-et-Labrador,10,Hommes,Total age groups,Arithmétique,3 ou plus,37.8
2012,Terre-Neuve-et-Labrador,10,Hommes,16 to 24 years,Alphabétisme,3 ou plus,49.2
2012,Terre-Neuve-et-Labrador,10,Hommes,16 to 24 years,Arithmétique,3 ou plus,46.7
2012,Terre-Neuve-et-Labrador,10,Hommes,25 à 34 ans,Alphabétisme,3 ou plus,59.4
2012,Terre-Neuve-et-Labrador,10,Hommes,25 à 34 ans,Arithmétique,3 ou plus,53.9
2012,Terre-Neuve-et-Labrador,10,Hommes,35 à 44 ans,Alphabétisme,3 ou plus,48.6
2012,Terre-Neuve-et-Labrador,10,Hommes,35 à 44 ans,Arithmétique,3 ou plus,45.5
2012,Terre-Neuve-et-Labrador,10,Hommes,45 à 54 ans,Alphabétisme,3 ou plus,38.6
2012,Terre-Neuve-et-Labrador,10,Hommes,45 à 54 ans,Arithmétique,3 ou plus,31.1
2012,Terre-Neuve-et-Labrador,10,Hommes,55 to 65 years,Alphabétisme,3 ou plus,27.6
2012,Terre-Neuve-et-Labrador,10,Hommes,55 to 65 years,Arithmétique,3 ou plus,22.6
2012,Terre-Neuve-et-Labrador,10,Femmes,Total age groups,Alphabétisme,3 ou plus,43.6
2012,Terre-Neuve-et-Labrador,10,Femmes,Total age groups,Arithmétique,3 ou plus,31.3
2012,Terre-Neuve-et-Labrador,10,Femmes,16 to 24 years,Alphabétisme,3 ou plus,53.9
2012,Terre-Neuve-et-Labrador,10,Femmes,16 to 24 years,Arithmétique,3 ou plus,44.0
2012,Terre-Neuve-et-Labrador,10,Femmes,25 à 34 ans,Alphabétisme,3 ou plus,55.7
2012,Terre-Neuve-et-Labrador,10,Femmes,25 à 34 ans,Arithmétique,3 ou plus,42.5
2012,Terre-Neuve-et-Labrador,10,Femmes,35 à 44 ans,Alphabétisme,3 ou plus,54.9
2012,Terre-Neuve-et-Labrador,10,Femmes,35 à 44 ans,Arithmétique,3 ou plus,41.4
2012,Terre-Neuve-et-Labrador,10,Femmes,45 à 54 ans,Alphabétisme,3 ou plus,38.7
2012,Terre-Neuve-et-Labrador,10,Femmes,45 à 54 ans,Arithmétique,3 ou plus,26.3
2012,Terre-Neuve-et-Labrador,10,Femmes,55 to 65 years,Alphabétisme,3 ou plus,25.6
2012,Terre-Neuve-et-Labrador,10,Femmes,55 to 65 years,Arithmétique,3 ou plus,13.3
2012,Île-du-Prince-Édouard,11,Les deux sexes,Total age groups,Alphabétisme,3 ou plus,54.7
2012,Île-du-Prince-Édouard,11,Les deux sexes,Total age groups,Arithmétique,3 ou plus,44.2
2012,Île-du-Prince-Édouard,11,Les deux sexes,16 to 24 years,Alphabétisme,3 ou plus,55.9
2012,Île-du-Prince-Édouard,11,Les deux sexes,16 to 24 years,Arithmétique,3 ou plus,45.7
2012,Île-du-Prince-Édouard,11,Les deux sexes,25 à 34 ans,Alphabétisme,3 ou plus,67.7
2012,Île-du-Prince-Édouard,11,Les deux sexes,25 à 34 ans,Arithmétique,3 ou plus,54.5
2012,Île-du-Prince-Édouard,11,Les deux sexes,35 à 44 ans,Alphabétisme,3 ou plus,62.4
2012,Île-du-Prince-Édouard,11,Les deux sexes,35 à 44 ans,Arithmétique,3 ou plus,49.7
2012,Île-du-Prince-Édouard,11,Les deux sexes,45 à 54 ans,Alphabétisme,3 ou plus,48.8
2012,Île-du-Prince-Édouard,11,Les deux sexes,45 à 54 ans,Arithmétique,3 ou plus,39.0
2012,Île-du-Prince-Édouard,11,Les deux sexes,55 to 65 years,Alphabétisme,3 ou plus,44.8
2012,Île-du-Prince-Édouard,11,Les deux sexes,55 to 65 years,Arithmétique,3 ou plus,37.1
2012,Île-du-Prince-Édouard,11,Hommes,Total age groups,Alphabétisme,3 ou plus,52.4
2012,Île-du-Prince-Édouard,11,Hommes,Total age groups,Arithmétique,3 ou plus,45.9
2012,Île-du-Prince-Édouard,11,Hommes,16 to 24 years,Alphabétisme,3 ou plus,56.4
2012,Île-du-Prince-Édouard,11,Hommes,16 to 24 years,Arithmétique,3 ou plus,47.9
2012,Île-du-Prince-Édouard,11,Hommes,25 à 34 ans,Alphabétisme,3 ou plus,67.4
2012,Île-du-Prince-Édouard,11,Hommes,25 à 34 ans,Arithmétique,3 ou plus,60.1
2012,Île-du-Prince-Édouard,11,Hommes,35 à 44 ans,Alphabétisme,3 ou plus,59.1
2012,Île-du-Prince-Édouard,11,Hommes,35 à 44 ans,Arithmétique,3 ou plus,51.1
2012,Île-du-Prince-Édouard,11,Hommes,45 à 54 ans,Alphabétisme,3 ou plus,41.2
2012,Île-du-Prince-Édouard,11,Hommes,45 à 54 ans,Arithmétique,3 ou plus,38.4
2012,Île-du-Prince-Édouard,11,Hommes,55 to 65 years,Alphabétisme,3 ou plus,45.6
2012,Île-du-Prince-Édouard,11,Hommes,55 to 65 years,Arithmétique,3 ou plus,38.6
2012,Île-du-Prince-Édouard,11,Femmes,Total age groups,Alphabétisme,3 ou plus,56.9
2012,Île-du-Prince-Édouard,11,Femmes,Total age groups,Arithmétique,3 ou plus,42.6
2012,Île-du-Prince-Édouard,11,Femmes,16 to 24 years,Alphabétisme,3 ou plus,55.5
2012,Île-du-Prince-Édouard,11,Femmes,16 to 24 years,Arithmétique,3 ou plus,43.5
2012,Île-du-Prince-Édouard,11,Femmes,25 à 34 ans,Alphabétisme,3 ou plus,67.9
2012,Île-du-Prince-Édouard,11,Femmes,25 à 34 ans,Arithmétique,3 ou plus,49.5
2012,Île-du-Prince-Édouard,11,Femmes,35 à 44 ans,Alphabétisme,3 ou plus,65.6
2012,Île-du-Prince-Édouard,11,Femmes,35 à 44 ans,Arithmétique,3 ou plus,48.3
2012,Île-du-Prince-Édouard,11,Femmes,45 à 54 ans,Alphabétisme,3 ou plus,56.3
2012,Île-du-Prince-Édouard,11,Femmes,45 à 54 ans,Arithmétique,3 ou plus,39.7
2012,Île-du-Prince-Édouard,11,Femmes,55 to 65 years,Alphabétisme,3 ou plus,44.0
2012,Île-du-Prince-Édouard,11,Femmes,55 to 65 years,Arithmétique,3 ou plus,35.6
2012,Nouvelle-Écosse,12,Les deux sexes,Total age groups,Alphabétisme,3 ou plus,49.7
2012,Nouvelle-Écosse,12,Les deux sexes,Total age groups,Arithmétique,3 ou plus,41.8
2012,Nouvelle-Écosse,12,Les deux sexes,16 to 24 years,Alphabétisme,3 ou plus,45.6
2012,Nouvelle-Écosse,12,Les deux sexes,16 to 24 years,Arithmétique,3 ou plus,38.7
2012,Nouvelle-Écosse,12,Les deux sexes,25 à 34 ans,Alphabétisme,3 ou plus,62.3
2012,Nouvelle-Écosse,12,Les deux sexes,25 à 34 ans,Arithmétique,3 ou plus,52.7
2012,Nouvelle-Écosse,12,Les deux sexes,35 à 44 ans,Alphabétisme,3 ou plus,58.6
2012,Nouvelle-Écosse,12,Les deux sexes,35 à 44 ans,Arithmétique,3 ou plus,50.2
2012,Nouvelle-Écosse,12,Les deux sexes,45 à 54 ans,Alphabétisme,3 ou plus,47.5
2012,Nouvelle-Écosse,12,Les deux sexes,45 à 54 ans,Arithmétique,3 ou plus,38.9
2012,Nouvelle-Écosse,12,Les deux sexes,55 to 65 years,Alphabétisme,3 ou plus,38.8
2012,Nouvelle-Écosse,12,Les deux sexes,55 to 65 years,Arithmétique,3 ou plus,32.4
2012,Nouvelle-Écosse,12,Hommes,Total age groups,Alphabétisme,3 ou plus,50.7
2012,Nouvelle-Écosse,12,Hommes,Total age groups,Arithmétique,3 ou plus,48.0
2012,Nouvelle-Écosse,12,Hommes,16 to 24 years,Alphabétisme,3 ou plus,48.8
2012,Nouvelle-Écosse,12,Hommes,16 to 24 years,Arithmétique,3 ou plus,45.2
2012,Nouvelle-Écosse,12,Hommes,25 à 34 ans,Alphabétisme,3 ou plus,67.3
2012,Nouvelle-Écosse,12,Hommes,25 à 34 ans,Arithmétique,3 ou plus,64.6
2012,Nouvelle-Écosse,12,Hommes,35 à 44 ans,Alphabétisme,3 ou plus,57.5
2012,Nouvelle-Écosse,12,Hommes,35 à 44 ans,Arithmétique,3 ou plus,55.0
2012,Nouvelle-Écosse,12,Hommes,45 à 54 ans,Alphabétisme,3 ou plus,44.7
2012,Nouvelle-Écosse,12,Hommes,45 à 54 ans,Arithmétique,3 ou plus,41.0
2012,Nouvelle-Écosse,12,Hommes,55 to 65 years,Alphabétisme,3 ou plus,41.3
2012,Nouvelle-Écosse,12,Hommes,55 to 65 years,Arithmétique,3 ou plus,40.2
2012,Nouvelle-Écosse,12,Femmes,Total age groups,Alphabétisme,3 ou plus,48.8
2012,Nouvelle-Écosse,12,Femmes,Total age groups,Arithmétique,3 ou plus,35.9
2012,Nouvelle-Écosse,12,Femmes,16 to 24 years,Alphabétisme,3 ou plus,42.5
2012,Nouvelle-Écosse,12,Femmes,16 to 24 years,Arithmétique,3 ou plus,32.4
2012,Nouvelle-Écosse,12,Femmes,25 à 34 ans,Alphabétisme,3 ou plus,57.8
2012,Nouvelle-Écosse,12,Femmes,25 à 34 ans,Arithmétique,3 ou plus,42.1
2012,Nouvelle-Écosse,12,Femmes,35 à 44 ans,Alphabétisme,3 ou plus,59.6
2012,Nouvelle-Écosse,12,Femmes,35 à 44 ans,Arithmétique,3 ou plus,45.8
2012,Nouvelle-Écosse,12,Femmes,45 à 54 ans,Alphabétisme,3 ou plus,50.2
2012,Nouvelle-Écosse,12,Femmes,45 à 54 ans,Arithmétique,3 ou plus,36.9
2012,Nouvelle-Écosse,12,Femmes,55 to 65 years,Alphabétisme,3 ou plus,36.5
2012,Nouvelle-Écosse,12,Femmes,55 to 65 years,Arithmétique,3 ou plus,24.9
2012,Nouveau-Brunswick,13,Les deux sexes,Total age groups,Alphabétisme,3 ou plus,46.5
2012,Nouveau-Brunswick,13,Les deux sexes,Total age groups,Arithmétique,3 ou plus,36.9
2012,Nouveau-Brunswick,13,Les deux sexes,16 to 24 years,Alphabétisme,3 ou plus,40.6
2012,Nouveau-Brunswick,13,Les deux sexes,16 to 24 years,Arithmétique,3 ou plus,32.1
2012,Nouveau-Brunswick,13,Les deux sexes,25 à 34 ans,Alphabétisme,3 ou plus,61.8
2012,Nouveau-Brunswick,13,Les deux sexes,25 à 34 ans,Arithmétique,3 ou plus,49.2
2012,Nouveau-Brunswick,13,Les deux sexes,35 à 44 ans,Alphabétisme,3 ou plus,56.9
2012,Nouveau-Brunswick,13,Les deux sexes,35 à 44 ans,Arithmétique,3 ou plus,44.3
2012,Nouveau-Brunswick,13,Les deux sexes,45 à 54 ans,Alphabétisme,3 ou plus,42.5
2012,Nouveau-Brunswick,13,Les deux sexes,45 à 54 ans,Arithmétique,3 ou plus,35.9
2012,Nouveau-Brunswick,13,Les deux sexes,55 to 65 years,Alphabétisme,3 ou plus,35.6
2012,Nouveau-Brunswick,13,Les deux sexes,55 to 65 years,Arithmétique,3 ou plus,26.8
2012,Nouveau-Brunswick,13,Hommes,Total age groups,Alphabétisme,3 ou plus,46.2
2012,Nouveau-Brunswick,13,Hommes,Total age groups,Arithmétique,3 ou plus,41.9
2012,Nouveau-Brunswick,13,Hommes,16 to 24 years,Alphabétisme,3 ou plus,37.5
2012,Nouveau-Brunswick,13,Hommes,16 to 24 years,Arithmétique,3 ou plus,32.3
2012,Nouveau-Brunswick,13,Hommes,25 à 34 ans,Alphabétisme,3 ou plus,65.6
2012,Nouveau-Brunswick,13,Hommes,25 à 34 ans,Arithmétique,3 ou plus,59.8
2012,Nouveau-Brunswick,13,Hommes,35 à 44 ans,Alphabétisme,3 ou plus,57.6
2012,Nouveau-Brunswick,13,Hommes,35 à 44 ans,Arithmétique,3 ou plus,51.6
2012,Nouveau-Brunswick,13,Hommes,45 à 54 ans,Alphabétisme,3 ou plus,37.5
2012,Nouveau-Brunswick,13,Hommes,45 à 54 ans,Arithmétique,3 ou plus,36.0
2012,Nouveau-Brunswick,13,Hommes,55 to 65 years,Alphabétisme,3 ou plus,38.0
2012,Nouveau-Brunswick,13,Hommes,55 to 65 years,Arithmétique,3 ou plus,34.1
2012,Nouveau-Brunswick,13,Femmes,Total age groups,Alphabétisme,3 ou plus,46.9
2012,Nouveau-Brunswick,13,Femmes,Total age groups,Arithmétique,3 ou plus,32.1
2012,Nouveau-Brunswick,13,Femmes,16 to 24 years,Alphabétisme,3 ou plus,43.9
2012,Nouveau-Brunswick,13,Femmes,16 to 24 years,Arithmétique,3 ou plus,31.9
2012,Nouveau-Brunswick,13,Femmes,25 à 34 ans,Alphabétisme,3 ou plus,58.3
2012,Nouveau-Brunswick,13,Femmes,25 à 34 ans,Arithmétique,3 ou plus,39.2
2012,Nouveau-Brunswick,13,Femmes,35 à 44 ans,Alphabétisme,3 ou plus,56.1
2012,Nouveau-Brunswick,13,Femmes,35 à 44 ans,Arithmétique,3 ou plus,37.1
2012,Nouveau-Brunswick,13,Femmes,45 à 54 ans,Alphabétisme,3 ou plus,47.3
2012,Nouveau-Brunswick,13,Femmes,45 à 54 ans,Arithmétique,3 ou plus,35.9
2012,Nouveau-Brunswick,13,Femmes,55 to 65 years,Alphabétisme,3 ou plus,33.2
2012,Nouveau-Brunswick,13,Femmes,55 to 65 years,Arithmétique,3 ou plus,19.9
2012,Québec,24,Les deux sexes,Total age groups,Alphabétisme,3 ou plus,46.8
2012,Québec,24,Les deux sexes,Total age groups,Arithmétique,3 ou plus,43.9
2012,Québec,24,Les deux sexes,16 to 24 years,Alphabétisme,3 ou plus,51.3
2012,Québec,24,Les deux sexes,16 to 24 years,Arithmétique,3 ou plus,50.0
2012,Québec,24,Les deux sexes,25 à 34 ans,Alphabétisme,3 ou plus,60.3
2012,Québec,24,Les deux sexes,25 à 34 ans,Arithmétique,3 ou plus,56.5
2012,Québec,24,Les deux sexes,35 à 44 ans,Alphabétisme,3 ou plus,55.3
2012,Québec,24,Les deux sexes,35 à 44 ans,Arithmétique,3 ou plus,50.7
2012,Québec,24,Les deux sexes,45 à 54 ans,Alphabétisme,3 ou plus,40.1
2012,Québec,24,Les deux sexes,45 à 54 ans,Arithmétique,3 ou plus,38.3
2012,Québec,24,Les deux sexes,55 to 65 years,Alphabétisme,3 ou plus,30.7
2012,Québec,24,Les deux sexes,55 to 65 years,Arithmétique,3 ou plus,27.8
2012,Québec,24,Hommes,Total age groups,Alphabétisme,3 ou plus,47.7
2012,Québec,24,Hommes,Total age groups,Arithmétique,3 ou plus,48.6
2012,Québec,24,Hommes,16 to 24 years,Alphabétisme,3 ou plus,47.7
2012,Québec,24,Hommes,16 to 24 years,Arithmétique,3 ou plus,49.5
2012,Québec,24,Hommes,25 à 34 ans,Alphabétisme,3 ou plus,59.5
2012,Québec,24,Hommes,25 à 34 ans,Arithmétique,3 ou plus,60.0
2012,Québec,24,Hommes,35 à 44 ans,Alphabétisme,3 ou plus,56.8
2012,Québec,24,Hommes,35 à 44 ans,Arithmétique,3 ou plus,55.7
2012,Québec,24,Hommes,45 à 54 ans,Alphabétisme,3 ou plus,42.8
2012,Québec,24,Hommes,45 à 54 ans,Arithmétique,3 ou plus,45.1
2012,Québec,24,Hommes,55 to 65 years,Alphabétisme,3 ou plus,33.6
2012,Québec,24,Hommes,55 to 65 years,Arithmétique,3 ou plus,34.5
2012,Québec,24,Femmes,Total age groups,Alphabétisme,3 ou plus,45.9
2012,Québec,24,Femmes,Total age groups,Arithmétique,3 ou plus,39.1
2012,Québec,24,Femmes,16 to 24 years,Alphabétisme,3 ou plus,55.1
2012,Québec,24,Femmes,16 to 24 years,Arithmétique,3 ou plus,50.5
2012,Québec,24,Femmes,25 à 34 ans,Alphabétisme,3 ou plus,61.3
2012,Québec,24,Femmes,25 à 34 ans,Arithmétique,3 ou plus,52.9
2012,Québec,24,Femmes,35 à 44 ans,Alphabétisme,3 ou plus,53.9
2012,Québec,24,Femmes,35 à 44 ans,Arithmétique,3 ou plus,45.5
2012,Québec,24,Femmes,45 à 54 ans,Alphabétisme,3 ou plus,37.3
2012,Québec,24,Femmes,45 à 54 ans,Arithmétique,3 ou plus,31.3
2012,Québec,24,Femmes,55 to 65 years,Alphabétisme,3 ou plus,28.0
2012,Québec,24,Femmes,55 to 65 years,Arithmétique,3 ou plus,21.3
2012,Ontario,35,Les deux sexes,Total age groups,Alphabétisme,3 ou plus,53.2
2012,Ontario,35,Les deux sexes,Total age groups,Arithmétique,3 ou plus,46.2
2012,Ontario,35,Les deux sexes,16 to 24 years,Alphabétisme,3 ou plus,55.8
2012,Ontario,35,Les deux sexes,16 to 24 years,Arithmétique,3 ou plus,46.7
2012,Ontario,35,Les deux sexes,25 à 34 ans,Alphabétisme,3 ou plus,58.9
2012,Ontario,35,Les deux sexes,25 à 34 ans,Arithmétique,3 ou plus,51.8
2012,Ontario,35,Les deux sexes,35 à 44 ans,Alphabétisme,3 ou plus,58.3
2012,Ontario,35,Les deux sexes,35 à 44 ans,Arithmétique,3 ou plus,51.3
2012,Ontario,35,Les deux sexes,45 à 54 ans,Alphabétisme,3 ou plus,50.1
2012,Ontario,35,Les deux sexes,45 à 54 ans,Arithmétique,3 ou plus,45.5
2012,Ontario,35,Les deux sexes,55 to 65 years,Alphabétisme,3 ou plus,43.5
2012,Ontario,35,Les deux sexes,55 to 65 years,Arithmétique,3 ou plus,35.5
2012,Ontario,35,Hommes,Total age groups,Alphabétisme,3 ou plus,54.3
2012,Ontario,35,Hommes,Total age groups,Arithmétique,3 ou plus,52.9
2012,Ontario,35,Hommes,16 to 24 years,Alphabétisme,3 ou plus,56.1
2012,Ontario,35,Hommes,16 to 24 years,Arithmétique,3 ou plus,52.5
2012,Ontario,35,Hommes,25 à 34 ans,Alphabétisme,3 ou plus,59.7
2012,Ontario,35,Hommes,25 à 34 ans,Arithmétique,3 ou plus,57.3
2012,Ontario,35,Hommes,35 à 44 ans,Alphabétisme,3 ou plus,60.0
2012,Ontario,35,Hommes,35 à 44 ans,Arithmétique,3 ou plus,60.1
2012,Ontario,35,Hommes,45 à 54 ans,Alphabétisme,3 ou plus,52.1
2012,Ontario,35,Hommes,45 à 54 ans,Arithmétique,3 ou plus,52.6
2012,Ontario,35,Hommes,55 to 65 years,Alphabétisme,3 ou plus,44.0
2012,Ontario,35,Hommes,55 to 65 years,Arithmétique,3 ou plus,42.1
2012,Ontario,35,Femmes,Total age groups,Alphabétisme,3 ou plus,52.1
2012,Ontario,35,Femmes,Total age groups,Arithmétique,3 ou plus,39.5
2012,Ontario,35,Femmes,16 to 24 years,Alphabétisme,3 ou plus,55.5
2012,Ontario,35,Femmes,16 to 24 years,Arithmétique,3 ou plus,40.8
2012,Ontario,35,Femmes,25 à 34 ans,Alphabétisme,3 ou plus,58.2
2012,Ontario,35,Femmes,25 à 34 ans,Arithmétique,3 ou plus,46.5
2012,Ontario,35,Femmes,35 à 44 ans,Alphabétisme,3 ou plus,56.7
2012,Ontario,35,Femmes,35 à 44 ans,Arithmétique,3 ou plus,42.8
2012,Ontario,35,Femmes,45 à 54 ans,Alphabétisme,3 ou plus,48.0
2012,Ontario,35,Femmes,45 à 54 ans,Arithmétique,3 ou plus,38.2
2012,Ontario,35,Femmes,55 to 65 years,Alphabétisme,3 ou plus,43.0
2012,Ontario,35,Femmes,55 to 65 years,Arithmétique,3 ou plus,29.2
2012,Manitoba,46,Les deux sexes,Total age groups,Alphabétisme,3 ou plus,51.7
2012,Manitoba,46,Les deux sexes,Total age groups,Arithmétique,3 ou plus,45.2
2012,Manitoba,46,Les deux sexes,16 to 24 years,Alphabétisme,3 ou plus,50.5
2012,Manitoba,46,Les deux sexes,16 to 24 years,Arithmétique,3 ou plus,44.9
2012,Manitoba,46,Les deux sexes,25 à 34 ans,Alphabétisme,3 ou plus,59.4
2012,Manitoba,46,Les deux sexes,25 à 34 ans,Arithmétique,3 ou plus,52.0
2012,Manitoba,46,Les deux sexes,35 à 44 ans,Alphabétisme,3 ou plus,55.0
2012,Manitoba,46,Les deux sexes,35 à 44 ans,Arithmétique,3 ou plus,50.3
2012,Manitoba,46,Les deux sexes,45 à 54 ans,Alphabétisme,3 ou plus,49.3
2012,Manitoba,46,Les deux sexes,45 à 54 ans,Arithmétique,3 ou plus,44.3
2012,Manitoba,46,Les deux sexes,55 to 65 years,Alphabétisme,3 ou plus,44.7
2012,Manitoba,46,Les deux sexes,55 to 65 years,Arithmétique,3 ou plus,35.0
2012,Manitoba,46,Hommes,Total age groups,Alphabétisme,3 ou plus,49.5
2012,Manitoba,46,Hommes,Total age groups,Arithmétique,3 ou plus,48.0
2012,Manitoba,46,Hommes,16 to 24 years,Alphabétisme,3 ou plus,49.1
2012,Manitoba,46,Hommes,16 to 24 years,Arithmétique,3 ou plus,48.7
2012,Manitoba,46,Hommes,25 à 34 ans,Alphabétisme,3 ou plus,51.2
2012,Manitoba,46,Hommes,25 à 34 ans,Arithmétique,3 ou plus,53.5
2012,Manitoba,46,Hommes,35 à 44 ans,Alphabétisme,3 ou plus,55.1
2012,Manitoba,46,Hommes,35 à 44 ans,Arithmétique,3 ou plus,54.0
2012,Manitoba,46,Hommes,45 à 54 ans,Alphabétisme,3 ou plus,45.9
2012,Manitoba,46,Hommes,45 à 54 ans,Arithmétique,3 ou plus,44.5
2012,Manitoba,46,Hommes,55 to 65 years,Alphabétisme,3 ou plus,46.9
2012,Manitoba,46,Hommes,55 to 65 years,Arithmétique,3 ou plus,39.8
2012,Manitoba,46,Femmes,Total age groups,Alphabétisme,3 ou plus,53.9
2012,Manitoba,46,Femmes,Total age groups,Arithmétique,3 ou plus,42.5
2012,Manitoba,46,Femmes,16 to 24 years,Alphabétisme,3 ou plus,51.9
2012,Manitoba,46,Femmes,16 to 24 years,Arithmétique,3 ou plus,40.9
2012,Manitoba,46,Femmes,25 à 34 ans,Alphabétisme,3 ou plus,67.7
2012,Manitoba,46,Femmes,25 à 34 ans,Arithmétique,3 ou plus,50.6
2012,Manitoba,46,Femmes,35 à 44 ans,Alphabétisme,3 ou plus,54.9
2012,Manitoba,46,Femmes,35 à 44 ans,Arithmétique,3 ou plus,46.6
2012,Manitoba,46,Femmes,45 à 54 ans,Alphabétisme,3 ou plus,52.6
2012,Manitoba,46,Femmes,45 à 54 ans,Arithmétique,3 ou plus,44.2
2012,Manitoba,46,Femmes,55 to 65 years,Alphabétisme,3 ou plus,42.5
2012,Manitoba,46,Femmes,55 to 65 years,Arithmétique,3 ou plus,30.3
2012,Saskatchewan,47,Les deux sexes,Total age groups,Alphabétisme,3 ou plus,50.1
2012,Saskatchewan,47,Les deux sexes,Total age groups,Arithmétique,3 ou plus,43.5
2012,Saskatchewan,47,Les deux sexes,16 to 24 years,Alphabétisme,3 ou plus,46.0
2012,Saskatchewan,47,Les deux sexes,16 to 24 years,Arithmétique,3 ou plus,38.0
2012,Saskatchewan,47,Les deux sexes,25 à 34 ans,Alphabétisme,3 ou plus,54.9
2012,Saskatchewan,47,Les deux sexes,25 à 34 ans,Arithmétique,3 ou plus,49.2
2012,Saskatchewan,47,Les deux sexes,35 à 44 ans,Alphabétisme,3 ou plus,56.7
2012,Saskatchewan,47,Les deux sexes,35 à 44 ans,Arithmétique,3 ou plus,52.7
2012,Saskatchewan,47,Les deux sexes,45 à 54 ans,Alphabétisme,3 ou plus,49.8
2012,Saskatchewan,47,Les deux sexes,45 à 54 ans,Arithmétique,3 ou plus,43.5
2012,Saskatchewan,47,Les deux sexes,55 to 65 years,Alphabétisme,3 ou plus,43.6
2012,Saskatchewan,47,Les deux sexes,55 to 65 years,Arithmétique,3 ou plus,34.5
2012,Saskatchewan,47,Hommes,Total age groups,Alphabétisme,3 ou plus,48.4
2012,Saskatchewan,47,Hommes,Total age groups,Arithmétique,3 ou plus,48.0
2012,Saskatchewan,47,Hommes,16 to 24 years,Alphabétisme,3 ou plus,44.8
2012,Saskatchewan,47,Hommes,16 to 24 years,Arithmétique,3 ou plus,42.7
2012,Saskatchewan,47,Hommes,25 à 34 ans,Alphabétisme,3 ou plus,52.8
2012,Saskatchewan,47,Hommes,25 à 34 ans,Arithmétique,3 ou plus,53.1
2012,Saskatchewan,47,Hommes,35 à 44 ans,Alphabétisme,3 ou plus,53.4
2012,Saskatchewan,47,Hommes,35 à 44 ans,Arithmétique,3 ou plus,58.1
2012,Saskatchewan,47,Hommes,45 à 54 ans,Alphabétisme,3 ou plus,49.9
2012,Saskatchewan,47,Hommes,45 à 54 ans,Arithmétique,3 ou plus,47.3
2012,Saskatchewan,47,Hommes,55 to 65 years,Alphabétisme,3 ou plus,41.1
2012,Saskatchewan,47,Hommes,55 to 65 years,Arithmétique,3 ou plus,39.5
2012,Saskatchewan,47,Femmes,Total age groups,Alphabétisme,3 ou plus,51.9
2012,Saskatchewan,47,Femmes,Total age groups,Arithmétique,3 ou plus,38.9
2012,Saskatchewan,47,Femmes,16 to 24 years,Alphabétisme,3 ou plus,47.4
2012,Saskatchewan,47,Femmes,16 to 24 years,Arithmétique,3 ou plus,33.0
2012,Saskatchewan,47,Femmes,25 à 34 ans,Alphabétisme,3 ou plus,57.1
2012,Saskatchewan,47,Femmes,25 à 34 ans,Arithmétique,3 ou plus,45.3
2012,Saskatchewan,47,Femmes,35 à 44 ans,Alphabétisme,3 ou plus,60.1
2012,Saskatchewan,47,Femmes,35 à 44 ans,Arithmétique,3 ou plus,47.3
2012,Saskatchewan,47,Femmes,45 à 54 ans,Alphabétisme,3 ou plus,49.6
2012,Saskatchewan,47,Femmes,45 à 54 ans,Arithmétique,3 ou plus,39.6
2012,Saskatchewan,47,Femmes,55 to 65 years,Alphabétisme,3 ou plus,45.9
2012,Saskatchewan,47,Femmes,55 to 65 years,Arithmétique,3 ou plus,29.5
2012,Alberta,48,Les deux sexes,Total age groups,Alphabétisme,3 ou plus,55.1
2012,Alberta,48,Les deux sexes,Total age groups,Arithmétique,3 ou plus,47.3
2012,Alberta,48,Les deux sexes,16 to 24 years,Alphabétisme,3 ou plus,55.3
2012,Alberta,48,Les deux sexes,16 to 24 years,Arithmétique,3 ou plus,46.6
2012,Alberta,48,Les deux sexes,25 à 34 ans,Alphabétisme,3 ou plus,63.5
2012,Alberta,48,Les deux sexes,25 à 34 ans,Arithmétique,3 ou plus,53.7
2012,Alberta,48,Les deux sexes,35 à 44 ans,Alphabétisme,3 ou plus,59.3
2012,Alberta,48,Les deux sexes,35 à 44 ans,Arithmétique,3 ou plus,49.9
2012,Alberta,48,Les deux sexes,45 à 54 ans,Alphabétisme,3 ou plus,51.7
2012,Alberta,48,Les deux sexes,45 à 54 ans,Arithmétique,3 ou plus,47.0
2012,Alberta,48,Les deux sexes,55 to 65 years,Alphabétisme,3 ou plus,43.1
2012,Alberta,48,Les deux sexes,55 to 65 years,Arithmétique,3 ou plus,37.1
2012,Alberta,48,Hommes,Total age groups,Alphabétisme,3 ou plus,56.6
2012,Alberta,48,Hommes,Total age groups,Arithmétique,3 ou plus,53.7
2012,Alberta,48,Hommes,16 to 24 years,Alphabétisme,3 ou plus,56.4
2012,Alberta,48,Hommes,16 to 24 years,Arithmétique,3 ou plus,50.9
2012,Alberta,48,Hommes,25 à 34 ans,Alphabétisme,3 ou plus,64.8
2012,Alberta,48,Hommes,25 à 34 ans,Arithmétique,3 ou plus,58.6
2012,Alberta,48,Hommes,35 à 44 ans,Alphabétisme,3 ou plus,58.2
2012,Alberta,48,Hommes,35 à 44 ans,Arithmétique,3 ou plus,53.3
2012,Alberta,48,Hommes,45 à 54 ans,Alphabétisme,3 ou plus,54.3
2012,Alberta,48,Hommes,45 à 54 ans,Arithmétique,3 ou plus,56.2
2012,Alberta,48,Hommes,55 to 65 years,Alphabétisme,3 ou plus,46.4
2012,Alberta,48,Hommes,55 to 65 years,Arithmétique,3 ou plus,47.2
2012,Alberta,48,Femmes,Total age groups,Alphabétisme,3 ou plus,53.5
2012,Alberta,48,Femmes,Total age groups,Arithmétique,3 ou plus,40.6
2012,Alberta,48,Femmes,16 to 24 years,Alphabétisme,3 ou plus,54.2
2012,Alberta,48,Femmes,16 to 24 years,Arithmétique,3 ou plus,41.9
2012,Alberta,48,Femmes,25 à 34 ans,Alphabétisme,3 ou plus,61.9
2012,Alberta,48,Femmes,25 à 34 ans,Arithmétique,3 ou plus,48.5
2012,Alberta,48,Femmes,35 à 44 ans,Alphabétisme,3 ou plus,60.5
2012,Alberta,48,Femmes,35 à 44 ans,Arithmétique,3 ou plus,46.3
2012,Alberta,48,Femmes,45 à 54 ans,Alphabétisme,3 ou plus,48.9
2012,Alberta,48,Femmes,45 à 54 ans,Arithmétique,3 ou plus,37.3
2012,Alberta,48,Femmes,55 to 65 years,Alphabétisme,3 ou plus,39.8
2012,Alberta,48,Femmes,55 to 65 years,Arithmétique,3 ou plus,26.9
2012,Colombie-Britannique,59,Les deux sexes,Total age groups,Alphabétisme,3 ou plus,54.1
2012,Colombie-Britannique,59,Les deux sexes,Total age groups,Arithmétique,3 ou plus,47.7
2012,Colombie-Britannique,59,Les deux sexes,16 to 24 years,Alphabétisme,3 ou plus,56.8
2012,Colombie-Britannique,59,Les deux sexes,16 to 24 years,Arithmétique,3 ou plus,47.7
2012,Colombie-Britannique,59,Les deux sexes,25 à 34 ans,Alphabétisme,3 ou plus,60.9
2012,Colombie-Britannique,59,Les deux sexes,25 à 34 ans,Arithmétique,3 ou plus,54.8
2012,Colombie-Britannique,59,Les deux sexes,35 à 44 ans,Alphabétisme,3 ou plus,59.3
2012,Colombie-Britannique,59,Les deux sexes,35 à 44 ans,Arithmétique,3 ou plus,53.7
2012,Colombie-Britannique,59,Les deux sexes,45 à 54 ans,Alphabétisme,3 ou plus,47.8
2012,Colombie-Britannique,59,Les deux sexes,45 à 54 ans,Arithmétique,3 ou plus,40.0
2012,Colombie-Britannique,59,Les deux sexes,55 to 65 years,Alphabétisme,3 ou plus,47.8
2012,Colombie-Britannique,59,Les deux sexes,55 to 65 years,Arithmétique,3 ou plus,43.8
2012,Colombie-Britannique,59,Hommes,Total age groups,Alphabétisme,3 ou plus,55.8
2012,Colombie-Britannique,59,Hommes,Total age groups,Arithmétique,3 ou plus,53.0
2012,Colombie-Britannique,59,Hommes,16 to 24 years,Alphabétisme,3 ou plus,55.9
2012,Colombie-Britannique,59,Hommes,16 to 24 years,Arithmétique,3 ou plus,49.8
2012,Colombie-Britannique,59,Hommes,25 à 34 ans,Alphabétisme,3 ou plus,57.8
2012,Colombie-Britannique,59,Hommes,25 à 34 ans,Arithmétique,3 ou plus,56.4
2012,Colombie-Britannique,59,Hommes,35 à 44 ans,Alphabétisme,3 ou plus,55.9
2012,Colombie-Britannique,59,Hommes,35 à 44 ans,Arithmétique,3 ou plus,56.4
2012,Colombie-Britannique,59,Hommes,45 à 54 ans,Alphabétisme,3 ou plus,54.1
2012,Colombie-Britannique,59,Hommes,45 à 54 ans,Arithmétique,3 ou plus,47.6
2012,Colombie-Britannique,59,Hommes,55 to 65 years,Alphabétisme,3 ou plus,55.6
2012,Colombie-Britannique,59,Hommes,55 to 65 years,Arithmétique,3 ou plus,55.4
2012,Colombie-Britannique,59,Femmes,Total age groups,Alphabétisme,3 ou plus,52.5
2012,Colombie-Britannique,59,Femmes,Total age groups,Arithmétique,3 ou plus,42.3
2012,Colombie-Britannique,59,Femmes,16 to 24 years,Alphabétisme,3 ou plus,57.6
2012,Colombie-Britannique,59,Femmes,16 to 24 years,Arithmétique,3 ou plus,45.5
2012,Colombie-Britannique,59,Femmes,25 à 34 ans,Alphabétisme,3 ou plus,64.1
2012,Colombie-Britannique,59,Femmes,25 à 34 ans,Arithmétique,3 ou plus,53.1
2012,Colombie-Britannique,59,Femmes,35 à 44 ans,Alphabétisme,3 ou plus,62.6
2012,Colombie-Britannique,59,Femmes,35 à 44 ans,Arithmétique,3 ou plus,51.0
2012,Colombie-Britannique,59,Femmes,45 à 54 ans,Alphabétisme,3 ou plus,41.7
2012,Colombie-Britannique,59,Femmes,45 à 54 ans,Arithmétique,3 ou plus,32.6
2012,Colombie-Britannique,59,Femmes,55 to 65 years,Alphabétisme,3 ou plus,40.2
2012,Colombie-Britannique,59,Femmes,55 to 65 years,Arithmétique,3 ou plus,32.6
2012,Yukon,60,Les deux sexes,Total age groups,Alphabétisme,3 ou plus,55.7
2012,Yukon,60,Les deux sexes,Total age groups,Arithmétique,3 ou plus,44.2
2012,Yukon,60,Les deux sexes,16 to 24 years,Alphabétisme,3 ou plus,42.4
2012,Yukon,60,Les deux sexes,16 to 24 years,Arithmétique,3 ou plus,35.1
2012,Yukon,60,Les deux sexes,25 à 34 ans,Alphabétisme,3 ou plus,56.4
2012,Yukon,60,Les deux sexes,25 à 34 ans,Arithmétique,3 ou plus,38.0
2012,Yukon,60,Les deux sexes,35 à 44 ans,Alphabétisme,3 ou plus,57.9
2012,Yukon,60,Les deux sexes,35 à 44 ans,Arithmétique,3 ou plus,50.4
2012,Yukon,60,Les deux sexes,45 à 54 ans,Alphabétisme,3 ou plus,64.3
2012,Yukon,60,Les deux sexes,45 à 54 ans,Arithmétique,3 ou plus,51.6
2012,Yukon,60,Les deux sexes,55 to 65 years,Alphabétisme,3 ou plus,53.0
2012,Yukon,60,Les deux sexes,55 to 65 years,Arithmétique,3 ou plus,42.1
2012,Yukon,60,Hommes,Total age groups,Alphabétisme,3 ou plus,55.0
2012,Yukon,60,Hommes,Total age groups,Arithmétique,3 ou plus,48.2
2012,Yukon,60,Hommes,16 to 24 years,Alphabétisme,3 ou plus,51.7
2012,Yukon,60,Hommes,16 to 24 years,Arithmétique,3 ou plus,41.4
2012,Yukon,60,Hommes,25 à 34 ans,Alphabétisme,3 ou plus,46.2
2012,Yukon,60,Hommes,25 à 34 ans,Arithmétique,3 ou plus,34.2
2012,Yukon,60,Hommes,35 à 44 ans,Alphabétisme,3 ou plus,61.7
2012,Yukon,60,Hommes,35 à 44 ans,Arithmétique,3 ou plus,58.2
2012,Yukon,60,Hommes,45 à 54 ans,Alphabétisme,3 ou plus,61.9
2012,Yukon,60,Hommes,45 à 54 ans,Arithmétique,3 ou plus,58.7
2012,Yukon,60,Hommes,55 to 65 years,Alphabétisme,3 ou plus,51.6
2012,Yukon,60,Hommes,55 to 65 years,Arithmétique,3 ou plus,45.0
2012,Yukon,60,Femmes,Total age groups,Alphabétisme,3 ou plus,56.3
2012,Yukon,60,Femmes,Total age groups,Arithmétique,3 ou plus,40.2
2012,Yukon,60,Femmes,16 to 24 years,Alphabétisme,3 ou plus,32.6
2012,Yukon,60,Femmes,16 to 24 years,Arithmétique,3 ou plus,28.5
2012,Yukon,60,Femmes,25 à 34 ans,Alphabétisme,3 ou plus,66.7
2012,Yukon,60,Femmes,25 à 34 ans,Arithmétique,3 ou plus,41.8
2012,Yukon,60,Femmes,35 à 44 ans,Alphabétisme,3 ou plus,54.7
2012,Yukon,60,Femmes,35 à 44 ans,Arithmétique,3 ou plus,43.7
2012,Yukon,60,Femmes,45 à 54 ans,Alphabétisme,3 ou plus,66.7
2012,Yukon,60,Femmes,45 à 54 ans,Arithmétique,3 ou plus,44.4
2012,Yukon,60,Femmes,55 to 65 years,Alphabétisme,3 ou plus,54.6
2012,Yukon,60,Femmes,55 to 65 years,Arithmétique,3 ou plus,38.9
2012,Territoires du Nord-Ouest,61,Les deux sexes,Total age groups,Alphabétisme,3 ou plus,36.1
2012,Territoires du Nord-Ouest,61,Les deux sexes,Total age groups,Arithmétique,3 ou plus,30.3
2012,Territoires du Nord-Ouest,61,Les deux sexes,16 to 24 years,Alphabétisme,3 ou plus,31.5
2012,Territoires du Nord-Ouest,61,Les deux sexes,16 to 24 years,Arithmétique,3 ou plus,26.8
2012,Territoires du Nord-Ouest,61,Les deux sexes,25 à 34 ans,Alphabétisme,3 ou plus,45.3
2012,Territoires du Nord-Ouest,61,Les deux sexes,25 à 34 ans,Arithmétique,3 ou plus,37.8
2012,Territoires du Nord-Ouest,61,Les deux sexes,35 à 44 ans,Alphabétisme,3 ou plus,42.3
2012,Territoires du Nord-Ouest,61,Les deux sexes,35 à 44 ans,Arithmétique,3 ou plus,34.2
2012,Territoires du Nord-Ouest,61,Les deux sexes,45 à 54 ans,Alphabétisme,3 ou plus,29.0
2012,Territoires du Nord-Ouest,61,Les deux sexes,45 à 54 ans,Arithmétique,3 ou plus,24.1
2012,Territoires du Nord-Ouest,61,Les deux sexes,55 to 65 years,Alphabétisme,3 ou plus,30.0
2012,Territoires du Nord-Ouest,61,Les deux sexes,55 to 65 years,Arithmétique,3 ou plus,26.5
2012,Territoires du Nord-Ouest,61,Hommes,Total age groups,Alphabétisme,3 ou plus,37.0
2012,Territoires du Nord-Ouest,61,Hommes,Total age groups,Arithmétique,3 ou plus,33.9
2012,Territoires du Nord-Ouest,61,Hommes,16 to 24 years,Alphabétisme,3 ou plus,31.0
2012,Territoires du Nord-Ouest,61,Hommes,16 to 24 years,Arithmétique,3 ou plus,29.8
2012,Territoires du Nord-Ouest,61,Hommes,25 à 34 ans,Alphabétisme,3 ou plus,44.3
2012,Territoires du Nord-Ouest,61,Hommes,25 à 34 ans,Arithmétique,3 ou plus,40.0
2012,Territoires du Nord-Ouest,61,Hommes,35 à 44 ans,Alphabétisme,3 ou plus,46.1
2012,Territoires du Nord-Ouest,61,Hommes,35 à 44 ans,Arithmétique,3 ou plus,39.3
2012,Territoires du Nord-Ouest,61,Hommes,45 à 54 ans,Alphabétisme,3 ou plus,31.6
2012,Territoires du Nord-Ouest,61,Hommes,45 à 54 ans,Arithmétique,3 ou plus,28.9
2012,Territoires du Nord-Ouest,61,Hommes,55 to 65 years,Alphabétisme,3 ou plus,30.3
2012,Territoires du Nord-Ouest,61,Hommes,55 to 65 years,Arithmétique,3 ou plus,30.5
2012,Territoires du Nord-Ouest,61,Femmes,Total age groups,Alphabétisme,3 ou plus,35.3
2012,Territoires du Nord-Ouest,61,Femmes,Total age groups,Arithmétique,3 ou plus,26.4
2012,Territoires du Nord-Ouest,61,Femmes,16 to 24 years,Alphabétisme,3 ou plus,32.0
2012,Territoires du Nord-Ouest,61,Femmes,16 to 24 years,Arithmétique,3 ou plus,23.4
2012,Territoires du Nord-Ouest,61,Femmes,25 à 34 ans,Alphabétisme,3 ou plus,46.3
2012,Territoires du Nord-Ouest,61,Femmes,25 à 34 ans,Arithmétique,3 ou plus,35.8
2012,Territoires du Nord-Ouest,61,Femmes,35 à 44 ans,Alphabétisme,3 ou plus,38.0
2012,Territoires du Nord-Ouest,61,Femmes,35 à 44 ans,Arithmétique,3 ou plus,28.3
2012,Territoires du Nord-Ouest,61,Femmes,45 à 54 ans,Alphabétisme,3 ou plus,26.4
2012,Territoires du Nord-Ouest,61,Femmes,45 à 54 ans,Arithmétique,3 ou plus,19.5
2012,Territoires du Nord-Ouest,61,Femmes,55 to 65 years,Alphabétisme,3 ou plus,29.7
2012,Territoires du Nord-Ouest,61,Femmes,55 to 65 years,Arithmétique,3 ou plus,21.5
2012,Nunavut,62,Les deux sexes,Total age groups,Alphabétisme,3 ou plus,16.9
2012,Nunavut,62,Les deux sexes,Total age groups,Arithmétique,3 ou plus,12.7
2012,Nunavut,62,Les deux sexes,16 to 24 years,Alphabétisme,3 ou plus,9.3
2012,Nunavut,62,Les deux sexes,16 to 24 years,Arithmétique,3 ou plus,6.8
2012,Nunavut,62,Les deux sexes,25 à 34 ans,Alphabétisme,3 ou plus,20.9
2012,Nunavut,62,Les deux sexes,25 à 34 ans,Arithmétique,3 ou plus,15.6
2012,Nunavut,62,Les deux sexes,35 à 44 ans,Alphabétisme,3 ou plus,19.8
2012,Nunavut,62,Les deux sexes,35 à 44 ans,Arithmétique,3 ou plus,15.7
2012,Nunavut,62,Les deux sexes,45 à 54 ans,Alphabétisme,3 ou plus,18.1
2012,Nunavut,62,Les deux sexes,45 à 54 ans,Arithmétique,3 ou plus,12.9
2012,Nunavut,62,Les deux sexes,55 to 65 years,Alphabétisme,3 ou plus,18.3
2012,Nunavut,62,Les deux sexes,55 to 65 years,Arithmétique,3 ou plus,14.5
2012,Nunavut,62,Hommes,Total age groups,Alphabétisme,3 ou plus,16.9
2012,Nunavut,62,Hommes,Total age groups,Arithmétique,3 ou plus,15.3
2012,Nunavut,62,Hommes,16 to 24 years,Alphabétisme,3 ou plus,8.9
2012,Nunavut,62,Hommes,16 to 24 years,Arithmétique,3 ou plus,8.5
2012,Nunavut,62,Hommes,25 à 34 ans,Alphabétisme,3 ou plus,22.7
2012,Nunavut,62,Hommes,25 à 34 ans,Arithmétique,3 ou plus,20.8
2012,Nunavut,62,Hommes,35 à 44 ans,Alphabétisme,3 ou plus,18.9
2012,Nunavut,62,Hommes,35 à 44 ans,Arithmétique,3 ou plus,18.5
2012,Nunavut,62,Hommes,45 à 54 ans,Alphabétisme,3 ou plus,16.0
2012,Nunavut,62,Hommes,45 à 54 ans,Arithmétique,3 ou plus,13.6
2012,Nunavut,62,Hommes,55 to 65 years,Alphabétisme,3 ou plus,21.6
2012,Nunavut,62,Hommes,55 to 65 years,Arithmétique,3 ou plus,17.4
2012,Nunavut,62,Femmes,Total age groups,Alphabétisme,3 ou plus,16.8
2012,Nunavut,62,Femmes,Total age groups,Arithmétique,3 ou plus,10.0
2012,Nunavut,62,Femmes,16 to 24 years,Alphabétisme,3 ou plus,9.8
2012,Nunavut,62,Femmes,16 to 24 years,Arithmétique,3 ou plus,
2012,Nunavut,62,Femmes,25 à 34 ans,Alphabétisme,3 ou plus,19.2
2012,Nunavut,62,Femmes,25 à 34 ans,Arithmétique,3 ou plus,10.5
2012,Nunavut,62,Femmes,35 à 44 ans,Alphabétisme,3 ou plus,20.6
2012,Nunavut,62,Femmes,35 à 44 ans,Arithmétique,3 ou plus,13.0
2012,Nunavut,62,Femmes,45 à 54 ans,Alphabétisme,3 ou plus,20.5
2012,Nunavut,62,Femmes,45 à 54 ans,Arithmétique,3 ou plus,12.0
2012,Nunavut,62,Femmes,55 to 65 years,Alphabétisme,3 ou plus,14.8
2012,Nunavut,62,Femmes,55 to 65 years,Arithmétique,3 ou plus,11.4
