Year,Activity related to digital skills,Age group,Level of education,Value
2018,Copied or moved files or folders digitally,"Total, Internet users aged 15 years and over","Total, highest certificate, diploma or degree completed",66.2
2018,Copied or moved files or folders digitally,"Total, Internet users aged 15 years and over",High school or less,52.7
2018,Copied or moved files or folders digitally,"Total, Internet users aged 15 years and over","College, trade school or some university",63.8
2018,Copied or moved files or folders digitally,"Total, Internet users aged 15 years and over",Bachelors degree or higher,81.2
2018,Copied or moved files or folders digitally,Internet users aged 15 to 24 years,"Total, highest certificate, diploma or degree completed",76.1
2018,Copied or moved files or folders digitally,Internet users aged 15 to 24 years,High school or less,72.5
2018,Copied or moved files or folders digitally,Internet users aged 15 to 24 years,"College, trade school or some university",82.2
2018,Copied or moved files or folders digitally,Internet users aged 15 to 24 years,Bachelors degree or higher,84.4
2018,Copied or moved files or folders digitally,Internet users aged 25 to 44 years,"Total, highest certificate, diploma or degree completed",78.0
2018,Copied or moved files or folders digitally,Internet users aged 25 to 44 years,High school or less,59.1
2018,Copied or moved files or folders digitally,Internet users aged 25 to 44 years,"College, trade school or some university",75.4
2018,Copied or moved files or folders digitally,Internet users aged 25 to 44 years,Bachelors degree or higher,88.6
2018,Copied or moved files or folders digitally,Internet users aged 45 to 64 years,"Total, highest certificate, diploma or degree completed",61.4
2018,Copied or moved files or folders digitally,Internet users aged 45 to 64 years,High school or less,41.8
2018,Copied or moved files or folders digitally,Internet users aged 45 to 64 years,"College, trade school or some university",58.8
2018,Copied or moved files or folders digitally,Internet users aged 45 to 64 years,Bachelors degree or higher,79.7
2018,Copied or moved files or folders digitally,Internet users aged 65 years and over,"Total, highest certificate, diploma or degree completed",41.2
2018,Copied or moved files or folders digitally,Internet users aged 65 years and over,High school or less,27.2
2018,Copied or moved files or folders digitally,Internet users aged 65 years and over,"College, trade school or some university",40.5
2018,Copied or moved files or folders digitally,Internet users aged 65 years and over,Bachelors degree or higher,59.3
2018,Used word processing software,"Total, Internet users aged 15 years and over","Total, highest certificate, diploma or degree completed",69.0
2018,Used word processing software,"Total, Internet users aged 15 years and over",High school or less,54.4
2018,Used word processing software,"Total, Internet users aged 15 years and over","College, trade school or some university",65.7
2018,Used word processing software,"Total, Internet users aged 15 years and over",Bachelors degree or higher,86.0
2018,Used word processing software,Internet users aged 15 to 24 years,"Total, highest certificate, diploma or degree completed",84.3
2018,Used word processing software,Internet users aged 15 to 24 years,High school or less,82.7
2018,Used word processing software,Internet users aged 15 to 24 years,"College, trade school or some university",84.7
2018,Used word processing software,Internet users aged 15 to 24 years,Bachelors degree or higher,93.6
2018,Used word processing software,Internet users aged 25 to 44 years,"Total, highest certificate, diploma or degree completed",80.8
2018,Used word processing software,Internet users aged 25 to 44 years,High school or less,59.7
2018,Used word processing software,Internet users aged 25 to 44 years,"College, trade school or some university",78.5
2018,Used word processing software,Internet users aged 25 to 44 years,Bachelors degree or higher,91.8
2018,Used word processing software,Internet users aged 45 to 64 years,"Total, highest certificate, diploma or degree completed",61.8
2018,Used word processing software,Internet users aged 45 to 64 years,High school or less,36.4
2018,Used word processing software,Internet users aged 45 to 64 years,"College, trade school or some university",58.7
2018,Used word processing software,Internet users aged 45 to 64 years,Bachelors degree or higher,85.2
2018,Used word processing software,Internet users aged 65 years and over,"Total, highest certificate, diploma or degree completed",43.7
2018,Used word processing software,Internet users aged 65 years and over,High school or less,25.9
2018,Used word processing software,Internet users aged 65 years and over,"College, trade school or some university",44.1
2018,Used word processing software,Internet users aged 65 years and over,Bachelors degree or higher,65.6
2018,"Created presentations, or documents with text and pictures, tables or charts","Total, Internet users aged 15 years and over","Total, highest certificate, diploma or degree completed",44.3
2018,"Created presentations, or documents with text and pictures, tables or charts","Total, Internet users aged 15 years and over",High school or less,37.3
2018,"Created presentations, or documents with text and pictures, tables or charts","Total, Internet users aged 15 years and over","College, trade school or some university",34.5
2018,"Created presentations, or documents with text and pictures, tables or charts","Total, Internet users aged 15 years and over",Bachelors degree or higher,60.0
2018,"Created presentations, or documents with text and pictures, tables or charts",Internet users aged 15 to 24 years,"Total, highest certificate, diploma or degree completed",74.2
2018,"Created presentations, or documents with text and pictures, tables or charts",Internet users aged 15 to 24 years,High school or less,76.4
2018,"Created presentations, or documents with text and pictures, tables or charts",Internet users aged 15 to 24 years,"College, trade school or some university",60.4
2018,"Created presentations, or documents with text and pictures, tables or charts",Internet users aged 15 to 24 years,Bachelors degree or higher,79.3
2018,"Created presentations, or documents with text and pictures, tables or charts",Internet users aged 25 to 44 years,"Total, highest certificate, diploma or degree completed",54.6
2018,"Created presentations, or documents with text and pictures, tables or charts",Internet users aged 25 to 44 years,High school or less,31.6
2018,"Created presentations, or documents with text and pictures, tables or charts",Internet users aged 25 to 44 years,"College, trade school or some university",45.4
2018,"Created presentations, or documents with text and pictures, tables or charts",Internet users aged 25 to 44 years,Bachelors degree or higher,71.7
2018,"Created presentations, or documents with text and pictures, tables or charts",Internet users aged 45 to 64 years,"Total, highest certificate, diploma or degree completed",34.6
2018,"Created presentations, or documents with text and pictures, tables or charts",Internet users aged 45 to 64 years,High school or less,15.7
2018,"Created presentations, or documents with text and pictures, tables or charts",Internet users aged 45 to 64 years,"College, trade school or some university",28.7
2018,"Created presentations, or documents with text and pictures, tables or charts",Internet users aged 45 to 64 years,Bachelors degree or higher,55.1
2018,"Created presentations, or documents with text and pictures, tables or charts",Internet users aged 65 years and over,"Total, highest certificate, diploma or degree completed",14.2
2018,"Created presentations, or documents with text and pictures, tables or charts",Internet users aged 65 years and over,High school or less,6.6
2018,"Created presentations, or documents with text and pictures, tables or charts",Internet users aged 65 years and over,"College, trade school or some university",11.1
2018,"Created presentations, or documents with text and pictures, tables or charts",Internet users aged 65 years and over,Bachelors degree or higher,26.2
2018,Used spreadsheet software basic functions,"Total, Internet users aged 15 years and over","Total, highest certificate, diploma or degree completed",53.0
2018,Used spreadsheet software basic functions,"Total, Internet users aged 15 years and over",High school or less,38.6
2018,Used spreadsheet software basic functions,"Total, Internet users aged 15 years and over","College, trade school or some university",49.5
2018,Used spreadsheet software basic functions,"Total, Internet users aged 15 years and over",Bachelors degree or higher,69.9
2018,Used spreadsheet software basic functions,Internet users aged 15 to 24 years,"Total, highest certificate, diploma or degree completed",62.2
2018,Used spreadsheet software basic functions,Internet users aged 15 to 24 years,High school or less,59.1
2018,Used spreadsheet software basic functions,Internet users aged 15 to 24 years,"College, trade school or some university",57.5
2018,Used spreadsheet software basic functions,Internet users aged 15 to 24 years,Bachelors degree or higher,85.2
2018,Used spreadsheet software basic functions,Internet users aged 25 to 44 years,"Total, highest certificate, diploma or degree completed",65.7
2018,Used spreadsheet software basic functions,Internet users aged 25 to 44 years,High school or less,42.2
2018,Used spreadsheet software basic functions,Internet users aged 25 to 44 years,"College, trade school or some university",61.4
2018,Used spreadsheet software basic functions,Internet users aged 25 to 44 years,Bachelors degree or higher,79.3
2018,Used spreadsheet software basic functions,Internet users aged 45 to 64 years,"Total, highest certificate, diploma or degree completed",48.5
2018,Used spreadsheet software basic functions,Internet users aged 45 to 64 years,High school or less,26.7
2018,Used spreadsheet software basic functions,Internet users aged 45 to 64 years,"College, trade school or some university",46.8
2018,Used spreadsheet software basic functions,Internet users aged 45 to 64 years,Bachelors degree or higher,67.2
2018,Used spreadsheet software basic functions,Internet users aged 65 years and over,"Total, highest certificate, diploma or degree completed",26.2
2018,Used spreadsheet software basic functions,Internet users aged 65 years and over,High school or less,16.5
2018,Used spreadsheet software basic functions,Internet users aged 65 years and over,"College, trade school or some university",25.2
2018,Used spreadsheet software basic functions,Internet users aged 65 years and over,Bachelors degree or higher,39.3
2018,Used spreadsheet software advanced functions to organize and analyze data,"Total, Internet users aged 15 years and over","Total, highest certificate, diploma or degree completed",21.5
2018,Used spreadsheet software advanced functions to organize and analyze data,"Total, Internet users aged 15 years and over",High school or less,13.3
2018,Used spreadsheet software advanced functions to organize and analyze data,"Total, Internet users aged 15 years and over","College, trade school or some university",18.2
2018,Used spreadsheet software advanced functions to organize and analyze data,"Total, Internet users aged 15 years and over",Bachelors degree or higher,32.1
2018,Used spreadsheet software advanced functions to organize and analyze data,Internet users aged 15 to 24 years,"Total, highest certificate, diploma or degree completed",26.1
2018,Used spreadsheet software advanced functions to organize and analyze data,Internet users aged 15 to 24 years,High school or less,23.0
2018,Used spreadsheet software advanced functions to organize and analyze data,Internet users aged 15 to 24 years,"College, trade school or some university",26.7
2018,Used spreadsheet software advanced functions to organize and analyze data,Internet users aged 15 to 24 years,Bachelors degree or higher,41.9
2018,Used spreadsheet software advanced functions to organize and analyze data,Internet users aged 25 to 44 years,"Total, highest certificate, diploma or degree completed",29.7
2018,Used spreadsheet software advanced functions to organize and analyze data,Internet users aged 25 to 44 years,High school or less,15.1
2018,Used spreadsheet software advanced functions to organize and analyze data,Internet users aged 25 to 44 years,"College, trade school or some university",23.5
2018,Used spreadsheet software advanced functions to organize and analyze data,Internet users aged 25 to 44 years,Bachelors degree or higher,40.8
2018,Used spreadsheet software advanced functions to organize and analyze data,Internet users aged 45 to 64 years,"Total, highest certificate, diploma or degree completed",18.3
2018,Used spreadsheet software advanced functions to organize and analyze data,Internet users aged 45 to 64 years,High school or less,8.1
2018,Used spreadsheet software advanced functions to organize and analyze data,Internet users aged 45 to 64 years,"College, trade school or some university",16.9
2018,Used spreadsheet software advanced functions to organize and analyze data,Internet users aged 45 to 64 years,Bachelors degree or higher,27.8
2018,Used spreadsheet software advanced functions to organize and analyze data,Internet users aged 65 years and over,"Total, highest certificate, diploma or degree completed",5.8
2018,Used spreadsheet software advanced functions to organize and analyze data,Internet users aged 65 years and over,High school or less,2.3
2018,Used spreadsheet software advanced functions to organize and analyze data,Internet users aged 65 years and over,"College, trade school or some university",5.5
2018,Used spreadsheet software advanced functions to organize and analyze data,Internet users aged 65 years and over,Bachelors degree or higher,10.2
2018,"Used software to edit photos, video or audio files","Total, Internet users aged 15 years and over","Total, highest certificate, diploma or degree completed",39.7
2018,"Used software to edit photos, video or audio files","Total, Internet users aged 15 years and over",High school or less,33.7
2018,"Used software to edit photos, video or audio files","Total, Internet users aged 15 years and over","College, trade school or some university",36.6
2018,"Used software to edit photos, video or audio files","Total, Internet users aged 15 years and over",Bachelors degree or higher,48.1
2018,"Used software to edit photos, video or audio files",Internet users aged 15 to 24 years,"Total, highest certificate, diploma or degree completed",52.0
2018,"Used software to edit photos, video or audio files",Internet users aged 15 to 24 years,High school or less,54.3
2018,"Used software to edit photos, video or audio files",Internet users aged 15 to 24 years,"College, trade school or some university",44.3
2018,"Used software to edit photos, video or audio files",Internet users aged 15 to 24 years,Bachelors degree or higher,49.3
2018,"Used software to edit photos, video or audio files",Internet users aged 25 to 44 years,"Total, highest certificate, diploma or degree completed",49.6
2018,"Used software to edit photos, video or audio files",Internet users aged 25 to 44 years,High school or less,41.4
2018,"Used software to edit photos, video or audio files",Internet users aged 25 to 44 years,"College, trade school or some university",46.5
2018,"Used software to edit photos, video or audio files",Internet users aged 25 to 44 years,Bachelors degree or higher,55.6
2018,"Used software to edit photos, video or audio files",Internet users aged 45 to 64 years,"Total, highest certificate, diploma or degree completed",32.7
2018,"Used software to edit photos, video or audio files",Internet users aged 45 to 64 years,High school or less,19.3
2018,"Used software to edit photos, video or audio files",Internet users aged 45 to 64 years,"College, trade school or some university",32.0
2018,"Used software to edit photos, video or audio files",Internet users aged 45 to 64 years,Bachelors degree or higher,43.9
2018,"Used software to edit photos, video or audio files",Internet users aged 65 years and over,"Total, highest certificate, diploma or degree completed",21.0
2018,"Used software to edit photos, video or audio files",Internet users aged 65 years and over,High school or less,10.6
2018,"Used software to edit photos, video or audio files",Internet users aged 65 years and over,"College, trade school or some university",21.4
2018,"Used software to edit photos, video or audio files",Internet users aged 65 years and over,Bachelors degree or higher,33.6
2018,Written code in a programming language,"Total, Internet users aged 15 years and over","Total, highest certificate, diploma or degree completed",10.3
2018,Written code in a programming language,"Total, Internet users aged 15 years and over",High school or less,9.8
2018,Written code in a programming language,"Total, Internet users aged 15 years and over","College, trade school or some university",7.2
2018,Written code in a programming language,"Total, Internet users aged 15 years and over",Bachelors degree or higher,14.0
2018,Written code in a programming language,Internet users aged 15 to 24 years,"Total, highest certificate, diploma or degree completed",22.1
2018,Written code in a programming language,Internet users aged 15 to 24 years,High school or less,21.2
2018,Written code in a programming language,Internet users aged 15 to 24 years,"College, trade school or some university",18.4
2018,Written code in a programming language,Internet users aged 15 to 24 years,Bachelors degree or higher,35.5
2018,Written code in a programming language,Internet users aged 25 to 44 years,"Total, highest certificate, diploma or degree completed",13.7
2018,Written code in a programming language,Internet users aged 25 to 44 years,High school or less,9.4
2018,Written code in a programming language,Internet users aged 25 to 44 years,"College, trade school or some university",9.4
2018,Written code in a programming language,Internet users aged 25 to 44 years,Bachelors degree or higher,19.0
2018,Written code in a programming language,Internet users aged 45 to 64 years,"Total, highest certificate, diploma or degree completed",5.8
2018,Written code in a programming language,Internet users aged 45 to 64 years,High school or less,3.1
2018,Written code in a programming language,Internet users aged 45 to 64 years,"College, trade school or some university",5.1
2018,Written code in a programming language,Internet users aged 45 to 64 years,Bachelors degree or higher,8.8
2018,Written code in a programming language,Internet users aged 65 years and over,"Total, highest certificate, diploma or degree completed",1.4
2018,Written code in a programming language,Internet users aged 65 years and over,High school or less,
2018,Written code in a programming language,Internet users aged 65 years and over,"College, trade school or some university",
2018,Written code in a programming language,Internet users aged 65 years and over,Bachelors degree or higher,
2018,Uploaded files or photos to an online data storage space,"Total, Internet users aged 15 years and over","Total, highest certificate, diploma or degree completed",49.1
2018,Uploaded files or photos to an online data storage space,"Total, Internet users aged 15 years and over",High school or less,40.0
2018,Uploaded files or photos to an online data storage space,"Total, Internet users aged 15 years and over","College, trade school or some university",44.3
2018,Uploaded files or photos to an online data storage space,"Total, Internet users aged 15 years and over",Bachelors degree or higher,62.2
2018,Uploaded files or photos to an online data storage space,Internet users aged 15 to 24 years,"Total, highest certificate, diploma or degree completed",65.0
2018,Uploaded files or photos to an online data storage space,Internet users aged 15 to 24 years,High school or less,63.5
2018,Uploaded files or photos to an online data storage space,Internet users aged 15 to 24 years,"College, trade school or some university",55.8
2018,Uploaded files or photos to an online data storage space,Internet users aged 15 to 24 years,Bachelors degree or higher,83.8
2018,Uploaded files or photos to an online data storage space,Internet users aged 25 to 44 years,"Total, highest certificate, diploma or degree completed",62.8
2018,Uploaded files or photos to an online data storage space,Internet users aged 25 to 44 years,High school or less,45.8
2018,Uploaded files or photos to an online data storage space,Internet users aged 25 to 44 years,"College, trade school or some university",58.0
2018,Uploaded files or photos to an online data storage space,Internet users aged 25 to 44 years,Bachelors degree or higher,74.3
2018,Uploaded files or photos to an online data storage space,Internet users aged 45 to 64 years,"Total, highest certificate, diploma or degree completed",40.3
2018,Uploaded files or photos to an online data storage space,Internet users aged 45 to 64 years,High school or less,26.4
2018,Uploaded files or photos to an online data storage space,Internet users aged 45 to 64 years,"College, trade school or some university",38.1
2018,Uploaded files or photos to an online data storage space,Internet users aged 45 to 64 years,Bachelors degree or higher,53.5
2018,Uploaded files or photos to an online data storage space,Internet users aged 65 years and over,"Total, highest certificate, diploma or degree completed",22.5
2018,Uploaded files or photos to an online data storage space,Internet users aged 65 years and over,High school or less,12.5
2018,Uploaded files or photos to an online data storage space,Internet users aged 65 years and over,"College, trade school or some university",22.4
2018,Uploaded files or photos to an online data storage space,Internet users aged 65 years and over,Bachelors degree or higher,35.2
2018,Downloaded files from the Internet to your computer or other devices,"Total, Internet users aged 15 years and over","Total, highest certificate, diploma or degree completed",55.6
2018,Downloaded files from the Internet to your computer or other devices,"Total, Internet users aged 15 years and over",High school or less,43.5
2018,Downloaded files from the Internet to your computer or other devices,"Total, Internet users aged 15 years and over","College, trade school or some university",51.7
2018,Downloaded files from the Internet to your computer or other devices,"Total, Internet users aged 15 years and over",Bachelors degree or higher,70.2
2018,Downloaded files from the Internet to your computer or other devices,Internet users aged 15 to 24 years,"Total, highest certificate, diploma or degree completed",69.2
2018,Downloaded files from the Internet to your computer or other devices,Internet users aged 15 to 24 years,High school or less,64.9
2018,Downloaded files from the Internet to your computer or other devices,Internet users aged 15 to 24 years,"College, trade school or some university",74.8
2018,Downloaded files from the Internet to your computer or other devices,Internet users aged 15 to 24 years,Bachelors degree or higher,81.9
2018,Downloaded files from the Internet to your computer or other devices,Internet users aged 25 to 44 years,"Total, highest certificate, diploma or degree completed",70.1
2018,Downloaded files from the Internet to your computer or other devices,Internet users aged 25 to 44 years,High school or less,53.1
2018,Downloaded files from the Internet to your computer or other devices,Internet users aged 25 to 44 years,"College, trade school or some university",65.3
2018,Downloaded files from the Internet to your computer or other devices,Internet users aged 25 to 44 years,Bachelors degree or higher,81.3
2018,Downloaded files from the Internet to your computer or other devices,Internet users aged 45 to 64 years,"Total, highest certificate, diploma or degree completed",47.0
2018,Downloaded files from the Internet to your computer or other devices,Internet users aged 45 to 64 years,High school or less,29.2
2018,Downloaded files from the Internet to your computer or other devices,Internet users aged 45 to 64 years,"College, trade school or some university",44.1
2018,Downloaded files from the Internet to your computer or other devices,Internet users aged 45 to 64 years,Bachelors degree or higher,64.1
2018,Downloaded files from the Internet to your computer or other devices,Internet users aged 65 years and over,"Total, highest certificate, diploma or degree completed",28.9
2018,Downloaded files from the Internet to your computer or other devices,Internet users aged 65 years and over,High school or less,17.1
2018,Downloaded files from the Internet to your computer or other devices,Internet users aged 65 years and over,"College, trade school or some university",27.8
2018,Downloaded files from the Internet to your computer or other devices,Internet users aged 65 years and over,Bachelors degree or higher,44.2
2018,Shared files using an online data storage space,"Total, Internet users aged 15 years and over","Total, highest certificate, diploma or degree completed",34.9
2018,Shared files using an online data storage space,"Total, Internet users aged 15 years and over",High school or less,27.1
2018,Shared files using an online data storage space,"Total, Internet users aged 15 years and over","College, trade school or some university",28.6
2018,Shared files using an online data storage space,"Total, Internet users aged 15 years and over",Bachelors degree or higher,48.2
2018,Shared files using an online data storage space,Internet users aged 15 to 24 years,"Total, highest certificate, diploma or degree completed",51.9
2018,Shared files using an online data storage space,Internet users aged 15 to 24 years,High school or less,50.7
2018,Shared files using an online data storage space,Internet users aged 15 to 24 years,"College, trade school or some university",38.8
2018,Shared files using an online data storage space,Internet users aged 15 to 24 years,Bachelors degree or higher,74.3
2018,Shared files using an online data storage space,Internet users aged 25 to 44 years,"Total, highest certificate, diploma or degree completed",48.7
2018,Shared files using an online data storage space,Internet users aged 25 to 44 years,High school or less,30.5
2018,Shared files using an online data storage space,Internet users aged 25 to 44 years,"College, trade school or some university",40.8
2018,Shared files using an online data storage space,Internet users aged 25 to 44 years,Bachelors degree or higher,62.6
2018,Shared files using an online data storage space,Internet users aged 45 to 64 years,"Total, highest certificate, diploma or degree completed",25.1
2018,Shared files using an online data storage space,Internet users aged 45 to 64 years,High school or less,11.3
2018,Shared files using an online data storage space,Internet users aged 45 to 64 years,"College, trade school or some university",23.3
2018,Shared files using an online data storage space,Internet users aged 45 to 64 years,Bachelors degree or higher,37.7
2018,Shared files using an online data storage space,Internet users aged 65 years and over,"Total, highest certificate, diploma or degree completed",9.6
2018,Shared files using an online data storage space,Internet users aged 65 years and over,High school or less,5.4
2018,Shared files using an online data storage space,Internet users aged 65 years and over,"College, trade school or some university",8.9
2018,Shared files using an online data storage space,Internet users aged 65 years and over,Bachelors degree or higher,16.2
2018,Connected a new device to a Wi-Fi network,"Total, Internet users aged 15 years and over","Total, highest certificate, diploma or degree completed",63.0
2018,Connected a new device to a Wi-Fi network,"Total, Internet users aged 15 years and over",High school or less,56.3
2018,Connected a new device to a Wi-Fi network,"Total, Internet users aged 15 years and over","College, trade school or some university",60.8
2018,Connected a new device to a Wi-Fi network,"Total, Internet users aged 15 years and over",Bachelors degree or higher,71.4
2018,Connected a new device to a Wi-Fi network,Internet users aged 15 to 24 years,"Total, highest certificate, diploma or degree completed",80.5
2018,Connected a new device to a Wi-Fi network,Internet users aged 15 to 24 years,High school or less,78.6
2018,Connected a new device to a Wi-Fi network,Internet users aged 15 to 24 years,"College, trade school or some university",82.4
2018,Connected a new device to a Wi-Fi network,Internet users aged 15 to 24 years,Bachelors degree or higher,85.5
2018,Connected a new device to a Wi-Fi network,Internet users aged 25 to 44 years,"Total, highest certificate, diploma or degree completed",77.2
2018,Connected a new device to a Wi-Fi network,Internet users aged 25 to 44 years,High school or less,74.5
2018,Connected a new device to a Wi-Fi network,Internet users aged 25 to 44 years,"College, trade school or some university",74.5
2018,Connected a new device to a Wi-Fi network,Internet users aged 25 to 44 years,Bachelors degree or higher,81.4
2018,Connected a new device to a Wi-Fi network,Internet users aged 45 to 64 years,"Total, highest certificate, diploma or degree completed",55.9
2018,Connected a new device to a Wi-Fi network,Internet users aged 45 to 64 years,High school or less,40.3
2018,Connected a new device to a Wi-Fi network,Internet users aged 45 to 64 years,"College, trade school or some university",55.4
2018,Connected a new device to a Wi-Fi network,Internet users aged 45 to 64 years,Bachelors degree or higher,69.1
2018,Connected a new device to a Wi-Fi network,Internet users aged 65 years and over,"Total, highest certificate, diploma or degree completed",30.5
2018,Connected a new device to a Wi-Fi network,Internet users aged 65 years and over,High school or less,21.7
2018,Connected a new device to a Wi-Fi network,Internet users aged 65 years and over,"College, trade school or some university",32.3
2018,Connected a new device to a Wi-Fi network,Internet users aged 65 years and over,Bachelors degree or higher,38.8
2018,Used the Internet to transfer photos or videos from one device to another,"Total, Internet users aged 15 years and over","Total, highest certificate, diploma or degree completed",56.1
2018,Used the Internet to transfer photos or videos from one device to another,"Total, Internet users aged 15 years and over",High school or less,48.9
2018,Used the Internet to transfer photos or videos from one device to another,"Total, Internet users aged 15 years and over","College, trade school or some university",54.0
2018,Used the Internet to transfer photos or videos from one device to another,"Total, Internet users aged 15 years and over",Bachelors degree or higher,64.6
2018,Used the Internet to transfer photos or videos from one device to another,Internet users aged 15 to 24 years,"Total, highest certificate, diploma or degree completed",72.1
2018,Used the Internet to transfer photos or videos from one device to another,Internet users aged 15 to 24 years,High school or less,72.6
2018,Used the Internet to transfer photos or videos from one device to another,Internet users aged 15 to 24 years,"College, trade school or some university",63.4
2018,Used the Internet to transfer photos or videos from one device to another,Internet users aged 15 to 24 years,Bachelors degree or higher,79.6
2018,Used the Internet to transfer photos or videos from one device to another,Internet users aged 25 to 44 years,"Total, highest certificate, diploma or degree completed",66.9
2018,Used the Internet to transfer photos or videos from one device to another,Internet users aged 25 to 44 years,High school or less,53.6
2018,Used the Internet to transfer photos or videos from one device to another,Internet users aged 25 to 44 years,"College, trade school or some university",64.9
2018,Used the Internet to transfer photos or videos from one device to another,Internet users aged 25 to 44 years,Bachelors degree or higher,74.3
2018,Used the Internet to transfer photos or videos from one device to another,Internet users aged 45 to 64 years,"Total, highest certificate, diploma or degree completed",48.3
2018,Used the Internet to transfer photos or videos from one device to another,Internet users aged 45 to 64 years,High school or less,35.1
2018,Used the Internet to transfer photos or videos from one device to another,Internet users aged 45 to 64 years,"College, trade school or some university",49.1
2018,Used the Internet to transfer photos or videos from one device to another,Internet users aged 45 to 64 years,Bachelors degree or higher,57.4
2018,Used the Internet to transfer photos or videos from one device to another,Internet users aged 65 years and over,"Total, highest certificate, diploma or degree completed",33.7
2018,Used the Internet to transfer photos or videos from one device to another,Internet users aged 65 years and over,High school or less,22.8
2018,Used the Internet to transfer photos or videos from one device to another,Internet users aged 65 years and over,"College, trade school or some university",36.1
2018,Used the Internet to transfer photos or videos from one device to another,Internet users aged 65 years and over,Bachelors degree or higher,45.0
2018,Used your smartphone as a GPS device for directions,"Total, Internet users aged 15 years and over","Total, highest certificate, diploma or degree completed",69.3
2018,Used your smartphone as a GPS device for directions,"Total, Internet users aged 15 years and over",High school or less,60.8
2018,Used your smartphone as a GPS device for directions,"Total, Internet users aged 15 years and over","College, trade school or some university",68.9
2018,Used your smartphone as a GPS device for directions,"Total, Internet users aged 15 years and over",Bachelors degree or higher,77.2
2018,Used your smartphone as a GPS device for directions,Internet users aged 15 to 24 years,"Total, highest certificate, diploma or degree completed",80.4
2018,Used your smartphone as a GPS device for directions,Internet users aged 15 to 24 years,High school or less,78.7
2018,Used your smartphone as a GPS device for directions,Internet users aged 15 to 24 years,"College, trade school or some university",81.9
2018,Used your smartphone as a GPS device for directions,Internet users aged 15 to 24 years,Bachelors degree or higher,86.0
2018,Used your smartphone as a GPS device for directions,Internet users aged 25 to 44 years,"Total, highest certificate, diploma or degree completed",84.0
2018,Used your smartphone as a GPS device for directions,Internet users aged 25 to 44 years,High school or less,76.8
2018,Used your smartphone as a GPS device for directions,Internet users aged 25 to 44 years,"College, trade school or some university",82.5
2018,Used your smartphone as a GPS device for directions,Internet users aged 25 to 44 years,Bachelors degree or higher,88.5
2018,Used your smartphone as a GPS device for directions,Internet users aged 45 to 64 years,"Total, highest certificate, diploma or degree completed",66.0
2018,Used your smartphone as a GPS device for directions,Internet users aged 45 to 64 years,High school or less,52.5
2018,Used your smartphone as a GPS device for directions,Internet users aged 45 to 64 years,"College, trade school or some university",67.5
2018,Used your smartphone as a GPS device for directions,Internet users aged 45 to 64 years,Bachelors degree or higher,74.8
2018,Used your smartphone as a GPS device for directions,Internet users aged 65 years and over,"Total, highest certificate, diploma or degree completed",33.8
2018,Used your smartphone as a GPS device for directions,Internet users aged 65 years and over,High school or less,24.4
2018,Used your smartphone as a GPS device for directions,Internet users aged 65 years and over,"College, trade school or some university",35.2
2018,Used your smartphone as a GPS device for directions,Internet users aged 65 years and over,Bachelors degree or higher,42.8
2018,Connected a new device via Bluetooth,"Total, Internet users aged 15 years and over","Total, highest certificate, diploma or degree completed",58.2
2018,Connected a new device via Bluetooth,"Total, Internet users aged 15 years and over",High school or less,52.8
2018,Connected a new device via Bluetooth,"Total, Internet users aged 15 years and over","College, trade school or some university",56.2
2018,Connected a new device via Bluetooth,"Total, Internet users aged 15 years and over",Bachelors degree or higher,64.9
2018,Connected a new device via Bluetooth,Internet users aged 15 to 24 years,"Total, highest certificate, diploma or degree completed",75.4
2018,Connected a new device via Bluetooth,Internet users aged 15 to 24 years,High school or less,75.7
2018,Connected a new device via Bluetooth,Internet users aged 15 to 24 years,"College, trade school or some university",69.0
2018,Connected a new device via Bluetooth,Internet users aged 15 to 24 years,Bachelors degree or higher,81.1
2018,Connected a new device via Bluetooth,Internet users aged 25 to 44 years,"Total, highest certificate, diploma or degree completed",71.2
2018,Connected a new device via Bluetooth,Internet users aged 25 to 44 years,High school or less,62.9
2018,Connected a new device via Bluetooth,Internet users aged 25 to 44 years,"College, trade school or some university",69.6
2018,Connected a new device via Bluetooth,Internet users aged 25 to 44 years,Bachelors degree or higher,76.4
2018,Connected a new device via Bluetooth,Internet users aged 45 to 64 years,"Total, highest certificate, diploma or degree completed",52.3
2018,Connected a new device via Bluetooth,Internet users aged 45 to 64 years,High school or less,41.2
2018,Connected a new device via Bluetooth,Internet users aged 45 to 64 years,"College, trade school or some university",53.0
2018,Connected a new device via Bluetooth,Internet users aged 45 to 64 years,Bachelors degree or higher,60.2
2018,Connected a new device via Bluetooth,Internet users aged 65 years and over,"Total, highest certificate, diploma or degree completed",25.8
2018,Connected a new device via Bluetooth,Internet users aged 65 years and over,High school or less,18.5
2018,Connected a new device via Bluetooth,Internet users aged 65 years and over,"College, trade school or some university",27.1
2018,Connected a new device via Bluetooth,Internet users aged 65 years and over,Bachelors degree or higher,32.4
